1,A. Robinson 23/24,Fulham,26,0.372,0.545,0.846,0.963,0.718,0.798,0.795,3703
2,Diogo Dalot 23/24,Man United,25,0.701,0.276,0.286,0.576,0.358,0.451,0.278,3590
3,T. Mitchell 23/24,Crystal Palace,24,0.524,0.466,0.639,0.92,0.983,0.447,0.048,3574
4,G. Di Lorenzo 23/24,Napoli,30,0.293,0.716,0.99,0.254,0.92,0.223,0.632,3535
5,Emerson Palmieri 23/24,West Ham,29,0.533,0.12,0.228,0.646,0.771,0.709,0.668,3506
6,Pedro Porro 23/24,Tottenham,24,0.04,0.802,0.668,0.87,0.187,0.379,0.199,3505
7,E. Konsa 23/24,Aston Villa,26,0.372,0.031,0.112,0.098,0.709,0.961,0.156,3498
8,V. Coufal 23/24,West Ham,31,0.704,0.716,0.603,0.766,0.158,0.889,0.543,3487
9,Carlos Neva 23/24,Granada,27,0.745,0.12,0.73,0.576,0.836,0.745,0.175,3485
10,Nélson Semedo 23/24,Wolverhampton,30,0.144,0.12,0.497,0.608,0.423,0.204,0.858,3461
11,Miguel Gutiérrez 23/24,Girona,22,0.838,0.944,0.206,0.122,0.223,0.456,0.586,3380
12,A. Marušić 23/24,Lazio,31,0.935,0.031,0.524,0.084,0.286,0.387,0.194,3355
13,Óscar Mingueza 23/24,Celta de Vigo,25,0.406,0.716,0.927,0.343,0.418,0.103,0.725,3351
14,B. White 23/24,Arsenal,26,0.346,0.605,0.675,0.245,0.206,0.822,0.158,3347
15,V. Gendrey 23/24,Lecce,23,0.365,0.074,0.545,0.701,0.737,0.834,0.497,3318
16,R. Bellanova 23/24,Torino,24,0.822,0.802,0.437,0.014,0.346,0.612,0.961,3256
17,Bernardo 23/24,Bochum,29,0.625,0.012,0.694,0.995,0.932,0.925,0.093,3245
18,K. Lala 23/24,Brest,32,0.576,0.656,0.973,0.584,0.915,0.081,0.497,3243
19,B. Locko 23/24,Brest,22,0.807,0.12,0.487,0.745,0.884,0.605,0.908,3238
20,J. Koundé 23/24,Barcelona,25,0.372,0.201,0.899,0.264,0.646,0.879,0.704,3233
21,A. Doughty 23/24,Luton Town,24,0.56,0.956,0.415,0.283,0.105,0.295,0.783,3213
22,I. Balliu 23/24,Rayo Vallecano,32,0.153,0.276,0.413,0.163,0.826,0.495,0.384,3170
23,J. Bogle 23/24,Sheffield United,23,0.074,0.031,0.04,0.781,0.201,0.887,0.338,3147
24,Andoni Gorosabel 23/24,Deportivo Alavés,27,0.223,0.276,0.192,0.62,0.764,0.177,0.391,3140
25,Sergi Cardona 23/24,Las Palmas,24,0.346,0.466,0.87,0.971,0.557,0.8,0.557,3131
26,K. Walker 23/24,Man City,33,0.588,0.375,0.54,0.057,0.61,0.949,0.819,3099
27,D. Burn 23/24,Newcastle United,32,0.435,0.031,0.199,0.822,0.706,0.973,0.016,3073
28,Theo Hernández 23/24,Milan,26,0.632,0.656,0.574,0.201,0.699,0.966,0.971,3067
29,Alex Grimaldo 23/24,Bayer Leverkusen,28,0.562,0.985,0.48,0.06,0.514,0.278,0.61,3013
30,D. Bradarić 23/24,Salernitana,24,0.319,0.201,0.362,0.134,0.524,0.189,0.661,3007
31,T. Castagne 23/24,Fulham,28,0.329,0.276,0.475,0.699,0.456,0.793,0.269,2991
32,J. Föhrenbach 23/24,Heidenheim,28,0.55,0.12,0.742,0.324,0.8,0.788,0.312,2978
33,Iza Carcelén 23/24,Cádiz,31,0.603,0.201,0.125,0.62,0.798,0.216,0.084,2950
34,M. Udol 23/24,Metz,28,0.718,0.466,0.274,0.915,0.512,0.435,0.432,2942
35,A. Sanganté 23/24,Le Havre,22,0.262,0.031,0.536,0.687,0.401,0.343,0.105,2936
36,Jesús Areso 23/24,Osasuna,24,0.692,0.545,0.367,0.471,0.841,0.956,0.769,2924
37,D. Raum 23/24,RB Leipzig,26,0.331,0.975,0.93,0.237,0.367,0.75,0.199,2921
38,M. Bard 23/24,Nice,23,0.86,0.276,0.406,0.762,0.668,0.495,0.668,2886
39,G. Zappa 23/24,Cagliari,24,0.341,0.774,0.853,0.449,0.598,0.367,0.245,2842
40,Diego Rico 23/24,Getafe,31,0.939,0.774,0.949,0.858,0.331,0.843,0.134,2817
41,Álex Suárez 23/24,Las Palmas,31,0.021,0.012,0.384,0.384,0.87,0.521,0.021,2817
42,Javi Hernández 23/24,Cádiz,26,0.663,0.605,0.531,0.507,0.699,0.579,0.423,2816
43,M. Weiser 23/24,Werder Bremen,30,0.911,0.829,0.841,0.372,0.295,0.062,0.798,2803
44,Neto Borges 23/24,Clermont,27,0.228,0.276,0.326,0.639,0.562,0.31,0.576,2799
45,V. Mykolenko 23/24,Everton,24,0.49,0.12,0.348,0.838,0.822,0.543,0.04,2776
46,João Cancelo 23/24,Barcelona,30,0.473,0.829,0.444,0.403,0.427,0.771,0.951,2758
47,A. Espino 23/24,Rayo Vallecano,32,0.584,0.466,0.829,0.966,0.846,0.125,0.245,2755
48,B. Henrichs 23/24,RB Leipzig,27,0.247,0.716,0.781,0.588,0.954,0.612,0.519,2754
49,F. Guilbert 23/24,Strasbourg,29,0.569,0.276,0.646,0.985,0.802,0.521,0.286,2749
50,J. Maehle 23/24,Wolfsburg,27,0.209,0.545,0.509,0.531,0.747,0.593,0.918,2738
51,L. Digne 23/24,Aston Villa,30,0.483,0.87,0.293,0.204,0.233,0.927,0.23,2733
52,D. Udogie 23/24,Tottenham,21,0.009,0.375,0.028,0.673,0.466,0.314,0.831,2701
53,Ismaily 23/24,Lille,34,0.86,0.12,0.37,0.742,0.526,0.81,0.911,2694
54,A. Gallo 23/24,Lecce,24,0.887,0.829,0.913,0.6,0.711,0.334,0.86,2678
55,C. Operi 23/24,Le Havre,27,0.25,0.829,0.855,0.836,0.603,0.992,0.423,2670
56,P. Kadeřábek 23/24,Hoffenheim,32,0.735,0.891,0.735,0.062,0.021,0.533,0.144,2654
57,Javi López 23/24,Deportivo Alavés,22,0.411,0.656,0.586,0.298,0.656,0.447,0.391,2648
58,C. Taylor 23/24,Burnley,30,0.254,0.201,0.37,0.411,0.062,0.906,0.165,2628
59,T. Augello 23/24,Cagliari,29,0.206,0.656,0.87,0.252,0.18,0.769,0.682,2612
60,M. Darmian 23/24,Internazionale,34,0.98,0.276,0.338,0.269,0.343,0.591,0.069,2599
61,S. Posch 23/24,Bologna,27,0.584,0.276,0.985,0.665,0.533,0.528,0.367,2598
62,Vitinho 23/24,Burnley,24,0.055,0.12,0.048,0.475,0.067,0.362,0.651,2596
63,G. Suazo 23/24,Toulouse,26,0.889,0.802,0.56,0.754,0.485,0.461,0.216,2594
64,Tiago Santos 23/24,Lille,21,0.519,0.545,0.139,0.43,0.75,0.112,0.956,2593
65,O. Traorè 23/24,Heidenheim,26,0.646,0.466,0.487,0.564,0.213,0.526,0.661,2592
66,J. Gvardiol 23/24,Man City,22,0.043,0.201,0.692,0.492,0.882,0.406,0.802,2583
67,S. Sabelli 23/24,Genoa,31,0.62,0.375,0.56,0.3,0.293,0.125,0.637,2581
68,A. Caci 23/24,Mainz 05,26,0.814,0.375,0.911,0.528,0.925,0.5,0.194,2579
69,Ricard Sánchez 23/24,Granada,24,0.29,0.375,0.274,0.269,0.615,0.579,0.697,2564
70,F. Honorat 23/24,Borussia M'gladbach,27,0.759,1,0.536,0.004,0.108,0.35,0.927,2555
71,R. Aït-Nouri 23/24,Wolverhampton,22,0.137,0.201,0.055,0.5,0.627,0.206,0.855,2555
72,H. Traoré 23/24,Real Sociedad,32,0.658,0.201,0.653,0.362,0.456,0.61,0.326,2540
73,K. Trippier 23/24,Newcastle United,33,0.829,0.997,0.997,0.802,0.144,0.612,0.23,2537
74,A. Young 23/24,Everton,38,0.413,0.466,0.627,0.454,0.384,0.074,0.211,2526
75,Yan Couto 23/24,Girona,21,0.516,0.774,0.247,0.185,0.298,0.069,0.987,2525
76,M. Ruggeri 23/24,Atalanta,21,0.853,0.605,0.798,0.384,0.838,0.612,0.391,2521
77,A. Cambiaso 23/24,Juventus,24,0.531,0.829,0.045,0.112,0.12,0.576,0.872,2510
78,V. Kristiansen 23/24,Bologna,21,0.783,0.375,0.795,0.305,0.36,0.836,0.221,2504
79,R. Gosens 23/24,Union Berlin,29,0.923,0.201,0.67,0.687,0.716,0.915,0.06,2503
80,Óscar De Marcos 23/24,Athletic Bilbao,35,0.466,0.716,0.961,0.334,0.3,0.579,0.401,2485
81,J. Scally 23/24,Borussia M'gladbach,21,0.5,0.074,0.449,0.377,0.189,0.608,0.36,2478
82,C. Biraghi 23/24,Fiorentina,31,0.774,0.913,0.937,0.158,0.146,0.213,0.625,2477
83,H. Ito 23/24,Stuttgart,25,0.99,0.276,0.954,0.194,0.721,0.716,0.103,2473
84,M. Cash 23/24,Aston Villa,26,0.394,0.466,0.213,0.572,0.149,0.612,0.615,2461
85,L. Netz 23/24,Borussia M'gladbach,21,0.605,0.656,0.394,0.29,0.161,0.528,0.55,2453
86,Clinton Mata 23/24,Olympique Lyonnais,31,0.875,0.12,0.706,0.93,0.572,0.742,0.487,2426
87,A. Smith 23/24,Bournemouth,33,0.973,0.201,0.257,0.733,0.778,0.355,0.038,2418
88,P. Frankowski 23/24,Lens,29,0.622,0.802,0.588,0.411,0.079,0.086,0.637,2418
89,T. Alexander-Arnold 23/24,Liverpool,25,0.721,0.913,1,0.264,0.379,0.824,0.322,2407
90,H. Kamara 23/24,Udinese,30,0.865,0.466,0.156,0.473,0.324,0.956,0.838,2403
91,Dani Carvajal 23/24,Real Madrid,32,0.492,0.605,0.11,0.365,0.132,0.403,0.129,2396
92,J. Frimpong 23/24,Bayer Leverkusen,23,0.435,0.913,0.016,0.016,0.173,0.12,0.985,2389
93,Thierry Correia 23/24,Valencia,25,0.829,0.466,0.822,0.848,0.713,0.161,0.346,2389
94,D. Calabria 23/24,Milan,27,0.716,0.201,0.61,0.812,0.567,0.278,0.456,2384
95,M. Senaya 23/24,Strasbourg,23,0.432,0.605,0.415,0.954,0.944,0.911,0.6,2373
96,A. Truffert 23/24,Rennes,22,0.112,0.605,0.461,0.35,0.281,0.43,0.646,2351
97,M. Mittelstädt 23/24,Stuttgart,27,0.838,0.913,0.774,0.884,0.617,0.706,0.906,2347
98,J. Doig 23/24,Sassuolo,22,0.161,0.375,0.204,0.668,0.887,0.456,0.651,2337
99,N. Tagliafico 23/24,Olympique Lyonnais,31,0.076,0.031,0.274,0.5,0.411,0.6,0.105,2289
100,J. Toljan 23/24,Sassuolo,29,0.1,0.201,0.286,0.069,0.141,0.067,0.271,2282
101,J. Kimmich 23/24,Bayern München,29,0.817,0.956,0.867,0.12,0.247,0.016,0.661,2280
102,C. Ogbene 23/24,Luton Town,27,0.435,0.87,0.036,0.038,0.937,0.439,0.992,2265
103,M. Roerslev 23/24,Brentford,24,0.663,0.545,0.139,0.319,0.639,0.274,0.024,2263
104,K. Mbabu 23/24,Augsburg,29,0.538,0.774,0.596,0.468,0.401,0.978,0.841,2259
105,Samuel Lino 23/24,Atlético Madrid,24,0.134,0.891,0.076,0.593,0.43,0.259,0.997,2250
106,J. Clauss 23/24,Olympique Marseille,31,0.23,0.906,0.966,0.55,0.721,0.237,0.689,2243
107,A. Davies 23/24,Bayern München,23,0.372,0.466,0.322,0.348,0.411,0.997,0.99,2239
108,J. Mojica 23/24,Osasuna,31,0.783,0.656,0.817,0.423,0.471,0.612,0.548,2239
109,J. Ward 23/24,Crystal Palace,34,0.237,0,0.293,0.682,0.439,0.54,0.134,2233
110,R. Baku 23/24,Wolfsburg,26,0.867,0.545,0.564,0.454,0.288,0.247,0.367,2230
111,Rubén Peña 23/24,Osasuna,32,0.819,0.829,0.675,0.637,0.509,0.084,0.781,2226
112,T. Delaine 23/24,Strasbourg,32,0.221,0.716,0.25,0.5,0.331,0.552,0.752,2225
113,Íñigo Lekue 23/24,Athletic Bilbao,31,0.512,0.074,0.769,0.656,0.865,0.5,0.637,2212
114,Jesús Navas 23/24,Sevilla,38,0.413,0.545,0.848,0.286,0.786,0.199,0.86,2203
115,S. Birindelli 23/24,Monza,24,0.879,0.716,0.504,0.1,0.009,0.247,0.882,2198
116,M. Kerkez 23/24,Bournemouth,20,0.723,0.201,0.137,0.762,0.411,0.564,0.685,2194
117,V. Lazaro 23/24,Torino,28,0.649,0.716,0.762,0,0.002,0.341,0.651,2187
118,F. Dimarco 23/24,Internazionale,26,0.781,0.995,0.891,0.076,0.906,0.036,0.651,2185
119,Q. Merlin 23/24,Olympique Marseille,22,0.473,0.605,0.978,0.725,0.687,0.18,0.742,2140
120,M. Kayode 23/24,Fiorentina,19,0.903,0.466,0.701,0.24,0.879,0.824,0.524,2130
121,Yuri Berchiche 23/24,Athletic Bilbao,34,0.526,0.276,0.757,0.675,0.634,0.841,0.336,2117
122,A. Hakimi 23/24,PSG,25,0.177,0.913,0.951,0.377,0.651,0.278,0.978,2116
123,L. Cacace 23/24,Empoli,23,0.069,0.375,0.639,0.543,0.444,0.394,0.814,2116
124,R. Aguilar 23/24,Lens,31,0.54,0.716,0.682,0.668,0.939,0.372,0.576,2110
125,J. Dina Ebimbe 23/24,Eintracht Frankfurt,23,0.346,0.545,0.228,0.165,0.028,0.913,0.74,2105
126,P. Mwene 23/24,Mainz 05,30,0.884,0.545,0.608,0.274,0.406,0.192,0.802,2095
127,Rubén Duarte 23/24,Deportivo Alavés,28,0.605,0.375,0.543,0.701,0.875,0.612,0.052,2092
128,D. Foulquier 23/24,Valencia,31,0.435,0.201,0.61,0.189,0.733,0.086,0.557,2092
129,E. Gyasi 23/24,Empoli,30,0.209,0.276,0,0.088,0.137,0.122,0.052,2088
130,J. Gomez 23/24,Liverpool,26,0.052,0.201,0.257,0.495,0.091,0.812,0.831,2068
131,L. Hernández 23/24,PSG,28,0.076,0.375,0.887,0.682,0.372,0.466,0.473,2066
132,Marc Pubill 23/24,Almería,20,0.125,0.201,0.223,0.805,0.802,0.918,0.786,2062
133,Juan Miranda 23/24,Real Betis,24,0.293,0.375,0.865,0.603,0.538,0.483,0.149,2043
134,N. Molina 23/24,Atlético Madrid,26,0.581,0.656,0.814,0.319,0.552,0.319,0.365,2029
135,L. Colwill 23/24,Chelsea,21,0.05,0.012,0.615,0.572,0.341,0.939,0.49,2029
136,K. Sildillia 23/24,Freiburg,21,0.632,0.276,0.788,0.901,0.81,0.536,0.338,2024
137,Manu Sánchez 23/24,Celta de Vigo,23,0.783,0.716,0.266,0.951,0.759,0.043,0.524,2011
138,D. Zappacosta 23/24,Atalanta,31,0.891,0.466,0.389,0.276,0.237,0.112,0.826,2010
139,Marc Cucurella 23/24,Chelsea,25,0.278,0.276,0.132,0.937,0.819,0.612,0.346,2007
140,A. Wan-Bissaka 23/24,Man United,26,0.543,0.375,0.105,0.757,0.259,0.552,0.346,2004
141,T. De Smet 23/24,Reims,25,0.086,0.074,0.62,0.735,0.49,0.11,0.29,2001
142,M. Colin 23/24,Metz,32,0.649,0.031,0.495,0.656,0.956,0.949,0.189,1995
143,T. Foket 23/24,Reims,29,0.706,0.201,0.269,0.418,0.266,0.206,0.295,1992
144,Adrià Pedrosa 23/24,Sevilla,26,0.326,0.656,0.336,0.709,0.591,0.125,0.456,1989
145,José Gayá 23/24,Valencia,29,0.341,0.466,0.588,0.651,0.865,0.567,0.6,1989
146,M. Bader 23/24,Darmstadt 98,26,0.408,0.545,0.584,0.588,0.786,0.237,0.36,1976
147,J. Lotomba 23/24,Nice,25,0.737,0.12,0.067,0.35,0.935,0.862,0.432,1971
148,M. Pedersen 23/24,Augsburg,27,0.36,0.466,0.233,0.735,0.913,0.141,0.769,1967
149,J. Ryerson 23/24,Borussia Dortmund,26,0.259,0.605,0.086,0.29,0.853,0.125,0.704,1958
150,Malo Gusto 23/24,Chelsea,21,0.882,0.891,0.752,0.891,0.353,0.009,0.944,1950
151,O. Zinchenko 23/24,Arsenal,27,0.269,0.605,0.939,0.206,0.725,0.858,0.401,1936
152,Aurélio Buta 23/24,Eintracht Frankfurt,27,0.266,0.12,0.572,0.225,0.235,0.8,0.576,1931
153,R. Kristensen 23/24,Roma,26,0.182,0.12,0.442,0.216,0.42,0.896,0.129,1930
154,E. Karic 23/24,Darmstadt 98,26,0.925,0.276,0.939,0.75,0.812,0.98,0.802,1927
155,I. Kaboré 23/24,Luton Town,23,0.365,0.276,0.12,0.608,0.163,0.795,0.6,1927
156,Carlos Augusto 23/24,Internazionale,25,0.42,0.466,0.233,0.29,0.942,0.908,0.536,1922
157,A. Florenzi 23/24,Milan,33,0.737,0.968,0.764,0.545,0.387,0.069,0.326,1922
158,A. Robertson 23/24,Liverpool,30,0.161,0.987,0.923,0.141,0.622,0.612,0.899,1918
159,F. Kostić 23/24,Juventus,31,0.468,0.975,0.716,0.334,0.475,0.17,0.875,1918
160,Sergio Akieme 23/24,Almería,26,0.713,0.716,0.064,0.141,0.997,0.319,0.266,1905
161,J. Tchatchoua 23/24,Hellas Verona,22,0.737,0.605,0.262,0.718,0.406,0.838,0.569,1900
162,Jaume Costa 23/24,Mallorca,36,0.728,0.276,0.403,0.17,0.665,0.471,0.519,1897
163,Héctor Bellerín 23/24,Real Betis,29,0.137,0.375,0.461,0.403,0.288,0.221,0.442,1893
164,N. Williams 23/24,Nottingham Forest,23,0.389,0.375,0.194,0.987,0.31,0.764,0.625,1890
165,O. Aina 23/24,Nottingham Forest,27,0.649,0.375,0.218,0.709,0.682,0.471,0.829,1881
166,B. Diakité 23/24,Lille,23,0,0.074,0.593,0.192,0.817,0.899,0.401,1874
167,F. Ebosele 23/24,Udinese,21,0.663,0.716,0.004,0.377,0.115,0.423,0.983,1867
168,Juan Cruz 23/24,Osasuna,31,0.161,0.012,0.516,0.084,0.194,0.927,0.06,1864
169,F. Mendy 23/24,Real Madrid,28,0.069,0.031,0.096,0.043,0.656,0.8,0.134,1863
170,P. Mazzocchi 23/24,Napoli,28,0.663,0.276,0.379,0.276,0.242,0.262,0.896,1854
171,Igor Julio 23/24,Brighton,26,0.435,0.074,0.819,0.427,0.084,0.949,0.735,1848
172,K. Laimer 23/24,Bayern München,26,0.783,0.802,0.406,0.814,0.918,0.144,0.915,1841
173,M. Finkgräfe 23/24,Köln,20,0.151,0.466,0.264,0.903,0.689,0.593,0.884,1839
174,G. Kyriakopoulos 23/24,Monza,28,0.855,0.656,0.682,0.122,0.516,0.052,0.925,1838
175,J. Veltman 23/24,Brighton,32,0.016,0.074,0.427,0.519,0.274,0.685,0.182,1834
176,C. Trimmel 23/24,Union Berlin,37,0.942,0.906,0.925,0.11,0.033,0.612,0.122,1823
177,M. Lazzari 23/24,Lazio,30,0.401,0.466,0.081,0.045,0.012,0.144,0.968,1822
178,M. Pedersen 23/24,Sassuolo,23,0.487,0.276,0.146,0.24,0.168,0.052,0.843,1803
179,Iago 23/24,Augsburg,27,0.985,0.276,0.55,0.826,0.581,0.423,0.509,1801
180,R. Carstensen 23/24,Köln,23,0.103,0.774,0.283,0.918,0.5,0.391,0.509,1800
181,L. Kelly 23/24,Bournemouth,25,0.372,0.201,0.548,0.627,0.901,0.754,0.043,1793
182,D. Dumfries 23/24,Internazionale,28,0.663,0.968,0.242,0.129,0.612,0.877,0.588,1788
183,Vanderson 23/24,Monaco,22,0.048,0.829,0.627,0.99,0.139,0.185,0.588,1784
184,Lucas Pires 23/24,Cádiz,23,0.783,0.656,0.36,0.48,0.56,0.737,0.165,1761
185,Kiko Femenía 23/24,Villarreal,33,0.233,0.201,0.836,0.793,0.153,0.483,0.528,1747
186,P. Dorgu 23/24,Lecce,19,0.423,0.605,0.05,0.709,0.625,0.675,0.401,1736
187,Y. Salmier 23/24,Le Havre,31,0.663,0.074,0.317,0.391,0.783,0.846,0.23,1734
188,P. Ciurria 23/24,Monza,29,0.769,0.829,0.67,0.076,0.182,0.319,0.588,1733
189,M. Desler 23/24,Toulouse,29,0.127,0.375,0.17,0.329,0.423,0.968,0.173,1713
190,Sergio Reguilón 23/24,Brentford,27,0.826,0.932,0.721,0.961,0.348,0.161,0.762,1710
191,M. Olivera 23/24,Napoli,26,0.956,0.12,0.79,0.867,0.949,0.701,0.634,1706
192,Toni Lato 23/24,Mallorca,26,0.783,0.466,0.394,0.396,0.901,0.086,0.245,1697
193,Rodrigo Riquelme 23/24,Atlético Madrid,24,0.112,0.87,0.129,0.228,0.262,0.014,0.98,1692
194,H. Toffolo 23/24,Nottingham Forest,28,0.843,0.375,0.175,0.853,0.786,0.774,0.007,1673
195,T. Le Bris 23/24,Lorient,21,0.033,0.545,0.086,0.661,0.961,0.266,0.879,1666
196,F. Nürnberger 23/24,Darmstadt 98,24,0.762,0.716,0.564,0.064,0.122,0.783,0.762,1659
197,F. Agu 23/24,Werder Bremen,24,0.37,0.031,0.096,0.343,0.682,0.516,0.377,1645
198,J. Cabal 23/24,Hellas Verona,23,0.112,0.031,0.838,0.942,0.584,0.985,0.312,1645
199,J. Araujo 23/24,Las Palmas,22,0.783,0.276,0.435,0.79,0.793,0.824,0.112,1633
200,Pablo Maffeo 23/24,Mallorca,26,0.723,0.545,0.468,0.288,0.319,0.612,0.557,1629
201,Alberto Moreno 23/24,Villarreal,31,0.504,0.466,0.512,0.358,0.074,0.076,0.185,1626
202,M. Coco 23/24,Nantes,27,0.122,0.12,0.233,0.817,0.194,0.56,0.497,1624
203,D. Muñoz 23/24,Crystal Palace,27,0.064,0.802,0.108,0.944,0.199,0.612,0.326,1613
204,F. Parisi 23/24,Fiorentina,23,0.562,0.545,0.754,0.612,0.394,0.319,0.894,1612
205,I. Sylla 23/24,Montpellier,30,0.579,0.466,0.471,0.634,0.204,0.406,0.384,1611
206,I. Jakobs 23/24,Monaco,24,0.293,0.774,0.48,0.531,0.449,0.819,0.454,1604
207,Abner 23/24,Real Betis,23,0.161,0.276,0.271,0.778,0.117,0.728,0.031,1597
208,A. Maitland-Niles 23/24,Olympique Lyonnais,26,0.016,0.466,0.223,0.483,0.908,0.406,0.276,1586
209,Lucas Vázquez 23/24,Real Madrid,32,0.754,0.956,0.487,0.728,0.646,0.247,0.615,1585
210,B. Osborn 23/24,Sheffield United,29,0.254,0.12,0.151,0.105,0.076,0.004,0.093,1581
211,J. Belocian 23/24,Rennes,19,0.963,0.012,0.242,0.389,0.543,0.233,0.093,1580
212,Alejandro Balde 23/24,Barcelona,20,0.161,0.466,0.04,0.024,0.889,0.814,0.975,1566
213,Juan Iglesias 23/24,Getafe,25,0.399,0.201,0.663,0.889,0.274,0.574,0.158,1561
214,N. Zortea 23/24,Frosinone,24,0.872,0.829,0.524,0.18,0.48,0.103,0.766,1558
215,Fran García 23/24,Real Madrid,24,0.485,0.375,0.209,0.661,0.769,0.225,0.814,1557
216,F. Sacko 23/24,Montpellier,29,0.331,0.276,0.427,0.576,0.432,0.406,0.516,1543
217,M. Vojvoda 23/24,Torino,29,0.764,0.656,0.956,0.134,0.103,0.125,0.668,1539
218,M. Bülter 23/24,Hoffenheim,31,0.478,0.87,0.646,0.036,0.447,0.257,0.875,1526
219,T. Livramento 23/24,Newcastle United,21,0.199,0.201,0.072,0.54,0.5,0.612,0.812,1525
220,O. Deman 23/24,Werder Bremen,24,0.598,0.201,0.706,0.538,0.093,0.612,0.295,1520
221,José Ángel Carmona 23/24,Getafe,22,0.834,0.12,0.081,0.675,0.254,0.461,0.295,1510
222,F. Terracciano 23/24,Milan,21,0.663,0.466,0.786,0.675,0.331,0.862,0.819,1510
223,Aarón Martín 23/24,Genoa,27,0.81,0.932,0.341,0.004,0,0.108,0.338,1506
224,V. Lindelöf 23/24,Man United,29,0,0.012,0.18,0.459,0.221,0.545,0.117,1483
225,P. Max 23/24,Eintracht Frankfurt,30,0.877,0.774,0.639,0.108,0.911,0.096,0.175,1480
226,D. Suárez 23/24,Getafe,36,0.959,0.375,0.723,0.394,0.528,0.882,0.199,1474
227,N. Nkounkou 23/24,Eintracht Frankfurt,23,0.317,0.716,0.908,0.855,0.096,0.387,0.959,1473
228,J. Duverne 23/24,Nantes,26,0.435,0,0.617,0.848,0.165,0.199,0.401,1455
229,Dango Ouattara 23/24,Bournemouth,22,0.322,0.12,0.18,0.639,0.971,0.48,0.889,1450
230,B. Méndez 23/24,Granada,24,0.891,0,0.75,0.932,0.975,0.593,0.014,1450
231,L. Spinazzola 23/24,Roma,31,0.915,0.829,0.79,0.031,0.639,0.036,1,1434
232,J. Juranović 23/24,Union Berlin,28,0.346,0.968,0.653,0.245,0.584,0.028,0.305,1426
233,M. Acuña 23/24,Sevilla,32,0.951,0.956,0.913,0.411,0.99,0.471,0.473,1425
234,G. Gudmundsson 23/24,Lille,25,0.153,0.466,0.002,0.276,0.728,0.153,0.769,1414
235,G. Doué 23/24,Rennes,21,0.435,0.545,0.764,0.653,0.848,0.685,0.935,1410
236,T. Weah 23/24,Juventus,24,0.322,0.545,0.024,0.04,0.237,0.278,0.716,1402
237,M. Aarons 23/24,Bournemouth,24,0.435,0.375,0.144,0.221,0.218,0.028,0.588,1398
238,R. Skov 23/24,Hoffenheim,28,0.31,0.656,0.877,0.173,0.055,0.853,0.528,1393
239,P. Estupiñán 23/24,Brighton,26,0.225,0.944,0.725,0.627,0.225,0.5,0.843,1391
240,Emerson Royal 23/24,Tottenham,25,0.06,0.201,0.05,0.831,0.11,0.264,0.144,1388
241,L. Assignon 23/24,Burnley,23,0.098,0.87,0.06,0.846,0.781,0.612,0.536,1380
242,M. Doherty 23/24,Wolverhampton,32,0.435,0.276,0.134,0.783,0.704,0.781,0.069,1378
243,Arnau Martínez 23/24,Girona,21,0.992,0.276,0.473,0.437,0.355,0.1,0.574,1374
244,K. Diatta 23/24,Monaco,25,0.569,0.716,0.776,0.555,0.574,0.8,0.92,1369
245,Juanlu Sánchez 23/24,Sevilla,20,0.435,0.375,0.394,0.978,0.923,0.778,0.798,1361
246,M. Zeffane 23/24,Clermont,32,0.031,0.031,0.521,0.302,0.1,0.319,0.009,1360
247,Renan Lodi 23/24,Olympique Marseille,26,0.36,0.829,0.233,0.307,0.225,0.165,0.377,1355
248,K. Tierney 23/24,Real Sociedad,26,0.569,0.074,0.983,0.747,0.992,0.5,0.091,1346
249,A. Oyono 23/24,Frosinone,23,0.293,0.12,0.026,0.259,0.543,0.882,0.451,1342
250,I. Maatsen 23/24,Borussia Dortmund,22,0.237,0.074,0.73,0.766,0.375,0.026,0.939,1334
251,C. Gamboa 23/24,Bochum,34,0.694,0.276,0.449,0.35,0.057,0.612,0.122,1330
252,T. Tomiyasu 23/24,Arsenal,25,0.992,0.12,0.033,0.067,0.06,0.718,0.252,1330
253,N. Tenaglia 23/24,Deportivo Alavés,28,0.632,0.12,0.317,0.826,0.536,0.752,0.49,1327
254,Mário Rui 23/24,Napoli,32,0.182,0.716,0.992,0.218,0.487,0.093,0.93,1326
255,Javi Galán 23/24,Real Sociedad,29,0.632,0.276,0.25,0.557,0.528,0.612,0.528,1325
256,W. Kamanzi 23/24,Toulouse,23,0.021,0.829,0.346,0.418,0.656,0.117,0.456,1324
257,E. Hysaj 23/24,Lazio,30,0.605,0.074,0.355,0.194,0.045,0.709,0.769,1324
258,J. Vagnoman 23/24,Stuttgart,23,0.526,0.545,0.012,0.096,0.735,0.144,0.401,1319
259,D. Yongwa 23/24,Lorient,23,0.567,0.605,0.394,0.692,0.673,0.728,0.867,1306
260,Aihen Muñoz 23/24,Real Sociedad,26,1,0.656,0.557,0.834,0.968,0.891,0.62,1305
261,R. Karsdorp 23/24,Roma,29,0.331,0.774,0.331,0.052,0.875,1,0.17,1304
262,N. Mazraoui 23/24,Bayern München,26,0.086,0.716,0.889,0.334,0.776,0.442,0.788,1294
263,Pep Chavarría 23/24,Rayo Vallecano,26,0.201,0.12,0.971,0.401,0.894,0.194,0.689,1290
264,N. Theuerkauf 23/24,Heidenheim,37,0.699,0.375,0.411,0.463,0.5,0.483,0.081,1288
265,E. Valeri 23/24,Frosinone,25,0.43,0.913,0.555,0.093,0.081,0.74,0.694,1283
266,R. Marchizza 23/24,Frosinone,26,0.396,0.466,0.444,0.026,0.031,0.721,0,1280
267,E. Tchato 23/24,Montpellier,21,0.658,0.074,0.843,0.519,0.562,0.278,0.355,1254
268,B. Godfrey 23/24,Everton,26,0.103,0,0.254,0.894,0.264,0.733,0.112,1250
269,Raphaël Guerreiro 23/24,Bayern München,30,0.605,0.891,0.581,0.002,0.326,0.355,0.901,1238
270,Alfonso Pedraza 23/24,Villarreal,28,0.644,0.944,0.391,0.509,0.257,0.182,0.923,1231
271,D. Machado 23/24,Lens,30,0.274,0.545,0.021,0.081,0.211,0.394,0.55,1231
272,T. Ebuehi 23/24,Empoli,28,0.18,0.12,0.341,0.545,0.795,0.237,0.843,1227
273,H. Hateboer 23/24,Atalanta,30,0.983,0.656,0.574,0.072,0.033,0.442,0.264,1227
274,M. Wolf 23/24,Borussia Dortmund,28,0.891,0.716,0.975,0.175,0.125,0.096,0.802,1224
275,Álex Moreno 23/24,Aston Villa,30,0.064,0.829,0.069,0.509,0.367,0.04,0.598,1221
276,B. Schmitz 23/24,Köln,29,0.245,0.605,0.875,0.423,0.834,0.305,0.218,1219
277,Angeliño 23/24,Roma,27,0.975,0.802,0.862,0.475,0.673,0.927,0.069,1217
278,P. Stenzel 23/24,Stuttgart,28,0.963,0.87,0.812,0.55,0.026,0.153,0.646,1204
279,J. Foyth 23/24,Villarreal,26,0.543,0.031,0.747,0.798,0.831,0.759,0.54,1192
280,L. Paqarada 23/24,Köln,29,0.728,0.975,0.995,0.254,0.432,0.23,0.456,1190
281,C. Konaté 23/24,Clermont,20,0.387,0.774,0.377,0.807,0.752,0.483,0.497,1189
282,M. Wittek 23/24,Bochum,28,0.925,0.913,0.802,0.757,0.55,0.218,0.189,1186
283,G. Pezzella 23/24,Empoli,26,0.918,0.074,0.704,0.485,0.3,0.927,0.769,1186
284,N. Patterson 23/24,Everton,22,0.281,0.656,0.74,0.968,0.74,0.435,0.274,1177
285,R. Bensebaini 23/24,Borussia Dortmund,29,0.745,0.375,0.901,0.913,0.93,0.92,0.312,1171
286,S. Widmer 23/24,Mainz 05,31,0.512,0.956,0.807,0.74,0.951,0.158,0.473,1167
287,Aitor Ruibal 23/24,Real Betis,28,0.281,0.375,0.661,0.959,0.3,0,0.711,1165
288,Y. Sabaly 23/24,Real Betis,31,0.149,0.276,0.5,0.134,0.98,0.375,0.473,1164
289,J. Zemura 23/24,Udinese,24,0.182,0.031,0.18,0.141,0.062,0.173,0.718,1158
290,Alex Pozo 23/24,Almería,25,0.783,0.276,0.896,0.514,0.072,0.406,0.334,1145
291,J. Makengo 23/24,Freiburg,22,0.891,0.074,0.153,0.798,0.973,0.704,0.382,1138
292,J. Sambia 23/24,Salernitana,27,0.086,0.276,0.216,0.091,0.05,0.963,0.391,1115
293,A. Murillo 23/24,Olympique Marseille,28,0.021,0.031,0.281,0.37,0.377,0.862,0.158,1114
294,P. Katseris 23/24,Lorient,22,0.004,0.201,0.007,0.485,0.396,0.254,0.85,1101
295,L. Assignon 23/24,Rennes,23,0.954,0.656,0.194,0.557,0.389,0.276,0.685,1098
296,Paulo Azzi 23/24,Cagliari,29,0.096,0.201,0.177,0.334,0.278,0.612,0.963,1098
297,D. Faraoni 23/24,Fiorentina,32,0.55,0.716,0.86,0.43,0.096,0.43,0.23,1092
298,J. Kiwior 23/24,Arsenal,24,0.706,0.031,0.425,0.367,0.814,0.567,0.002,1092
299,Álex Centelles 23/24,Almería,24,0.913,0.201,0.735,0.168,0.016,0.927,0.06,1090
300,M. Viña 23/24,Sassuolo,26,0.625,0.656,0.694,0.865,0.007,0.367,0.735,1088
301,N. Zalewski 23/24,Roma,22,0.533,0.829,0.298,0.156,0.052,0.406,0.947,1084
302,G. Kalulu 23/24,Lorient,26,0.963,0.605,0.18,0.312,0.088,0.548,0.242,1081
303,A. Zanoli 23/24,Salernitana,23,0.543,0.774,0.091,0.259,0.694,0.278,0.625,1078
304,L. Mincarelli 23/24,Montpellier,20,0.745,0.201,0.117,0.766,0.473,0.612,0.711,1072
305,C. Günter 23/24,Freiburg,31,0.85,0.716,0.221,0.019,0.247,0.019,0.211,1066
306,E. Krafth 23/24,Newcastle United,29,0.987,0.12,0.165,0.161,0.048,0.612,0.175,1065
307,L. Shaw 23/24,Man United,28,0.783,0.545,0.387,0.807,0.757,0.987,0.252,1061
308,K. Ehizibue 23/24,Udinese,29,0.209,0.074,0.038,0.908,0.519,0.427,0.509,1056
309,L. Thomas 23/24,Sheffield United,22,0.925,0.031,0.189,0.706,0.483,0.237,0.028,1048
310,S. Kumbedi 23/24,Olympique Lyonnais,19,0.233,0.201,0.475,0.992,0.588,0.024,0.473,1036
311,Rogério 23/24,Wolfsburg,26,0.906,0.276,0.689,0.153,0.134,0.033,0.401,1035
312,T. Lamptey 23/24,Brighton,23,0.435,0.605,0.019,0.021,0.024,0.045,0.913,1032
313,F. Passlack 23/24,Bochum,25,0.961,0.932,0.415,0.233,0.112,0.266,0.134,1024
314,C. Lykogiannis 23/24,Bologna,30,0.293,0.656,0.858,0.055,0.016,0.862,0.718,1010
315,L. Geertruida 23/24,Feyenoord,23,0.663,0.545,0.627,0.048,0.985,0.968,0.677,3314
316,B. Kuipers 23/24,Go Ahead Eagles,29,0.276,0.774,0.5,0.644,0.379,0.725,0.29,3290
317,S. Horemans 23/24,Excelsior,25,0.617,0.605,0.903,0.949,0.963,0.757,0.252,3269
318,C. Verdonk 23/24,NEC,27,0.778,0.545,0.98,0.944,0.632,0.588,0.557,3203
319,M. Köhlert 23/24,Heerenveen,26,0.754,0.802,0.716,0.312,0.17,0.682,0.819,3188
320,S. Bakari 23/24,Sparta Rotterdam,29,0.901,0.466,0.62,0.692,0.574,0.185,0.432,3140
321,Ivo Pinto 23/24,Fortuna Sittard,34,0.6,0.891,0.81,0.206,0.74,0.312,0.668,3120
322,M. Deijl 23/24,Go Ahead Eagles,26,0.314,0.276,0.355,0.627,0.603,0.685,0.016,3115
323,B. van Polen 23/24,PEC Zwolle,38,0.975,0.466,0.3,0.519,0.177,0.824,0.069,2876
324,D. van der Kust 23/24,Sparta Rotterdam,23,0.5,0.545,0.512,0.983,0.663,0.197,0.752,2824
325,S. Floranus 23/24,Almere City,25,0.843,0.375,0.322,0.911,0.454,0.776,0.024,2810
326,S. El Karouani 23/24,Utrecht,23,0.338,0.605,0.329,0.519,0.959,0.923,0.466,2750
327,Y. Sugawara 23/24,AZ,23,0.629,0.932,0.968,0.23,0.266,0.052,0.704,2736
328,A. MacNulty 23/24,PEC Zwolle,21,0.507,0.276,0.935,0.906,0.579,0.699,0.401,2696
329,J. Teze 23/24,PSV,24,0.596,0.802,0.918,0.213,0.634,0.298,0.584,2664
330,J. Lelieveld 23/24,RKC Waalwijk,26,0.858,0.802,0.963,0.788,0.54,0.899,0.093,2654
331,D. Möller Wolfe 23/24,AZ,22,0.776,0.656,0.312,0.403,0.774,0.853,0.891,2533
332,A. Meijers 23/24,RKC Waalwijk,36,0.435,0.829,0.944,0.899,0.317,0.675,0.793,2532
333,M. Dijks 23/24,Fortuna Sittard,31,0.769,0.12,0.379,0.718,0.987,0.942,0.697,2517
334,A. Zagré 23/24,Excelsior,22,0.745,0.276,0.305,0.935,0.593,0.451,0.728,2472
335,D. Rensch 23/24,Ajax,21,0.112,0.375,0.461,0.312,0.67,0.947,0.6,2430
336,C. Arcus 23/24,Vitesse,27,0.937,0.656,0.903,0.838,0.23,0.766,0.367,2377
337,H. ter Avest 23/24,Utrecht,27,0.084,0.466,0.651,0.562,0.043,0.675,0.05,2335
338,S. Dest 23/24,PSV,23,0.471,0.891,0.305,0.149,0.891,0.012,0.995,2274
339,O. Braude 23/24,Heerenveen,20,0.87,0.201,0.596,0.98,0.468,0.975,0.312,2260
340,G. Smal 23/24,Twente,26,0.418,0.716,0.959,0.112,0.338,0.3,0.939,2234
341,Q. Hartman 23/24,Feyenoord,22,0.509,0.913,0.987,0.324,0.85,0.721,0.62,2223
342,B. Plat 23/24,Volendam,24,0.706,0.276,0.163,1,0.978,0.697,0.122,2180
343,B. van Rooij 23/24,NEC,22,0.307,0.829,0.454,0.728,0.603,0.612,0.836,2141
344,J. Ritmeester van de Kamp 23/24,Almere City,20,0.435,0.12,0.103,0.774,0.449,0.36,0.06,2110
345,G. Cox 23/24,Volendam,26,0.132,0.375,0.605,0.971,0.6,0.211,0.305,2050
346,Mica Pinto 23/24,Vitesse,30,0.497,0.276,0.829,0.211,0.673,0.548,0.55,1933
347,Y. Regeer 23/24,Twente,20,0.161,0.656,0.528,0.444,0.478,0.468,0.223,1929
348,Y. Baas 23/24,NEC,21,0.812,0.605,0.076,0.923,0.555,0.346,0.384,1901
349,Y. Cathline 23/24,Almere City,21,0.204,0.466,0.057,0.028,0.966,0.002,0.951,1887
350,N. Bakboord 23/24,Heracles,25,0.269,0.375,0.353,0.862,0.151,0.375,0.223,1830
351,J. Gaari 23/24,RKC Waalwijk,30,0.007,0.031,0.48,0.927,0.894,0.759,0.442,1823
352,O. Buur 23/24,Volendam,26,0.346,0.12,0.093,0.646,0.463,0.019,0.543,1773
353,E. Cornelisse 23/24,Vitesse,21,0.908,0.276,0.362,0.31,0.185,0.709,0.009,1717
354,A. Sampsted 23/24,Twente,26,0.038,0.12,0.62,0.872,0.644,0.365,0.322,1709
355,H. Akujobi 23/24,Almere City,24,0.947,0.375,0.168,0.531,0.824,0.406,0.637,1688
356,J. Wieckhoff 23/24,Heracles,23,0.209,0.276,0.199,0.786,0.216,0.144,0.677,1475
357,F. Oppegård 23/24,Heracles,21,0.158,0.12,0.127,0.396,0.492,0.225,0.949,1461
358,R. Roosken 23/24,Heracles,24,0.557,0.375,0.312,0.954,0.437,0.942,0.423,1444
359,A. Gaaei 23/24,Ajax,21,0.605,0.975,0.776,0.615,0.697,0.735,0.85,1305
360,P. van Aanholt 23/24,PSV,33,0.848,0.87,0.694,0.132,0.925,0.612,0.865,1235
361,J. Willems 23/24,Heracles,30,0.372,0.074,0.531,0.774,0.997,0.5,0.346,1191
362,J. Brenet 23/24,Twente,30,0.262,0.375,0.682,0.185,0.014,0.348,0.752,1162
363,M. Benita 23/24,Excelsior,20,0.012,0.012,0.37,0.939,0.995,0.685,0.079,1053
364,Costinha 23/24,Rio Ave,24,0.591,0.716,0.6,0.971,0.192,0.401,0.742,3399
365,Francisco Moura 23/24,Famalicão,24,0.824,0.87,0.85,0.439,0.521,0.673,0.305,3327
366,Leonardo Lelo 23/24,Casa Pia AC,24,0.288,0.466,0.456,0.463,0.283,0.3,0.557,3203
367,F. Aursnes 23/24,Benfica,28,0.834,0.906,0.802,0.375,0.312,0.336,0.742,3082
368,Tomás Silva 23/24,Vizela,24,0.944,0.656,0.759,0.858,0.548,0.519,0.485,2903
369,Fábio Ronaldo 23/24,Rio Ave,23,0.663,0.656,0.1,0.117,0.745,0.382,0.742,2750
370,Pastor 23/24,Farense,24,0.237,0.12,0.415,0.882,0.807,0.064,0.23,2734
371,Gaizka Larrazabal 23/24,Casa Pia AC,26,0.175,0.201,0.331,0.495,0.442,0.317,0.87,2719
372,Rodrigo Gomes 23/24,Estoril,20,0.076,0.716,0.009,0.233,0.362,0.233,0.937,2718
373,C. Borja 23/24,Sporting Braga,31,0.728,0.87,0.894,0.245,0.899,0.478,0.718,2694
374,Salvador Agra 23/24,Boavista,32,0.687,0.944,0.122,0.012,0.004,0.045,0.278,2612
375,Bruno Gaspar 23/24,Vitória Guimarães,31,0.949,0.656,0.834,0.435,0.73,0.399,0.355,2502
376,Tiago Esgaio 23/24,Arouca,28,0.963,0.276,0.675,0.896,0.651,0.995,0.149,2498
377,Tiago Araújo 23/24,Estoril,23,0.127,0.545,0.824,0.329,0.362,0.612,0.728,2477
378,Leonardo Buta 23/24,Gil Vicente,21,0.012,0.074,0.161,0.444,0.766,0.788,0.728,2434
379,Fabiano 23/24,Moreirense,24,0.689,0.201,0.781,0.485,0.086,0.483,0.401,2351
380,Matheus Pereira 23/24,Vizela,23,0.286,0.276,0.519,0.439,0.127,0.06,0.884,2338
381,João Correia 23/24,Chaves,27,0.495,0.466,0.17,0.221,0.319,0.125,0.752,2319
382,Wendell 23/24,Porto,30,0.478,0.466,0.706,0.358,0.843,0.99,0.932,2314
383,Talocha 23/24,Farense,34,0.401,0.375,0.725,0.718,0.271,0.538,0.252,2296
384,Nuno Santos 23/24,Sporting CP,29,0.521,0.987,0.769,0.009,0.314,0.173,0.286,2267
385,Víctor Gómez 23/24,Sporting Braga,24,0.697,0.829,0.947,0.598,0.692,0.56,0.432,2257
386,João Mário 23/24,Porto,24,0.656,0.375,0.437,0.127,0.175,0.514,0.973,2236
387,G. Frimpong 23/24,Moreirense,25,0.293,0.605,0.427,0.459,0.86,0.382,0.057,2220
388,Weverson 23/24,Arouca,23,0.197,0.12,0.55,0.516,0.858,0.862,0.423,2203
389,Pedro Malheiro 23/24,Boavista,23,0.591,0.545,0.286,0.605,0.252,0.338,0.223,2195
390,Hevertton Santos 23/24,Estrela Amadora,23,0.25,0.656,0.882,0.449,0.3,0.572,0.031,2176
391,B. Onyemaechi 23/24,Boavista,25,0.045,0.716,0.504,0.615,0.567,0.817,0.697,2163
392,Zé Carlos 23/24,Gil Vicente,25,0.209,0.031,0.459,0.793,0.629,0.603,0.105,2150
393,Ricardo Mangas 23/24,Vitória Guimarães,26,0.11,0.545,0.06,0.103,0.497,0.85,0.466,2108
394,Nathan 23/24,Famalicão,22,0.182,0.074,0.115,0.75,0.752,0.35,0.903,2031
395,Filipe Ferreira 23/24,Boavista,33,0.108,0.012,0.627,0.194,0.456,0.5,0.088,1910
396,Gonçalo Costa 23/24,Portimonense,24,0.057,0.605,0.713,0.875,0.855,0.579,0.295,1910
397,Geny Catamo 23/24,Sporting CP,23,0.036,0.605,0.158,0.072,0.129,0.278,0.966,1855
398,Sandro Cruz 23/24,Chaves,23,0.55,0.201,0.3,0.875,0.86,0.319,0.278,1808
399,Guga 23/24,Portimonense,20,0.31,0.12,0.012,0.875,0.762,0.045,0.149,1714
400,Morato 23/24,Benfica,22,0.918,0.375,0.305,0.884,0.829,0.552,0.442,1693
401,A. Bah 23/24,Benfica,26,0.028,0.774,0.92,0.822,0.5,0.846,0.252,1679
402,Ricardo Esgaio 23/24,Sporting CP,31,0.932,0.932,0.93,0.625,0.156,0.076,0.199,1664
403,Igor Formiga 23/24,Portimonense,25,0.182,0.276,0.658,0.997,0.391,0.786,0.788,1652
404,O. Lebedenko 23/24,Vizela,25,0.346,0.375,0.209,0.692,0.62,0.612,0.569,1619
405,João Reis 23/24,Estrela Amadora,31,0.086,0,0.824,0.925,0.872,0.694,0.117,1600
406,Benny 23/24,Chaves,24,0.663,0.944,0.074,0.033,0.209,0.007,0.49,1462
407,B. Milovanov 23/24,Arouca,26,0.423,0.12,0.742,0.819,0.329,0.125,0.086,1379
408,Martín Aguirregabiria 23/24,Famalicão,28,0.766,0.375,0.884,0.18,0.245,0.862,0.199,1365
409,Jean Felipe 23/24,Estrela Amadora,30,0.146,0.992,0.877,0.149,0.673,0.266,0.004,1317
410,Wagner Pina 23/24,Estoril,21,0.137,0.12,0.031,0.838,0.495,0.747,0.497,1250
411,Pedro Amador 23/24,Moreirense,25,0.783,0.466,0.574,0.564,0.596,0.307,0.471,1239
412,Bruno Langa 23/24,Chaves,26,0.391,0.375,0.8,0.593,0.348,0.983,0.61,1207
413,Alex Pinto 23/24,Gil Vicente,25,0.182,0.375,0.663,0.716,0.396,0.858,0.442,1151
414,Carraça 23/24,Chaves,31,0.632,0.802,0.569,0.05,0.033,0.899,0.036,1148
415,Talys 23/24,Farense,25,0.423,0.545,0.627,0.584,0.033,0.612,0.367,1077
416,Miguel Maga 23/24,Vitória Guimarães,21,0.06,0.074,0.348,0.569,0.947,0.165,0.045,1041
417,Dinis Pinto 23/24,Moreirense,23,0.997,0.12,0.149,0.177,0.069,0.891,0.185,1014
418,Theo Hernández 22/23,Milan,25,0.539,0.728,0.308,0.206,0.676,0.876,0.876,4958
419,Alejandro Grimaldo 22/23,Benfica,27,0.706,0.978,0.578,0.252,0.721,0.691,0.773,5162
420,C. Roberts 22/23,Burnley,27,0.516,0.129,0.785,0.054,0.069,0.223,0.513,5020
421,A. Bell 22/23,Luton Town,29,0.496,0.217,0.469,0.684,0.375,0.683,0.846,5002
422,G. Di Lorenzo 22/23,Napoli,29,0.141,0.728,0.905,0.099,0.162,0.585,0.32,4792
423,J. McClean 22/23,Wigan Athletic,34,0.714,0.886,0.377,0.598,0.225,0.589,0.333,4676
424,M. Kerkez 22/23,AZ,19,0.52,0.728,0.112,0.475,0.603,0.739,0.65,4673
425,L. Shaw 22/23,Man United,27,0.858,0.728,0.766,0.523,0.843,0.919,0.513,4650
426,N. Molina 22/23,Atlético Madrid,25,0.437,0.728,0.616,0.286,0.383,0.178,0.42,4650
427,Pepê 22/23,Porto,26,0.834,0.842,0.201,0.06,0.248,0.315,0.83,4596
428,K. Trippier 22/23,Newcastle United,32,0.816,0.999,0.986,0.616,0.457,0.443,0.195,4557
429,M. Colin 22/23,Birmingham City,31,0.768,0.064,0.355,0.529,0.469,0.642,0.235,4546
430,F. Kostić 22/23,Juventus,30,0.646,0.983,0.349,0.133,0.662,0.189,0.842,4509
431,M. Murillo 22/23,Anderlecht,27,0.363,0.808,0.469,0.389,0.619,0.576,0.544,4501
432,R. Giles 22/23,Middlesbrough,23,0.552,0.991,0.826,0.044,0.407,0.338,0.43,4465
433,D. Dumfries 22/23,Internazionale,27,0.445,0.728,0.108,0.129,0.367,0.55,0.372,4437
434,J. Koundé 22/23,Barcelona,24,0.111,0.129,0.529,0.333,0.873,0.894,0.798,4423
435,M. Aarons 22/23,Norwich City,23,0.501,0.466,0.662,0.238,0.791,0.475,0.983,4395
436,T. Castagne 22/23,Leicester City,27,0.802,0.296,0.504,0.633,0.43,0.428,0.04,4352
437,H. Pickering 22/23,Blackburn Rovers,24,0.879,0.129,0.636,0.58,0.933,0.202,0.052,4316
438,C. Townsend 22/23,WBA,30,0.896,0.608,0.773,0.238,0.73,0.749,0.603,4293
439,L. Lapoussin 22/23,Union Saint-Gilloise,27,0.914,0.775,0.65,0.723,0.816,0.048,0.973,4277
440,I. Perišić 22/23,Tottenham,34,0.556,0.966,0.239,0.311,0.082,0.646,0.849,4266
441,J. Bidwell 22/23,Coventry City,30,0.603,0.608,0.238,0.178,0.743,0.816,0.021,4259
442,B. Nieuwkoop 22/23,Union Saint-Gilloise,27,0.185,0.381,0.255,0.769,0.508,0.508,0.069,4259
443,C. Biraghi 22/23,Fiorentina,30,0.984,0.993,0.978,0.295,0.544,0.516,0.773,4231
444,R. Manning 22/23,Swansea City,26,0.611,0.991,0.633,0.155,0.751,0.479,0.496,4221
445,E. Camavinga 22/23,Real Madrid,20,0.663,0.217,0.211,0.764,0.244,0.859,0.672,4213
446,P. Groß 22/23,Brighton,31,0.783,0.983,0.286,0.009,0.379,0.037,0.243,4185
447,C. Günter 22/23,Freiburg,30,0.811,0.941,0.29,0.029,0.111,0.134,0.101,4164
448,J. Juranović 22/23,Union Berlin,27,0.92,0.842,0.728,0.137,0.142,0.103,0.696,4158
449,A. Lyons 22/23,Blackpool,22,0.064,0.064,0.003,0.097,0.136,0.168,0.258,4118
450,A. Robinson 22/23,Fulham,25,0.504,0.296,0.8,0.82,0.987,0.824,0.787,4092
451,J. Frimpong 22/23,Bayer Leverkusen,22,0.444,0.864,0.022,0.124,0.627,0.249,0.999,4086
452,T. Alexander-Arnold 22/23,Liverpool,24,0.543,0.966,0.995,0.261,0.513,0.796,0.108,4084
453,J. Gazibegović 22/23,Sturm Graz,23,0.441,0.296,0.614,0.704,0.849,0.298,0.27,4080
454,D. McNamara 22/23,Millwall,24,0.312,0.064,0.708,0.561,0.629,0.453,0.298,4079
455,A. Sampsted 22/23,Twente,25,0.521,0.728,0.782,0.696,0.965,0.467,0.977,4073
456,Y. Sugawara 22/23,AZ,22,0.406,0.886,0.723,0.256,0.452,0.304,0.278,3994
457,D. Burn 22/23,Newcastle United,31,0.319,0.064,0.218,0.437,0.274,0.958,0.133,3983
458,Caio Henrique 22/23,Monaco,25,0.529,0.886,0.894,0.371,0.505,0.187,0.753,3973
459,L. Geertruida 22/23,Feyenoord,22,0.43,0.296,0.448,0.054,0.953,0.423,0.585,3972
460,Diogo Dalot 22/23,Man United,24,0.538,0.608,0.62,0.47,0.275,0.975,0.415,3972
461,J. Greaves 22/23,Hull City,22,0.013,0.129,0.377,0.862,0.95,0.982,0.178,3970
462,A. Marušić 22/23,Lazio,30,0.465,0.129,0.319,0.151,0.223,0.46,0.389,3967
463,R. Ranftl 22/23,Austria Wien,31,0.065,0.608,0.867,0.889,0.897,0.517,0.852,3966
464,C. Connolly 22/23,Blackpool,25,0.928,0.026,0.168,0.653,0.265,0.783,0.01,3951
465,G. Smal 22/23,Twente,25,0.463,0.864,0.966,0.398,0.734,0.264,0.961,3949
466,João Cancelo 22/23,Bayern München,29,0.252,0.728,0.779,0.136,0.59,0.903,0.97,3935
467,B. White 22/23,Arsenal,25,0.632,0.217,0.749,0.244,0.674,0.492,0.496,3927
468,M. Acuña 22/23,Sevilla,31,0.782,0.905,0.681,0.642,0.834,0.632,0.403,3908
469,N. Aké 22/23,Man City,28,0.034,0.217,0.85,0.231,0.975,0.943,0.43,3899
470,A. Dedić 22/23,Salzburg,20,0.452,0.678,0.684,0.574,0.752,0.563,0.901,3887
471,M. van Ewijk 22/23,Heerenveen,22,0.424,0.296,0.504,0.495,0.944,0.42,0.65,3874
472,N. Tagliafico 22/23,Olympique Lyonnais,30,0.338,0.296,0.411,0.757,0.863,0.649,0.162,3863
473,B. Pavard 22/23,Bayern München,27,0.499,0.296,0.96,0.748,0.958,0.922,0.192,3857
474,K. Paal 22/23,Queens Park Rangers,25,0.435,0.466,0.533,0.678,0.714,0.317,0.02,3855
475,N. Zalewski 22/23,Roma,21,0.275,0.466,0.368,0.346,0.183,0.082,0.898,3841
476,Fran García 22/23,Rayo Vallecano,23,0.317,0.217,0.411,0.582,0.893,0.031,0.993,3836
477,Daniel Carvajal 22/23,Real Madrid,31,0.232,0.466,0.424,0.555,0.112,0.809,0.089,3832
478,Dodô 22/23,Fiorentina,24,0.727,0.678,0.655,0.268,0.522,0.714,0.922,3809
479,G. Arteaga 22/23,Genk,24,0.73,0.217,0.687,0.313,0.317,0.456,0.668,3801
480,I. Maatsen 22/23,Burnley,21,0.282,0.678,0.745,0.561,0.342,0.112,0.889,3796
481,B. Meijer 22/23,Club Brugge,20,0.249,0.54,0.678,0.418,0.819,0.631,0.48,3790
482,A. Robertson 22/23,Liverpool,29,0.354,0.941,0.757,0.144,0.744,0.435,0.706,3784
483,Iván Balliu 22/23,Rayo Vallecano,31,0.251,0.217,0.388,0.077,0.328,0.272,0.469,3771
484,D. Furlong 22/23,WBA,27,0.426,0.608,0.745,0.179,0.255,0.671,0.565,3766
485,M. De Cuyper 22/23,Westerlo,22,0.239,0.842,0.939,0.813,0.883,0.675,0.394,3738
486,A. Hakimi 22/23,PSG,24,0.572,0.808,0.142,0.402,0.859,0.534,0.837,3730
487,P. Frankowski 22/23,Lens,28,0.685,0.926,0.516,0.479,0.308,0.183,0.383,3720
488,G. Baldock 22/23,Sheffield United,30,0.58,0.608,0.295,0.214,0.326,0.328,0.394,3672
489,W. Anton 22/23,Stuttgart,26,0.307,0.064,0.923,0.661,0.914,0.841,0.406,3670
490,Raphaël Guerreiro 22/23,Borussia Dortmund,29,0.406,0.886,0.834,0.09,0.39,0.317,0.843,3663
491,Javi Galán 22/23,Celta de Vigo,28,0.683,0.775,0.602,0.573,0.868,0.534,0.876,3657
492,Alejandro Balde 22/23,Barcelona,19,0.783,0.728,0.078,0.085,0.812,0.235,0.979,3650
493,P. Estupiñán 22/23,Brighton,25,0.736,0.864,0.538,0.406,0.718,0.42,0.802,3645
494,J. Ryerson 22/23,Borussia Dortmund,25,0.594,0.296,0.398,0.526,0.856,0.765,0.534,3634
495,R. Henry 22/23,Brentford,25,0.8,0.296,0.07,0.231,0.15,0.231,0.265,3630
496,Mateus Quaresma 22/23,Arouca,26,0.134,0.129,0.616,0.805,0.44,0.702,0.603,3622
497,V. Coufal 22/23,West Ham,30,0.492,0.728,0.871,0.5,0.155,0.815,0.513,3621
498,Nuno Santos 22/23,Sporting CP,28,0.146,0.926,0.548,0.008,0.641,0.305,0.7,3613
499,M. Wallace 22/23,Millwall,30,0.659,0.129,0.864,0.675,0.514,0.902,0.65,3588
500,G. Suazo 22/23,Toulouse,25,0.915,0.466,0.901,0.932,0.546,0.283,0.811,3584
501,D. Muñoz 22/23,Genk,27,0.843,0.54,0.984,0.949,0.364,0.736,0.813,3579
502,Óscar de Marcos 22/23,Athletic Bilbao,34,0.735,0.678,0.97,0.619,0.415,0.691,0.539,3578
503,K. Walker 22/23,Man City,33,0.102,0.064,0.534,0.026,0.281,0.804,0.496,3572
504,V. Le Goff 22/23,Lorient,33,0.946,0.026,0.871,0.394,0.842,0.559,0.603,3567
505,Jesús Navas 22/23,Sevilla,37,0.497,0.808,0.778,0.141,0.313,0.095,0.333,3539
506,B. van Rooij 22/23,NEC,22,0.676,0.54,0.398,0.876,0.811,0.753,0.258,3538
507,M. Samoise 22/23,Gent,21,0.449,0.728,0.82,0.57,0.164,0.219,0.85,3536
508,J. Cuadrado 22/23,Juventus,35,0.916,0.864,0.54,0.355,0.073,0.582,0.777,3531
509,Mica Pinto 22/23,Sparta Rotterdam,30,0.948,0.381,0.873,0.235,0.46,0.569,0.859,3524
510,B. Potts 22/23,Preston North End,28,0.465,0.217,0.439,0.2,0.269,0.58,0.456,3518
511,Pedro Porro 22/23,Tottenham,23,0.576,0.978,0.838,0.364,0.292,0.166,0.783,3516
512,J. Clauss 22/23,Olympique Marseille,30,0.608,0.966,0.463,0.035,0.179,0.142,0.811,3514
513,T. Augello 22/23,Sampdoria,28,0.89,0.728,0.86,0.007,0.09,0.59,0.465,3502
514,José Gayá 22/23,Valencia,28,0.653,0.905,0.758,0.264,0.991,0.676,0.634,3497
515,J. Hector 22/23,Köln,33,0.044,0.54,0.683,0.946,0.636,0.945,0.309,3495
516,J. Teze 22/23,PSV,23,0.762,0.466,0.796,0.521,0.924,0.946,0.247,3485
517,I. Määttä 22/23,Groningen,21,0.591,0.54,0.403,0.319,0.265,0.202,0.834,3470
518,A. Davies 22/23,Bayern München,22,0.39,0.842,0.372,0.443,0.897,0.329,0.986,3469
519,V. Gendrey 22/23,Lecce,22,0.257,0.217,0.479,0.755,0.841,0.803,0.247,3468
520,Carlos Augusto 22/23,Monza,24,0.052,0.296,0.064,0.181,0.486,0.812,0.544,3465
521,A. Espino 22/23,Cádiz,31,0.672,0.54,0.645,0.898,0.747,0.234,0.225,3462
522,Alexandre Penetra 22/23,Famalicão,21,0.839,0.217,0.834,0.371,0.535,0.718,0.009,3447
523,T. Smith 22/23,Middlesbrough,31,0.232,0.129,0.867,0.595,0.439,0.599,0.249,3433
524,K. Sema 22/23,Watford,29,0.329,0.842,0.059,0.159,0.345,0.24,0.527,3428
525,M. Bard 22/23,Nice,22,0.187,0.129,0.496,0.824,0.709,0.653,0.58,3418
526,Adrián Marín 22/23,Gil Vicente,26,0.385,0.129,0.95,0.371,0.149,0.833,0.368,3413
527,S. El Karouani 22/23,NEC,22,0.296,0.466,0.201,0.349,0.375,0.303,0.565,3408
528,F. Dimarco 22/23,Internazionale,25,0.564,0.993,0.812,0.099,0.54,0.056,0.394,3408
529,A. Smith 22/23,Bournemouth,32,0.933,0.129,0.157,0.299,0.087,0.313,0.033,3407
530,Wendell 22/23,Porto,29,0.684,0.678,0.103,0.217,0.401,0.794,0.936,3405
531,A. Dønnum 22/23,Standard Liège,25,0.705,0.993,0.346,0.039,0.054,0.305,0.911,3402
532,M. Köhlert 22/23,Heerenveen,25,0.93,0.54,0.42,0.302,0.14,0.298,0.825,3402
533,T. Kehrer 22/23,West Ham,26,0.547,0.026,0.148,0.807,0.615,0.533,0.07,3396
534,J. Brenet 22/23,Twente,29,0.778,0.678,0.308,0.608,0.796,0.176,0.624,3393
535,Nuno Sequeira 22/23,Sporting Braga,32,0.368,0.608,0.965,0.711,0.602,0.92,0.265,3362
536,Y. Carrasco 22/23,Atlético Madrid,29,0.253,0.886,0.026,0.029,0.12,0.093,0.984,3356
537,R. De Laet 22/23,Antwerp,34,0.709,0.296,0.919,0.283,0.424,0.828,0.17,3346
538,K. Walker-Peters 22/23,Southampton,26,0.394,0.381,0.197,0.437,0.636,0.153,0.956,3343
539,Y. Soma 22/23,Casa Pia AC,26,0.322,0.941,0.023,0.014,0.061,0.305,0.911,3340
540,J. Auer 22/23,Rapid Wien,22,0.623,0.953,0.987,0.715,0.552,0.658,0.585,3339
541,T. Somers 22/23,Cercle Brugge,24,0.591,0.728,0.031,0.456,0.334,0.427,0.048,3337
542,K. Veendorp 22/23,Emmen,26,0.298,0.064,0.785,0.467,0.907,0.586,0.07,3328
543,A. Castro-Montes 22/23,Gent,26,0.829,0.808,0.859,0.864,0.29,0.586,0.843,3326
544,C. O'Dowda 22/23,Cardiff City,28,0.17,0.381,0.128,0.424,0.978,0.461,0.718,3323
545,V. Mykolenko 22/23,Everton,23,0.606,0.217,0.279,0.856,0.55,0.255,0.108,3322
546,E. Valeri 22/23,Cremonese,24,0.465,0.728,0.509,0.125,0.078,0.119,0.834,3321
547,Pablo Maffeo 22/23,Mallorca,25,0.739,0.381,0.277,0.388,0.101,0.751,0.48,3315
548,Pedro Malheiro 22/23,Boavista,22,0.172,0.54,0.496,0.902,0.728,0.179,0.235,3311
549,S. Horemans 22/23,Excelsior,25,0.211,0.217,0.899,0.872,0.352,0.721,0.205,3303
550,A. Bah 22/23,Benfica,25,0.824,0.905,0.98,0.846,0.7,0.962,0.713,3302
551,Rogério 22/23,Sassuolo,25,0.899,0.381,0.876,0.249,0.087,0.146,0.919,3296
552,C. Pring 22/23,Bristol City,25,0.747,0.54,0.551,0.911,0.619,0.478,0.839,3292
553,Nuno Tavares 22/23,Olympique Marseille,23,0.153,0.608,0.369,0.204,0.363,0.255,0.94,3289
554,Yuri Berchiche 22/23,Athletic Bilbao,33,0.369,0.217,0.881,0.743,0.769,0.845,0.394,3278
555,T. Mitchell 22/23,Crystal Palace,23,0.111,0.064,0.745,0.684,0.479,0.262,0.064,3265
556,M. Deijl 22/23,Go Ahead Eagles,25,0.281,0.296,0.576,0.551,0.603,0.973,0.057,3262
557,Jon Moncayola 22/23,Osasuna,25,0.577,0.129,0.803,0.779,0.171,0.362,0.298,3260
558,D. Murkin 22/23,Volendam,23,0.192,0.381,0.687,0.933,0.655,0.657,0.777,3259
559,J. Bree 22/23,Southampton,25,0.842,0.966,0.523,0.151,0.598,0.755,0.285,3250
560,Nélson Semedo 22/23,Wolverhampton,29,0.09,0.064,0.432,0.697,0.304,0.445,0.469,3250
561,R. Renner 22/23,LASK,29,0.332,0.608,0.967,0.919,0.79,0.595,0.898,3238
562,B. Onyemaechi 22/23,Boavista,24,0.144,0.54,0.527,0.602,0.7,0.68,0.443,3237
563,H. Traoré 22/23,Rennes,31,0.623,0.54,0.817,0.628,0.294,0.289,0.508,3233
564,E. Hysaj 22/23,Lazio,29,0.924,0.296,0.584,0.349,0.192,0.872,0.372,3227
565,M. Pedersen 22/23,Feyenoord,22,0.513,0.466,0.056,0.264,0.286,0.038,0.977,3214
566,B. Sosa 22/23,Stuttgart,25,0.766,0.983,0.82,0.051,0.232,0.821,0.747,3208
567,F. Parisi 22/23,Empoli,22,0.35,0.466,0.774,0.799,0.144,0.711,0.926,3202
568,A. Witry 22/23,Ludogorets,27,0.781,0.54,0.93,0.475,0.753,0.341,0.527,3200
569,Francisco Moura 22/23,Famalicão,23,0.719,0.54,0.21,0.52,0.097,0.751,0.7,3197
570,Tiago Esgaio 22/23,Arouca,27,0.315,0.129,0.493,0.443,0.202,0.706,0.033,3193
571,J. Maehle 22/23,Atalanta,26,0.505,0.608,0.504,0.159,0.159,0.051,0.941,3192
572,D. Odoi 22/23,Club Brugge,35,0.178,0.064,0.805,0.786,0.445,0.599,0.544,3190
573,A. Fadera 22/23,Zulte-Waregem,21,0.155,0.842,0.001,0.342,0.463,0.102,0.98,3186
574,Víctor Gómez 22/23,Sporting Braga,23,0.492,0.54,0.736,0.144,0.128,0.396,0.338,3178
575,S. Posch 22/23,Bologna,26,0.411,0.381,0.971,0.965,0.935,0.577,0.253,3161
576,R. Pereyra 22/23,Udinese,32,0.971,0.905,0.285,0.016,0.27,0.009,0.556,3159
577,Costinha 22/23,Rio Ave,23,0.341,0.296,0.287,0.995,0.449,0.394,0.556,3159
578,P. Max 22/23,Eintracht Frankfurt,29,0.867,0.842,0.461,0.065,0.209,0.445,0.539,3149
579,I. Sylla 22/23,Montpellier,29,0.389,0.54,0.783,0.837,0.735,0.552,0.847,3146
580,J. Bataille 22/23,Antwerp,24,0.863,0.466,0.615,0.7,0.691,0.119,0.893,3130
581,B. Henrichs 22/23,RB Leipzig,26,0.319,0.381,0.839,0.786,0.621,0.927,0.383,3129
582,Antunes 22/23,Paços de Ferreira,36,0.195,0.466,0.889,0.675,0.877,0.164,0.42,3122
583,Neto Borges 22/23,Clermont,26,0.352,0.608,0.407,0.512,0.782,0.704,0.753,3121
584,N. Nkounkou 22/23,Saint-Étienne,22,0.087,0.864,0.627,0.49,0.377,0.638,0.911,3120
585,P. van Aanholt 22/23,PSV,32,0.654,0.808,0.479,0.129,0.765,0.995,0.27,3117
586,Arnau Martínez 22/23,Girona,20,0.803,0.775,0.303,0.418,0.279,0.802,0.406,3117
587,B. Diakité 22/23,Lille,22,0.026,0.064,0.499,0.385,0.581,0.689,0.149,3116
588,J. Delgado 22/23,Paços de Ferreira,30,0.897,0.466,0.539,0.211,0.014,0.119,0.892,3115
589,C. Bramall 22/23,Rotherham United,27,0.54,0.678,0.134,0.753,0.236,0.599,0.862,3109
590,O. Deman 22/23,Cercle Brugge,23,0.383,0.926,0.616,0.935,0.582,0.756,0.056,3089
591,A. Cresswell 22/23,West Ham,33,0.309,0.808,0.743,0.043,0.072,0.501,0.23,3089
592,K. Tete 22/23,Fulham,27,0.525,0.466,0.398,0.978,0.889,0.667,0.503,3082
593,D. Raum 22/23,RB Leipzig,25,0.256,0.941,0.559,0.424,0.646,0.731,0.303,3069
594,Álvaro Fernández 22/23,Preston North End,20,0.369,0.728,0.372,0.401,0.138,0.594,0.802,3067
595,R. Baku 22/23,Wolfsburg,25,0.587,0.775,0.927,0.336,0.514,0.376,0.349,3067
596,T. Buchanan 22/23,Club Brugge,24,0.11,0.54,0.007,0.154,0.757,0.052,0.933,3067
597,Vitor Costa 22/23,Marítimo,28,0.418,0.381,0.808,0.602,0.258,0.691,0.328,3060
598,M. Senaya 22/23,Rodez,22,0.5,0.466,0.249,0.368,0.739,0.48,0.933,3059
599,J. Hoilett 22/23,Reading,32,0.162,0.864,0.119,0.486,0.38,0.184,0.667,3052
600,Jay Dasilva 22/23,Bristol City,25,0.509,0.678,0.247,0.073,0.783,0.033,0.265,3050
601,P. Ciurria 22/23,Monza,28,0.876,0.54,0.102,0.01,0.031,0.217,0.508,3049
602,Á. Lopera 22/23,Aston Villa,29,0.298,0.608,0.214,0.523,0.136,0.676,0.962,3043
603,F. Stojković 22/23,LASK,30,0.217,0.608,0.926,0.833,0.687,0.728,0.474,3036
604,L. Blanco 22/23,Elche,24,0.342,0.941,0.953,0.262,0.928,0.001,0.787,3036
605,Pipa 22/23,Ludogorets,25,0.663,0.296,0.606,0.279,0.761,0.163,0.611,3036
606,V. Kristiansen 22/23,Leicester City,20,0.54,0.381,0.61,0.796,0.803,0.369,0.24,3033
607,T. Darikwa 22/23,Wigan Athletic,31,0.936,0.381,0.71,0.2,0.121,0.302,0.424,3033
608,Angeliño 22/23,Hoffenheim,26,0.845,0.941,0.885,0.206,0.595,0.061,0.097,3025
609,N. Williams 22/23,Nottingham Forest,22,0.187,0.296,0.292,0.97,0.067,0.268,0.7,3015
610,L. Patris 22/23,OH Leuven,21,0.215,0.217,0.324,0.99,0.385,0.731,0.634,3004
611,J. Latibeaudiere 22/23,Swansea City,23,0.986,0.466,0.119,0.115,0.371,0.517,0.469,3003
612,Bruno Langa 22/23,Chaves,25,0.783,0.217,0.829,0.398,0.533,0.798,0.718,2998
613,D. Rensch 22/23,Ajax,20,0.178,0.129,0.598,0.585,0.983,0.711,0.349,2997
614,A. Candreva 22/23,Salernitana,36,0.53,0.926,0.734,0,0.05,0.069,0.287,2994
615,L. Spinazzola 22/23,Roma,30,0.61,0.608,0.513,0.022,0.124,0.085,1,2991
616,Óscar Gil 22/23,Espanyol,25,0.594,0.54,0.008,0.911,0.129,0.085,0.101,2982
617,J. Headley 22/23,Huddersfield Town,21,0.687,0.296,0.084,0.548,0.802,0.597,0.768,2980
618,B. Schmitz 22/23,Köln,28,0.594,0.381,0.99,0.691,0.368,0.371,0.424,2979
619,N. Miroshi 22/23,Zulte-Waregem,20,0.907,0.217,0.979,0.953,0.351,0.787,0.178,2978
620,T. Hume 22/23,Sunderland,21,0.248,0.129,0.372,0.928,0.711,0.402,0.195,2978
621,F. Moufi 22/23,Portimonense,27,0.565,0.54,0.244,0.386,0.484,0.914,0.195,2974
622,P. Pomer 22/23,Ried,25,0.663,0.808,0.551,0.326,0.659,0.633,0.406,2974
623,Carlos Clerc 22/23,Elche,31,0.191,0.296,0.508,0.65,0.503,0.286,0.474,2973
624,M. Sykes 22/23,Bristol City,25,0.283,0.678,0.161,0.322,0.17,0.171,0.48,2967
625,P. Mwene 22/23,PSV,29,0.662,0.608,0.261,0.507,0.764,0.245,0.565,2962
626,J. Lotomba 22/23,Nice,24,0.111,0.064,0.176,0.57,0.407,0.336,0.889,2962
627,T. Malacia 22/23,Man United,23,0.845,0.296,0.225,0.868,0.302,0.137,0.45,2959
628,K. Sildillia 22/23,Freiburg,21,0.089,0.129,0.214,0.43,0.426,0.473,0.093,2958
629,D. Hashioka 22/23,Sint-Truiden,24,0.274,0.775,0.339,0.743,0.614,0.899,0.503,2958
630,D. Udogie 22/23,Udinese,20,0.206,0.381,0.035,0.21,0.526,0.664,0.949,2954
631,M. Romeo 22/23,Cardiff City,27,0.078,0.217,0.537,0.185,0.017,0.274,0.83,2951
632,Vanderson 22/23,Monaco,21,0.242,0.608,0.873,0.883,0.448,0.504,0.591,2950
633,Reinildo Mandava 22/23,Atlético Madrid,29,0.277,0.129,0.221,0.606,0.807,0.926,0.372,2945
634,Brian Oliván 22/23,Espanyol,29,0.783,0.608,0.574,0.29,0.413,0.119,0.117,2941
635,M. Weiser 22/23,Werder Bremen,29,0.945,0.905,0.691,0.495,0.329,0.272,0.597,2935
636,M. Wittek 22/23,Vitesse,27,0.581,0.966,0.723,0.539,0.26,0.766,0.316,2934
637,Cláudio Winck 22/23,Marítimo,29,0.149,0.381,0.672,0.362,0.319,0.708,0.852,2931
638,C. Trimmel 22/23,Union Berlin,36,0.603,0.966,0.802,0.326,0.73,0.932,0.456,2919
639,Joãozinho 22/23,Estoril,33,0.245,0.217,0.563,0.166,0.416,0.599,0.074,2915
640,F. Sacko 22/23,Montpellier,28,0.038,0.026,0.198,0.585,0.509,0.255,0.456,2912
641,M. Léris 22/23,Sampdoria,25,0.465,0.296,0.06,0.322,0.346,0.629,0.544,2902
642,R. Kristensen 22/23,Leeds United,25,0.106,0.064,0.822,0.659,0.591,0.785,0.005,2901
643,R. Bensebaini 22/23,Borussia M'gladbach,28,0.111,0.064,0.719,0.45,0.195,0.885,0.265,2900
644,L. Sernicola 22/23,Cremonese,25,0.909,0.608,0.249,0.456,0.67,0.773,0.634,2897
645,M. Youssouf 22/23,Ajaccio,35,0.24,0.064,0.701,0.896,0.636,0.789,0.221,2893
646,C. Arcus 22/23,Vitesse,26,0.432,0.381,0.629,0.783,0.624,0.916,0.338,2892
647,J. Toljan 22/23,Sassuolo,28,0.715,0.064,0.664,0.146,0.559,0.154,0.43,2891
648,Jaume Costa 22/23,Mallorca,35,0.845,0.608,0.185,0.063,0.332,0.526,0.538,2890
649,J. Duverne 22/23,Brest,25,0.253,0.064,0.94,0.539,0.739,0.792,0.696,2886
650,Tiago Santos 22/23,Estoril,20,0.551,0.808,0.211,0.561,0.854,0.462,0.873,2880
651,J. Lelieveld 22/23,RKC Waalwijk,25,0.257,0.296,0.487,0.456,0.398,0.345,0.108,2866
652,H. Kamara 22/23,Watford,29,0.546,0.54,0.774,0.901,0.83,0.564,0.922,2861
653,J. Davidson 22/23,Eupen,31,0.465,0.064,0.996,0.653,0.53,0.466,0.456,2857
654,L. Coyle 22/23,Hull City,27,0.953,0.608,0.779,0.521,0.23,0.242,0.738,2850
655,S. Klaiber 22/23,Utrecht,28,0.858,0.728,0.954,0.971,0.629,0.714,0.544,2850
656,Y. Sabaly 22/23,Real Betis,30,0.57,0.129,0.24,0.49,0.427,0.225,0.65,2850
657,J. Eccles 22/23,Coventry City,23,0.102,0.381,0.333,0.881,0.366,0.402,0.225,2848
658,S. Sambo 22/23,Sparta Rotterdam,21,0.606,0.064,0.349,0.764,0.371,0.839,0.309,2844
659,T. Sakamoto 22/23,Oostende,26,0.632,0.941,0.157,0.735,0.772,0.538,0.644,2842
660,J. Rankin-Costello 22/23,Blackburn Rovers,23,0.039,0.381,0.469,0.462,0.245,0.557,0.093,2842
661,A. Gallo 22/23,Lecce,23,0.927,0.129,0.898,0.43,0.837,0.358,0.48,2836
662,Diego Moreno 22/23,Osasuna,21,0.364,0.381,0.627,0.619,0.343,0.768,0.662,2827
663,A. Bangura 22/23,Cambuur,23,0.157,0.608,0.388,0.392,0.584,0.069,0.906,2826
664,A. Jung 22/23,Werder Bremen,31,0.257,0.217,0.584,0.295,0.27,0.817,0.043,2825
665,J. Ruffels 22/23,Huddersfield Town,29,0.625,0.064,0.377,0.295,0.144,0.701,0.129,2823
666,Juan Cruz 22/23,Osasuna,30,0.678,0.129,0.15,0.174,0.095,0.599,0.117,2823
667,M. van der Maarel 22/23,Utrecht,33,0.05,0.026,0.701,0.79,0.636,0.356,0,2823
668,R. Nyambe 22/23,Wigan Athletic,25,0.003,0.001,0.099,0.944,0.93,0.598,0.278,2821
669,O. Zinchenko 22/23,Arsenal,26,0.369,0.217,0.832,0.343,0.757,0.906,0.852,2817
670,A. Doughty 22/23,Luton Town,23,0.743,0.926,0.547,0.44,0.151,0.684,0.783,2809
671,M. Bakker 22/23,Bayer Leverkusen,22,0.106,0.54,0.29,0.085,0.231,0.49,0.338,2805
672,Lucas Soares 22/23,Casa Pia AC,25,0.406,0.466,0.124,0.225,0.551,0.287,0.634,2799
673,Miguel Gutiérrez 22/23,Girona,21,0.495,0.466,0.27,0.167,0.332,0.247,0.565,2796
674,A. Wan-Bissaka 22/23,Man United,25,0.136,0.466,0.055,0.781,0.698,0.338,0.624,2780
675,M. Olivera 22/23,Napoli,25,0.993,0.466,0.525,0.846,0.915,0.389,0.662,2773
676,L. Gooch 22/23,Sunderland,27,0.649,0.381,0.595,0.286,0.261,0.274,0.825,2768
677,E. Laird 22/23,Queens Park Rangers,21,0.048,0.296,0.072,0.397,0.883,0.76,0.952,2765
678,Abner 22/23,Real Betis,23,0.383,0.129,0.651,0.358,0.063,0.762,0.038,2757
679,Leonardo Lelo 22/23,Casa Pia AC,23,0.829,0.678,0.516,0.467,0.573,0.084,0.534,2745
680,Miguel Maga 22/23,Vitória Guimarães,20,0.394,0.296,0.388,0.83,0.453,0.645,0.138,2744
681,M. Desler 22/23,Toulouse,28,0.312,0.217,0.427,0.83,0.749,0.909,0.603,2744
682,Renan Lodi 22/23,Nottingham Forest,25,0.209,0.296,0.134,0.714,0.112,0.191,0.187,2739
683,G. Montiel 22/23,Sevilla,26,0.461,0.678,0.377,0.299,0.356,0.274,0.573,2736
684,Vitinho 22/23,Burnley,23,0.292,0.381,0.029,0.12,0.106,0.291,0.822,2735
685,M. Plattenhardt 22/23,Hertha BSC,31,0.129,0.728,0.448,0.2,0.735,0.45,0.04,2722
686,A. Truffert 22/23,Rennes,21,0.715,0.54,0.61,0.826,0.499,0.907,0.527,2707
687,H. Clarke 22/23,Ipswich Town,22,0.027,0.54,0.803,0.247,0.042,0.774,0.952,2706
688,G. Mensah 22/23,Auxerre,24,0.315,0.129,0.846,0.864,0.769,0.804,0.601,2706
689,P. Joly 22/23,Dijon,22,0.423,0.296,0.922,0.997,0.775,0.433,0.777,2701
690,B. Reynolds 22/23,Westerlo,21,0.967,0.608,0.493,0.561,0.56,0.812,0.668,2700
691,Kiki 22/23,Vizela,28,0.393,0.296,0.88,0.684,0.184,0.634,0.129,2697
692,Diego Rico 22/23,Real Sociedad,30,0.157,0.129,0.876,0.273,0.01,0.889,0.333,2697
693,T. Lutonda 22/23,RKC Waalwijk,22,0.627,0.381,0.305,0.883,0.337,0.349,0.183,2691
694,Manu Sánchez 22/23,Osasuna,22,0.969,0.728,0.385,0.743,0.492,0.285,0.303,2691
695,Q. Hartman 22/23,Feyenoord,21,0.349,0.54,0.812,0.661,0.96,0.762,0.534,2687
696,Anderson 22/23,Austria Lustenau,25,0.46,0.886,0.393,0.846,0.52,0.785,0.474,2679
697,W. Singo 22/23,Torino,22,0.893,0.728,0.469,0.031,0.018,0.93,0.611,2654
698,M. Lazzari 22/23,Lazio,29,0.295,0.217,0.025,0.08,0.465,0.17,0.997,2643
699,M. Seck 22/23,Portimonense,27,0.257,0.54,0.206,0.432,0.294,0.552,0.513,2641
700,J. Ward 22/23,Crystal Palace,33,0.525,0.026,0.457,0.486,0.671,0.892,0.033,2638
701,Emerson Palmieri 22/23,West Ham,28,0.211,0.54,0.362,0.112,0.49,0.584,0.809,2638
702,K. Amian 22/23,Spezia,25,0.687,0.381,0.448,0.697,0.312,0.247,0.513,2634
703,Juan Iglesias 22/23,Getafe,24,0.615,0.217,0.255,0.914,0.27,0.383,0.108,2631
704,Emerson Royal 22/23,Tottenham,24,0.196,0.129,0.403,0.638,0.76,0.509,0.456,2617
705,J. Scally 22/23,Borussia M'gladbach,20,0.834,0.217,0.432,0.093,0.565,0.868,0.249,2611
706,Ivo Pinto 22/23,Fortuna Sittard,33,0.399,0.466,0.856,0.585,0.881,0.775,0.911,2608
707,J. Veltman 22/23,Brighton,31,0.687,0.064,0.764,0.414,0.496,0.722,0.309,2608
708,S. Widmer 22/23,Mainz 05,30,0.875,0.808,0.456,0.355,0.41,0.38,0.178,2605
709,M. Lowe 22/23,Sheffield United,26,0.512,0.381,0.277,0.735,0.475,0.782,0.07,2602
710,J. Husband 22/23,Blackpool,29,0.286,0.129,0.76,0.542,0.526,0.875,0.24,2601
711,G. Kalulu 22/23,Lorient,25,0.081,0.129,0.513,0.719,0.745,0.503,0.685,2598
712,D. Lazović 22/23,Hellas Verona,32,0.822,0.961,0.377,0.004,0.719,0.038,0.525,2596
713,L. Kübler 22/23,Freiburg,30,0.453,0.026,0.601,0.775,0.717,0.978,0.097,2587
714,P. Struijk 22/23,Leeds United,23,0.663,0.001,0.414,0.914,0.869,0.869,0.149,2577
715,H. Guenouche 22/23,Austria Lustenau,23,0.012,0.678,0.76,0.927,0.487,0.214,0.859,2572
716,Aitor Ruibal 22/23,Real Betis,27,0.413,0.678,0.568,0.739,0.213,0.405,0.696,2569
717,F. Centonze 22/23,Nantes,27,0.367,0.381,0.738,0.678,0.319,0.89,0.629,2568
718,Nuno Mendes 22/23,PSG,20,0.354,0.842,0.093,0.435,0.44,0.662,0.743,2567
719,D. van Wageningen 22/23,Sparta Rotterdam,20,0.149,0.608,0.829,0.619,0.535,0.119,0.936,2558
720,R. Perraud 22/23,Southampton,25,0.523,0.54,0.329,0.695,0.674,0.108,0.474,2558
721,Carraça 22/23,Gil Vicente,30,0.462,0.775,0.852,0.231,0.265,0.649,0.057,2558
722,J. Kenny 22/23,Hertha BSC,26,0.364,0.296,0.808,0.638,0.234,0.842,0.138,2554
723,W. Kamanzi 22/23,Toulouse,22,0.231,0.608,0.038,0.311,0.666,0.01,0.966,2552
724,C. Brunner 22/23,Schalke 04,29,0.956,0.466,0.407,0.755,0.308,0.593,0.155,2549
725,Y. Van Genechten 22/23,Eupen,22,0.557,0.129,0.228,0.817,0.086,0.662,0.32,2548
726,Z. Çelik 22/23,Roma,26,0.671,0.466,0.764,0.772,0.822,0.435,0.372,2548
727,G. Tanner 22/23,Bristol City,23,0.131,0.217,0.478,0.611,0.584,0.728,0.32,2543
728,K. D'Haene 22/23,Kortrijk,32,0.768,0.775,0.834,0.057,0.008,0.018,0.138,2542
729,F. Depaoli 22/23,Hellas Verona,26,0.936,0.217,0.206,0.167,0.201,0.159,0.086,2539
730,Juan Miranda 22/23,Real Betis,23,0.632,0.808,0.634,0.619,0.127,0.59,0.424,2528
731,Sergio Akieme 22/23,Almería,25,0.702,0.296,0.151,0.108,0.952,0.385,0.679,2524
732,J. Allevinah 22/23,Clermont,28,0.166,0.728,0.005,0.125,0.563,0.172,0.885,2523
733,M. Simakan 22/23,RB Leipzig,23,0.963,0.864,0.845,0.292,0.538,0.963,0.573,2522
734,S. Walsh 22/23,Mechelen,28,0.039,0.026,0.339,0.187,0.217,0.202,0.025,2518
735,M. Cash 22/23,Aston Villa,25,0.723,0.026,0.266,0.783,0.236,0.742,0.469,2516
736,L. Ayling 22/23,Leeds United,31,0.305,0.217,0.751,0.941,0.962,0.295,0.078,2514
737,J. Foyth 22/23,Villarreal,25,0.971,0.129,0.642,0.851,0.65,0.944,0.819,2482
738,A. Skov Olsen 22/23,Club Brugge,23,0.68,0.961,0.171,0.001,0.038,0.069,0.99,2481
739,Afonso Freitas 22/23,Vitória Guimarães,23,0.457,0.064,0.273,0.047,0.218,0.405,0.465,2478
740,A. Cambiaso 22/23,Bologna,23,0.145,0.54,0.295,0.773,0.414,0.025,0.749,2476
741,D. Blind 22/23,Bayern München,33,0.768,0.381,1,0.193,0.689,0.674,0.383,2473
742,D. Machado 22/23,Lens,29,0.829,0.54,0.018,0.189,0.815,0.059,0.591,2473
743,M. Bouchouari 22/23,Emmen,22,0.127,0.608,0.416,0.893,0.362,0.264,0.787,2471
744,Jordi Alba 22/23,Barcelona,34,0.59,0.953,0.988,0.258,0.846,0.191,0.383,2470
745,A. Young 22/23,Aston Villa,37,0.715,0.217,0.839,0.582,0.166,0.599,0.527,2468
746,B. Plat 22/23,Volendam,23,0.111,0.001,0.054,0.993,0.839,0.691,0.03,2467
747,Iza Carcelén 22/23,Cádiz,30,0.465,0.381,0.179,0.807,0.708,0.211,0.211,2467
748,S. El Shaarawy 22/23,Roma,30,0.889,0.678,0.161,0.004,0.178,0.704,0.974,2464
749,R. Brady 22/23,Preston North End,31,0.567,0.99,0.948,0.364,0.022,0.527,0.65,2462
750,A. Hickey 22/23,Brentford,20,0.081,0.026,0.039,0.555,0.808,0.117,0.338,2458
751,N. Tjoe-A-On 22/23,Excelsior,21,0.783,0.296,0.624,0.979,0.572,0.39,0.278,2458
752,S. Aurier 22/23,Nottingham Forest,30,0.812,0.129,0.303,0.987,0.923,0.83,0.048,2457
753,D. Calabria 22/23,Milan,26,0.97,0.217,0.883,0.709,0.307,0.736,0.211,2452
754,D. Bradarić 22/23,Salernitana,23,0.594,0.296,0.132,0.067,0.794,0.213,0.725,2448
755,T. Weah 22/23,Lille,23,0.153,0.466,0.067,0.021,0.14,0.309,0.909,2436
756,R. Charles-Cook 22/23,Eupen,26,0.501,0.54,0.014,0.163,0.416,0.038,0.945,2434
757,J. Sánchez 22/23,Ajax,25,0.162,0.381,0.247,0.906,0.218,0.521,0.125,2431
758,Alex Telles 22/23,Sevilla,30,0.987,0.466,0.338,0.268,0.392,0.768,0.074,2430
759,G. Cox 22/23,Fortuna Sittard,25,0.211,0.466,0.311,0.672,0.475,0.504,0.178,2419
760,A. Danté 22/23,Sturm Graz,22,0.465,0.466,0.932,0.961,0.715,0.983,0.42,2419
761,R. James 22/23,Chelsea,23,0.573,0.864,0.672,0.242,0.762,0.64,0.629,2414
762,M. Poaty 22/23,RFC Seraing,25,0.339,0.296,0.672,0.278,0.319,0.322,0.971,2414
763,Hugo Mallo 22/23,Celta de Vigo,31,0.33,0.608,0.828,0.638,0.264,0.668,0.052,2414
764,C. Wernitznig 22/23,Austria Klagenfurt,33,0.141,0.864,0.911,0.762,0.093,0.64,0.513,2413
765,M. N'Diaye 22/23,Anderlecht,20,0.257,0.129,0.231,0.864,0.984,0.825,0.92,2404
766,A. Caci 22/23,Mainz 05,25,0.723,0.808,0.941,0.854,0.973,0.091,0.108,2401
767,M. Braida 22/23,San Lorenzo,26,0.873,0.608,0.593,0.834,0.89,0.527,0.725,2400
768,D. Sterling 22/23,Stoke City,23,0.046,0,0.289,0.427,0.859,0.531,0.725,2392
769,A. Reca 22/23,Spezia,27,0.614,0.886,0.866,0.167,0.319,0.201,0.896,2391
770,João Mário 22/23,Porto,23,0.721,0.961,0.311,0.148,0.029,0.416,0.888,2390
771,Aritz Elustondo 22/23,Real Sociedad,29,0.217,0.381,0.452,0.473,0.58,0.482,0.23,2387
772,Marc Cucurella 22/23,Chelsea,24,0.311,0.381,0.516,0.977,0.974,0.684,0.349,2371
773,Paulo Otávio 22/23,Wolfsburg,28,0.845,0.608,0.726,0.939,0.927,0.311,0.443,2362
774,A. Ciranni 22/23,Zulte-Waregem,26,0.569,0.775,0.728,0.507,0.065,0.115,0.155,2360
775,D. Schnegg 22/23,Sturm Graz,24,0.108,0.808,0.897,0.868,0.235,0.957,0.706,2357
776,Mário Rui 22/23,Napoli,32,0.879,0.905,0.993,0.176,0.651,0.172,0.777,2354
777,Thierry Correia 22/23,Valencia,24,0.646,0.064,0.825,0.819,0.688,0.85,0.672,2348
778,I. Diallo 22/23,Ajaccio,26,0.067,0.026,0.398,0.406,0.542,0.71,0.249,2347
779,Andoni Gorosabel 22/23,Real Sociedad,26,0.783,0.381,0.333,0.332,0.773,0.249,0.372,2344
780,A. Jašić 22/23,Wolfsberger AC,20,0.386,0.905,0.892,0.888,0.832,0.463,0.443,2343
781,R. Gumny 22/23,Augsburg,24,0.369,0.129,0.204,0.531,0.454,0.679,0.097,2342
782,F. Mendy 22/23,Real Madrid,27,0.783,0.217,0.052,0.025,0.023,0.542,0.383,2331
783,Q. Bernard 22/23,Niort,33,0.228,0.217,0.958,0.822,0.649,0.809,0.014,2325
784,César Azpilicueta 22/23,Chelsea,33,0.903,0.54,0.743,0.633,0.598,0.599,0.439,2315
785,M. Fossey 22/23,Standard Liège,24,0.702,0.381,0.43,0.529,0.909,0.218,0.629,2307
786,C. Elder 22/23,Hull City,28,0.291,0.608,0.324,0.727,0.474,0.799,0.48,2302
787,Danilo Veiga 22/23,Rijeka,20,0.465,0.217,0.516,0.719,0.401,0.637,0.768,2292
788,Clinton Mata 22/23,Club Brugge,30,0.936,0.608,0.789,0.731,0.248,0.854,0.644,2290
789,Q. Merlin 22/23,Nantes,21,0.356,0.953,0.923,0.418,0.369,0.405,0.679,2289
790,Fábio Ronaldo 22/23,Rio Ave,22,0.911,0.54,0.04,0.068,0.205,0.236,0.872,2289
791,T. Baldé 22/23,Troyes,20,0.206,0.217,0.051,0.11,0.546,0.101,0.906,2284
792,L. Kelly 22/23,Bournemouth,24,0.996,0.001,0.482,0.593,0.954,0.775,0.001,2278
793,N. Foor 22/23,Cambuur,31,0.871,0.775,0.977,0.137,0.278,0.003,0.792,2277
794,M. Moreira 22/23,Austria Klagenfurt,28,0.465,0.026,0.612,0.809,0.903,0.986,0.333,2266
795,C. Christie 22/23,Hull City,30,0.394,0.296,0.526,0.448,0.29,0.74,0.881,2259
796,N. Veratschnig 22/23,Wolfsberger AC,20,0.465,0.296,0.228,0.829,0.851,0.196,0.303,2258
797,T. Foket 22/23,Reims,28,0.803,0.608,0.469,0.585,0.381,0.381,0.634,2256
798,Z. Sanusi 22/23,Porto,25,0.783,0.381,0.324,0.244,0.356,0.8,0.415,2251
799,B. Chilwell 22/23,Chelsea,26,0.561,0.886,0.231,0.038,0.064,0.266,0.813,2250
800,A. Ulmer 22/23,Salzburg,37,0.681,0.728,0.945,0.859,0.836,0.405,0.117,2239
801,Aarón Martín 22/23,Mainz 05,26,0.845,0.905,0.693,0.034,0.283,0.05,0.243,2230
802,D. Thompson 22/23,Blackpool,22,0.954,0.129,0.86,0.727,0.44,0.903,0.56,2229
803,L. Abanda 22/23,Lamia,22,0.582,0.678,0.624,0.38,0.629,0.888,0.195,2227
804,K. Nkuba 22/23,Charleroi,21,0.672,0.886,0.043,0.341,0.388,0.57,0.881,2223
805,M. Halstenberg 22/23,RB Leipzig,31,0.869,0.466,0.646,0.409,0.894,0.932,0.084,2221
806,Juan Bernat 22/23,PSG,30,0.172,0.678,0.017,0.02,0.473,0.232,0.195,2218
807,Aihen Muñoz 22/23,Real Sociedad,25,0.739,0.296,0.219,0.371,0.21,0.742,0.585,2218
808,P. Stojanović 22/23,Empoli,27,0.217,0.217,0.798,0.367,0.167,0.119,0.839,2217
809,A. van Hoorenbeeck 22/23,Mechelen,24,0.935,0.064,0.798,0.748,0.856,0.837,0.23,2216
810,J. Mansoni 22/23,RFC Seraing,26,0.131,0.381,0.131,0.916,0.526,0.664,0.856,2210
811,H. Matriciani 22/23,Schalke 04,23,0.157,0.026,0.161,0.922,0.672,0.334,0.021,2209
812,B. Bereszyński 22/23,Napoli,30,0.197,0.129,0.266,0.735,0.043,0.961,0.316,2202
813,Ricardo Esgaio 22/23,Sporting CP,30,0.073,0.466,0.407,0.409,0.548,0.581,0.205,2201
814,C. Drameh 22/23,Luton Town,21,0.285,0.808,0.663,0.893,0.851,0.3,0.544,2201
815,A. Zedadka 22/23,Auxerre,28,0.748,0.381,0.064,0.628,0.197,0.346,0.573,2197
816,B. Meling 22/23,Rennes,28,0.369,0.296,0.548,0.734,0.633,0.482,0.731,2197
817,H. Mendyl 22/23,OH Leuven,25,0.557,0.678,0.154,0.483,0.056,0.599,0.679,2193
818,C. Styles 22/23,Millwall,23,0.43,0.381,0.069,0.137,0.176,0.081,0.415,2192
819,D. Foulquier 22/23,Valencia,30,0.726,0.217,0.385,0.219,0.578,0.43,0.829,2187
820,T. Schick 22/23,Rapid Wien,33,0.952,0.988,0.941,0.249,0.056,0.708,0.298,2186
821,M. Vojvoda 22/23,Torino,28,0.988,0.728,0.983,0.061,0.394,0.154,0.389,2183
822,Fran Delgado 22/23,Betis Deportivo,21,0.872,0.466,0.388,0.362,0.384,0.894,0.56,2181
823,João Correia 22/23,Chaves,26,0.435,0.678,0.54,0.247,0.076,0.142,0.513,2177
824,T. De Smet 22/23,Reims,24,0.687,0.466,0.952,0.326,0.035,0.984,0.43,2153
825,P. Sagna 22/23,Santa Clara,32,0.433,0.608,0.443,0.68,0.795,0.939,0.133,2145
826,Mario Gaspar 22/23,Watford,32,0.063,0.466,0.565,0.795,0.531,0.392,0.026,2138
827,J. Vagnoman 22/23,Stuttgart,22,0.014,0.608,0.009,0.074,0.747,0.324,0.149,2138
828,G. Benítez 22/23,Huracán,29,0.465,0.466,0.439,0.76,0.871,0.636,0.603,2126
829,L. Advíncula 22/23,Boca Juniors,33,0.757,0.678,0.467,0.18,0.993,0.482,0.65,2118
830,P. Mazzocchi 22/23,Salernitana,27,0.655,0.466,0.103,0.087,0.181,0.146,0.948,2117
831,Alejandro Pozo 22/23,Almería,24,0.675,0.678,0.792,0.598,0.167,0.14,0.278,2111
832,J. Tymon 22/23,Stoke City,24,0.465,0.941,0.787,0.012,0.005,0.038,0.762,2101
833,B. Johnson 22/23,West Ham,23,0.817,0.129,0.664,0.38,0.93,0.68,0.166,2100
834,S. Kumbedi 22/23,Olympique Lyonnais,18,0.09,0.466,0.134,0.854,0.341,0.013,0.7,2100
835,D. Suárez 22/23,Getafe,35,0.82,0.54,0.568,0.302,0.033,0.469,0.166,2100
836,G. Soto 22/23,Huracán,29,0.773,0.608,0.366,0.568,0.833,0.45,0.718,2094
837,R. Loftus-Cheek 22/23,Chelsea,27,0.067,0.381,0.076,0.099,0.899,0.735,0.85,2084
838,S. Coleman 22/23,Everton,34,0.418,0.217,0.366,0.633,0.82,0.599,0.101,2083
839,B. Kuipers 22/23,Go Ahead Eagles,28,0.877,0.808,0.62,0.409,0.076,0.772,0.328,2078
840,T. Ebuehi 22/23,Empoli,27,0.916,0.381,0.183,0.405,0.692,0.326,0.187,2075
841,Danilo Soares 22/23,Bochum,31,0.971,0.129,0.722,0.991,0.805,0.316,0.057,2071
842,Ayrton Lucas 22/23,Flamengo,25,0.783,0.217,0.359,0.204,0.563,0.717,0.792,2071
843,N. Clyne 22/23,Crystal Palace,32,0.862,0.064,0.264,0.211,0.879,0.068,0.086,2069
844,M. Pedersen 22/23,Augsburg,26,0.394,0.217,0.047,0.548,0.577,0.03,0.359,2069
845,A. Soto 22/23,Defensa y Justicia,29,0.039,0.064,0.664,0.747,0.33,0.383,0.101,2068
846,J. Hato 22/23,Ajax,17,0.286,0.064,0.945,0.611,0.603,0.551,0.762,2067
847,J. Firpo 22/23,Leeds United,26,0.971,0.466,0.578,0.952,0.586,0.51,0.27,2066
848,R. Gosens 22/23,Internazionale,29,0.193,0.728,0.369,0.45,0.586,0.644,0.27,2063
849,Sergi Roberto 22/23,Barcelona,31,0.687,0.54,0.074,0.094,0.154,0.29,0.672,2061
850,N. Mazraoui 22/23,Bayern München,25,0.649,0.775,0.664,0.275,0.813,0.599,0.465,2058
851,M. Polster 22/23,Austria Wien,20,0.085,0.775,0.134,0.773,0.514,0.349,0.672,2055
852,S. Doumbia 22/23,Angers SCO,26,0.351,0.296,0.249,0.228,0.148,0.77,0.867,2045
853,D. Cirkin 22/23,Sunderland,21,0.021,0.026,0.123,0.514,0.946,0.238,0.601,2029
854,E. Longelo 22/23,Birmingham City,22,0.574,0.678,0.185,0.47,0.883,0.089,0.918,2021
855,Igor Julião 22/23,Vizela,28,0.659,0.129,0.103,0.209,0.202,0.419,0.43,2018
856,Iván Fresneda 22/23,Real Valladolid,18,0.217,0.608,0.235,0.852,0.371,0.274,0.692,2017
857,J. Mendes 22/23,Sporting Braga,20,0.619,0.381,0.082,0.281,0.514,0.112,0.996,2011
858,M. Wolf 22/23,Borussia Dortmund,28,0.277,0.54,0.832,0.432,0.399,0.087,0.903,2002
859,Y. Larouci 22/23,Troyes,22,0.577,0.296,0.161,0.193,0.597,0.918,0.819,1997
860,Ismaily 22/23,Lille,33,0.687,0.678,0.427,0.58,0.722,0.758,0.491,1995
861,M. Anzolin 22/23,Wolfsberger AC,22,0.805,0.54,0.812,0.336,0.85,0.349,0.166,1991
862,P. Kadeřábek 22/23,Hoffenheim,31,0.86,0.842,0.491,0.09,0.185,0.435,0.364,1983
863,F. Dabo 22/23,Coventry City,27,0.273,0.064,0.603,0.663,0.709,0.375,0.503,1980
864,M. Richter 22/23,Hertha BSC,25,0.319,0.608,0.305,0.653,0.394,0.026,0.295,1979
865,D. Schmidt 22/23,Cambuur,31,0.744,0.026,0.847,0.928,0.68,0.544,0.057,1968
866,Alfonso Pedraza 22/23,Villarreal,27,0.072,0.775,0.086,0.218,0.048,0.534,0.949,1966
867,M. Melluso 22/23,Gimnasia La Plata,24,0.949,0.54,0.695,1,0.967,0.727,0.372,1955
868,K. Tierney 22/23,Arsenal,25,0.739,0.129,0.824,0.358,0.44,0.136,0.7,1951
869,A. Sant'Anna 22/23,Defensa y Justicia,25,0.176,0.842,0.5,0.958,0.692,0.722,0.48,1950
870,C. Lenz 22/23,Eintracht Frankfurt,28,0.232,0.905,0.416,0.778,0.623,0.405,0.491,1944
871,I. Jakobs 22/23,Monaco,23,0.111,0.842,0.329,0.072,0.392,0.948,0.565,1935
872,Derick Poloni 22/23,Casa Pia AC,29,0.535,0.466,0.089,0.559,0.151,0.119,0.287,1927
873,L. Godoy 22/23,Estudiantes,28,0.898,0.728,0.346,0.033,0.189,0.069,0.235,1920
874,Iago 22/23,Augsburg,26,0.678,0.466,0.62,0.518,0.487,0.161,0.205,1916
875,M. Casco 22/23,River Plate,35,0.995,0.608,0.982,0.29,0.845,0.935,0.211,1912
876,M. Sorinola 22/23,Swansea City,22,0.022,0.064,0,0.238,0.056,0.007,0.253,1911
877,N. Guinness-Walker 22/23,Reading,23,0.567,0.296,0.243,0.394,0.197,0.43,0.394,1903
878,J. Mojica 22/23,Villarreal,30,0.369,0.678,0.482,0.252,0.855,0.745,0.83,1898
879,K. Sardella 22/23,Anderlecht,21,0.997,0.026,0.578,0.268,0.037,0.252,0.565,1889
880,D. Giannoulis 22/23,Norwich City,27,0.453,0.54,0.879,0.957,0.863,0.388,0.619,1885
881,G. Benavídez 22/23,Talleres Córdoba,27,0.916,0.129,0.726,0.648,0.735,0.332,0.221,1883
882,A. Knauff 22/23,Eintracht Frankfurt,21,0.298,0.608,0.295,0.462,0.104,0.376,0.941,1878
883,Aurélio Buta 22/23,Eintracht Frankfurt,26,0.631,0.842,0.258,0.512,0.47,0.268,0.787,1874
884,A. Maitland-Niles 22/23,Southampton,25,0.758,0.381,0.171,0.838,0.416,0.901,0.225,1869
885,M. Alphonse 22/23,Ajaccio,33,0.516,0.217,0.5,0.824,0.97,0.781,0.225,1869
886,M. López 22/23,Feyenoord,23,0.111,0.466,0.531,0.982,0.68,0.91,0.544,1867
887,O.  Wijndal 22/23,Ajax,23,0.149,0.678,0.491,0.098,0.491,0.521,0.603,1865
888,L. Rao-Lisoa 22/23,Angers SCO,22,0.465,0.983,0.396,0.988,0.509,0.986,0.713,1862
889,Gilberto 22/23,Benfica,30,0.449,0.886,0.85,0.611,0.838,0.514,0.992,1859
890,Núrio Fortuna 22/23,Gent,28,0.589,0.217,0.586,0.923,0.697,0.898,0.389,1849
891,K. Ehizibue 22/23,Udinese,27,0.334,0.064,0.108,0.67,0.354,0.825,0.45,1848
892,L. Di Plácido 22/23,Botafogo,29,0.537,0.54,0.439,0.975,0.523,0.893,0.287,1843
893,M. Moormann 22/23,Rapid Wien,22,0.958,0.381,0.963,0.352,0.431,0.573,0.155,1842
894,I. Abdulrazak 22/23,Anderlecht,21,0.217,0.381,0.461,0.531,0.252,0.399,0.768,1827
895,G. Ávila 22/23,Antwerp,21,0.051,0.129,0.92,0.906,0.685,0.85,0.27,1827
896,A. Baba 22/23,Reading,28,0.098,0.064,0.292,0.302,0.557,0.939,0.211,1826
897,N. Patterson 22/23,Everton,21,0.655,0.296,0.274,0.628,0.106,0.291,0.338,1823
898,K. Hoever 22/23,Wolverhampton,21,0.405,0.864,0.817,0.576,0.742,0.527,0.753,1818
899,K. Mbabu 22/23,Servette,28,0.879,0.966,0.847,0.796,0.496,0.974,0.876,1814
900,A. Alese 22/23,Sunderland,22,0.615,0.064,0.179,0.691,0.978,0.347,0.133,1813
901,Tinga 22/23,Fortaleza,29,0.292,0.129,0.672,0.503,0.971,0.649,0.798,1813
902,J. Zemura 22/23,Bournemouth,23,0.307,0.466,0.112,0.715,0.121,0.385,0.828,1809
903,H. Siquet 22/23,Cercle Brugge,20,0.706,0.997,0.731,0.748,0.593,0.492,0.117,1808
904,S. van Wermeskerken 22/23,Cambuur,28,0.864,0.381,0.687,0.879,0.941,0.317,0.138,1808
905,Sander 22/23,Goiás,32,0.415,0.808,0.791,0.65,0.88,0.828,0.359,1806
906,E. Jordanov 22/23,Westerlo,29,0.457,0.296,0.718,0.369,0.108,0.423,0.893,1799
907,L. Digne 22/23,Aston Villa,29,0.868,0.381,0.477,0.346,0.298,0.954,0.187,1798
908,I. Rodríguez 22/23,Banfield,21,0.197,0.217,0.317,0.352,0.57,0.544,0.508,1790
909,A. Rodríguez 22/23,Rosario Central,22,0.544,0.54,0.752,0.663,0.411,0.668,0.125,1788
910,G. Álvarez 22/23,Getafe,23,0.197,0.001,0.09,0.422,0.397,0.915,0.004,1785
911,J. Van Hecke 22/23,Mechelen,21,0.834,0.129,0.362,0.802,0.612,0.063,0.309,1784
912,J. Dirksen 22/23,Emmen,20,0.941,0.129,0.59,0.966,0.552,0.525,0.008,1783
913,N. Sadiki 22/23,Anderlecht,18,0.971,0.466,0.576,0.684,0.704,0.106,0.749,1779
914,N. Gießelmann 22/23,Union Berlin,31,0.721,0.808,0.629,0.148,0.055,0.877,0.029,1778
915,E. Díaz 22/23,River Plate,27,0.991,0.217,0.739,0.704,0.768,0.443,0.424,1777
916,M. Koscelník 22/23,Rapid Wien,28,0.128,0.608,0.903,0.667,0.478,0.599,0.619,1776
917,R. Jurišić 22/23,Ried,21,0.465,0.466,0.364,0.672,0.467,0.832,0.718,1769
918,A. Zanoli 22/23,Sampdoria,22,0.749,0.608,0.108,0.321,0.678,0.106,0.757,1768
919,K. Schindler 22/23,Köln,29,0.277,0.466,0.568,0.285,0.416,0.852,0.043,1765
920,A. Terzić 22/23,Fiorentina,23,0.94,0.978,0.944,0.148,0.986,0.965,0.93,1765
921,S. Ferguson 22/23,Rotherham United,32,0.627,0.54,0.02,0.003,0.001,0.027,0.043,1763
922,S. Vines 22/23,Antwerp,23,0.783,0.678,0.661,0.05,0.783,0.184,0.195,1762
923,F. Gmeiner 22/23,Austria Lustenau,26,0.401,0.466,0.64,0.531,0.256,0.055,0.253,1759
924,B. Locko 22/23,Brest,21,0.157,0.026,0.176,0.594,0.5,0.843,0.792,1757
925,Dinis Pinto 22/23,Sporting Braga,22,0.086,0.466,0.708,0.192,0.36,0.359,0.406,1751
926,D. Liénard 22/23,Strasbourg,35,0.369,0.808,0.564,0.576,0.195,0.804,0.205,1750
927,A. Bruus 22/23,Troyes,24,0.644,0.381,0.171,0.027,0.101,0.017,0.496,1750
928,G. Rojas 22/23,Racing Club,25,0.778,0.608,0.333,0.187,0.615,0.418,0.406,1749
929,T. Meunier 22/23,Borussia Dortmund,31,0.594,0.775,0.935,0.495,0.146,0.362,0.731,1748
930,J. Bogle 22/23,Sheffield United,22,0.131,0.466,0.352,0.333,0.218,0.555,0.936,1748
931,T. Cassandro 22/23,Lecce,23,0.232,0.064,0.893,0.45,0.916,0.274,0.078,1741
932,Jonny Otto 22/23,Wolverhampton,29,0.033,0.026,0.358,0.542,0.133,0.116,0.685,1740
933,S. Birindelli 22/23,Monza,23,0.663,0.775,0.393,0.551,0.171,0.038,0.617,1740
934,M. Orihuela 22/23,Atlético Tucumán,31,0.809,0.381,0.245,0.456,0.236,0.477,0.298,1739
935,Arthur Gomes 22/23,Sporting CP,24,0.074,0.864,0.042,0.013,0.603,0.064,0.962,1738
936,Kiko Femenía 22/23,Villarreal,32,0.037,0.217,0.414,0.214,0.659,0.877,0.749,1736
937,S. Iling-Junior 22/23,Juventus,19,0.886,0.842,0.222,0.274,0.119,0.564,0.738,1735
938,R. Aït Nouri 22/23,Wolverhampton,21,0.418,0.54,0.355,0.619,0.727,0.539,0.856,1733
939,Malo Gusto 22/23,Olympique Lyonnais,20,0.713,0.926,0.973,0.79,0.282,0.187,0.922,1732
940,D. Payne 22/23,Volendam,20,0.879,0.296,0.769,0.96,0.999,0.095,0.668,1731
941,M. Novak 22/23,Wolfsberger AC,32,0.242,0.064,0.916,0.68,0.347,0.469,0.03,1727
942,Vitor Jacaré 22/23,Bahia,23,0.728,0.842,0.457,0.628,0.704,0.149,0.439,1717
943,G. Kastanos 22/23,Salernitana,25,0.949,0.217,0.125,0.084,0.046,0.488,0.454,1716
944,K. Tsimikas 22/23,Liverpool,27,0.534,0.953,0.463,0.526,0.458,0.578,0.48,1715
945,K. Çalhanoğlu 22/23,Sandhausen,20,0.337,0.953,0.805,0.876,0.521,0.141,0.903,1711
946,C. Gamboa 22/23,Bochum,33,0.774,0.064,0.907,0.645,0.48,0.854,0.033,1710
947,S. Malone 22/23,Millwall,32,0.582,0.886,0.5,0.371,0.846,0.179,0.108,1704
948,J. Hadjam 22/23,Nantes,20,0.171,0.129,0.568,0.768,0.798,0.745,0.93,1697
949,G. Kyriakopoulos 22/23,Bologna,27,0.825,0.808,0.755,0.219,0.388,0.108,0.864,1694
950,Rodrigo Conceição 22/23,Porto,23,0.325,0.808,0.188,0.516,0.129,0.197,0.957,1694
951,D. Martínez 22/23,Rosario Central,33,0.057,0.217,0.115,0.371,0.283,0.36,0.192,1693
952,Hugo Bueno 22/23,Wolverhampton,20,0.426,0.808,0.08,0.606,0.753,0.722,0.926,1692
953,N. Kasanwirjo 22/23,Feyenoord,21,0.097,0.064,0.512,0.89,0.428,0.76,0.456,1689
954,Alberto Moreno 22/23,Villarreal,30,0.446,0.296,0.255,0.264,0.445,0.312,0.813,1686
955,N. Fernández Mercau 22/23,Elche,23,0.924,0.808,0.795,0.799,0.416,0.005,0.757,1682
956,D. Faraoni 22/23,Hellas Verona,31,0.768,0.217,0.453,0.389,0.175,0.119,0.01,1681
957,O. Sych 22/23,Kortrijk,22,0.829,0.381,0.313,0.838,0.565,0.858,0.597,1677
958,K. Lala 22/23,Brest,31,0.922,0.608,0.636,0.409,0.315,0.255,0.17,1676
959,Raúl Parra 22/23,Cádiz,23,0.629,0.381,0.691,0.074,0.012,0.202,0.187,1675
960,Sergio Escudero 22/23,Real Valladolid,33,0.172,0.608,0.333,0.82,0.3,0.79,0.27,1670
961,L. Arce 22/23,Godoy Cruz,25,0.774,0.678,0.839,0.883,0.892,0.648,0.474,1668
962,T. Gardner-Hickman 22/23,WBA,21,0.971,0.678,0.46,0.319,0.624,0.599,0.539,1661
963,R. Skov 22/23,Hoffenheim,27,0.555,0.926,0.64,0.132,0.403,0.504,0.48,1660
964,L. Thomas 22/23,Leicester City,21,0.08,0.129,0.646,0.802,0.027,0.225,0.205,1655
965,B. Blasi 22/23,Central Córdoba SdE,27,0.178,0.001,0.76,0.509,0.068,0.238,0.026,1651
966,Lucas Vázquez 22/23,Real Madrid,31,0.612,0.728,0.384,0.174,0.5,0,0.58,1650
967,Samuel Xavier 22/23,Fluminense,32,0.242,0.678,0.53,0.117,0.227,0.018,0.544,1649
968,F. Ortega 22/23,Vélez Sarsfield,24,0.217,0.129,0.424,0.691,0.946,0.54,0.757,1640
969,J. Cabrera 22/23,Argentinos Juniors,31,0.905,1,0.516,0.018,0.568,0.137,0.328,1639
970,C. Brittain 22/23,Blackburn Rovers,25,0.136,0.296,0.315,0.815,0.723,0.366,0.783,1635
971,E. Sobol 22/23,Strasbourg,28,0.111,0.466,0.279,0.38,0.996,0.98,0.315,1628
972,R. Lewis 22/23,Man City,18,0.343,0.296,0.046,0.046,0.247,0.038,0.56,1627
973,A. Preciado 22/23,Genk,25,0.615,0.775,0.535,0.732,0.07,0.965,0.762,1627
974,H. Hateboer 22/23,Atalanta,29,0.941,0.466,0.204,0.257,0.594,0.86,0.067,1617
975,L. Olaza 22/23,Real Valladolid,28,0.554,0.381,0.258,0.106,0.56,0.559,0.043,1615
976,J. Tchatchoua 22/23,Charleroi,21,0.204,0.905,0.033,0.313,0.539,0.366,0.873,1613
977,Nanú 22/23,Santa Clara,28,0.298,0.381,0.132,0.163,0.683,0.817,0.415,1610
978,A. Spörle 22/23,Arsenal,27,0.095,0.026,0.679,0.841,0.945,0.325,0.773,1608
979,A. Costa 22/23,Independiente,23,0.749,0.466,0.42,0.963,0.93,0.979,0.372,1607
980,J. Dina Ebimbe 22/23,Eintracht Frankfurt,22,0.834,0.678,0.234,0.709,0.961,0.684,0.881,1601
981,T. Tomiyasu 22/23,Arsenal,24,0.663,0.064,0.567,0.415,0.936,0.544,0.048,1598
982,N. Cozza 22/23,Wolfsburg,24,0.166,0.129,0.49,0.474,0.966,0.599,0.32,1597
983,E. Holm 22/23,Spezia,22,0.217,0.54,0.048,0.478,0.157,0.52,0.757,1593
984,Rúben Lima 22/23,Famalicão,33,0.513,0.296,0.651,0.872,0.236,0.923,0.064,1592
985,B. Pittón 22/23,Newell's Old Boys,30,0.582,0.296,0.715,0.598,0.684,0.349,0.32,1592
986,D. Zappacosta 22/23,Atalanta,30,0.166,0.129,0.198,0.275,0.765,0.038,0.91,1587
987,Íñigo Lekue 22/23,Athletic Bilbao,30,0.232,0.381,0.704,0.302,0.034,0.82,0.491,1585
988,Rubén Peña 22/23,Osasuna,31,0.805,0.608,0.719,0.757,0.129,0.362,0.745,1583
989,João Moutinho 22/23,Spezia,25,0.73,0.54,0.961,0.292,0.08,0.95,0.303,1576
990,Alexsander 22/23,Fluminense,19,0.148,0.381,0.057,0.537,0.253,0.492,0.768,1573
991,Juninho Capixaba 22/23,Red Bull Bragantino,25,0.594,0.54,0.962,0.974,0.103,0.948,0.43,1569
992,F. Guilbert 22/23,Strasbourg,28,0.074,0.064,0.372,0.98,0.906,0.718,0.364,1566
993,L. Venuti 22/23,Fiorentina,28,0.841,0.217,0.469,0.191,0.431,0.564,0.503,1564
994,Paulo Henrique 22/23,Santa Clara,26,0.632,0.129,0.742,0.281,0.029,0.886,0.145,1563
995,Hélder Sá 22/23,Vitória Guimarães,20,0.505,0.678,0.74,0.568,0.704,0.197,0.619,1563
996,D. Abels 22/23,Sparta Rotterdam,25,0.426,0.217,0.443,0.479,0.355,0.794,0.175,1562
997,L. Burnet 22/23,Emmen,32,0.465,0.026,0.279,0.842,0.753,0.094,0.175,1561
998,F. Máter 22/23,Barracas Central,24,0.971,0.064,0.161,0.815,0.461,0.202,0.662,1559
999,I. Kaboré 22/23,Olympique Marseille,22,0.286,0.217,0.142,0.317,0.406,0.242,0.928,1556
1000,S. Montiel 22/23,Argentinos Juniors,22,0.531,0.775,0.146,0.49,0.47,0.008,0.443,1555
1001,A. Lutovac 22/23,Ried,25,0.245,0.608,0.08,0.121,0.222,0.252,0.368,1554
1002,Óscar Mingueza 22/23,Celta de Vigo,24,0.655,0.466,0.867,0.416,0.939,0.069,0.573,1554
1003,O. Kakay 22/23,Queens Park Rangers,25,0.885,0.296,0.322,0.336,0.875,0.445,0.634,1551
1004,J. Le Cardinal 22/23,Lens,25,0.465,0.775,0.695,0.943,0.316,0.877,0.715,1551
1005,J. Graham 22/23,Birmingham City,28,0.381,0.966,0.339,0.402,0.091,0.555,0.634,1550
1006,J. Lawrence-Gabriel 22/23,Blackpool,24,0.197,0.296,0.121,0.637,0.214,0.653,0.183,1539
1007,S. Corchia 22/23,Nantes,32,0.054,0.296,0.214,0.619,0.084,0.512,0.523,1536
1008,F. Mura 22/23,Racing Club,24,0.257,0.54,0.71,0.608,0.509,0.016,0.155,1532
1009,M. Pearson 22/23,Huddersfield Town,29,0.257,0.001,0.319,0.542,0.098,0.5,0.001,1527
1010,C. Terho 22/23,Union Saint-Gilloise,19,0.111,0.842,0.068,0.035,0.021,0.065,0.869,1525
1011,V. Lazaro 22/23,Torino,27,0.91,0.926,0.883,0.017,0.004,0.372,0.661,1513
1012,José Fontán 22/23,Go Ahead Eagles,23,0.178,0.217,0.933,0.561,0.433,0.486,0.162,1507
1013,D. Kreiker 22/23,Austria Wien,20,0.009,0.296,0.044,0.79,0.702,0.341,0.958,1507
1014,M. Roerslev 22/23,Brentford,23,0.687,0.129,0.03,0.08,0.05,0.191,0.078,1505
1015,B. Osborn 22/23,Sheffield United,28,0.888,0.728,0.752,0.123,0.094,0.219,0.328,1499
1016,E. Bocat 22/23,Sint-Truiden,23,0.01,0.296,0.3,0.642,0.215,0.366,0.969,1498
1017,J. Mosquera 22/23,Newell's Old Boys,23,0.687,0.296,0.324,0.486,0.829,0.928,0.364,1496
1018,C. Lykogiannis 22/23,Bologna,29,0.415,0.728,0.906,0.159,0.492,0.837,0.611,1492
1019,J. Roussillon 22/23,Union Berlin,30,0.687,0.608,0.272,0.042,0.025,0.059,0.108,1490
1020,M. De Sciglio 22/23,Juventus,30,0.852,0.026,0.808,0.052,0.667,0.435,0.195,1487
1021,R. Aguilar 22/23,Monaco,30,0.059,0.381,0.916,0.443,0.06,0.396,0.646,1487
1022,A. Koita 22/23,Sint-Truiden,24,0.845,0.728,0.095,0.309,0.294,0.372,0.995,1485
1023,G. Bettini 22/23,Sarmiento,30,0.819,0.381,0.755,0.781,0.319,0.846,0.138,1485
1024,Bruno Pacheco 22/23,Fortaleza,31,0.821,0.129,0.097,0.286,0.158,0.864,0.406,1484
1025,Nacho Vidal 22/23,Osasuna,28,0.081,0.129,0.193,0.7,0.039,0.956,0.17,1479
1026,L. Souto 22/23,Arsenal,24,0.034,0.381,0.437,0.619,0.909,0.688,0.706,1479
1027,M. Fofana 22/23,Gent,18,0.446,0.775,0.01,0.054,0.977,0.034,0.987,1477
1028,D. da Costa 22/23,Mainz 05,29,0.531,0.217,0.812,0.125,0.969,0.969,0.65,1476
1029,Rubens 22/23,Atlético Mineiro,21,0.439,0.466,0.206,0.999,0.949,0.15,0.067,1472
1030,J. Doig 22/23,Hellas Verona,21,0.825,0.466,0.115,0.155,0.662,0.15,0.802,1470
1031,S. Janko 22/23,Bochum,27,0.055,0.026,0.14,0.89,0.781,0.274,0.349,1466
1032,M. Phillips 22/23,WBA,32,0.388,0.905,0.035,0.11,0.495,0.029,0.807,1466
1033,M. Diarra 22/23,Toulouse,22,0.971,0.129,0.193,0.252,0.191,0.658,0.349,1464
1034,E. Meza 22/23,Colón,24,0.362,0.926,0.839,0.358,0.555,0.021,0.685,1463
1035,S. Prieto 22/23,Tigre,30,0.958,0.296,0.77,0.713,0.821,0.119,0.145,1462
1036,Tomás Silva 22/23,Vizela,23,0.465,0.54,0.651,0.88,0.04,0.846,0.362,1461
1037,Khellven 22/23,Athletico Paranaense,22,0.525,0.678,0.099,0.45,0.236,0.866,0.211,1459
1038,N. Mukiele 22/23,PSG,25,0.594,0.678,0.097,0.602,0.646,0.399,0.149,1450
1039,Matheus Pereira 22/23,Vizela,22,0.62,0.296,0.89,0.667,0.226,0.202,0.394,1445
1040,R. Delgado 22/23,Colón,33,0.749,0.381,0.956,0.966,0.449,0.911,0.014,1442
1041,N. Morgantini 22/23,Platense,28,0.017,0.296,0.179,0.786,0.461,0.172,0.052,1440
1042,Maguinho 22/23,Goiás,31,0.02,0.064,0.103,0.531,0.159,0.458,0.508,1439
1043,J. Wießmeier 22/23,Ried,30,0.298,0.466,0.021,0.059,0.653,0.336,0.014,1439
1044,O. El Hilali 22/23,Espanyol,19,0.649,0.466,0.679,0.649,0.997,0.969,0.591,1434
1045,Y. Atal 22/23,Nice,27,0.561,0.808,0.543,0.826,0.922,0.49,0.988,1434
1046,Lucas Rosa 22/23,Valladolid Promesas,23,0.632,0.808,0.077,0.936,0.98,0.291,0.624,1434
1047,F. Fabra 22/23,Boca Juniors,32,0.965,0.54,0.901,0.226,0.995,0.658,0.706,1432
1048,Marlon 22/23,Cruzeiro,26,0.931,0.926,0.936,0.903,0.174,0.435,0.706,1431
1049,N. Fadiga 22/23,Brest,23,0.632,0.001,0.157,0.719,0.18,0.775,0.896,1430
1050,B. Milovanov 22/23,Arouca,25,0.016,0.001,0.445,0.983,0.573,0.731,0.101,1423
1051,R. Vita 22/23,Fortuna Sittard,22,0.758,0.296,0.072,0.339,0.227,0.274,0.45,1419
1052,J. Justin 22/23,Leicester City,25,0.957,0.129,0.188,0.777,0.982,0.561,0.253,1414
1053,Tiago Araújo 22/23,Estoril,22,0.164,0.296,0.43,0.141,0.013,0.86,0.731,1413
1054,Luis Pérez 22/23,Real Valladolid,28,0.906,0.129,0.266,0.551,0.911,0.225,0.278,1413
1055,J. Stanišić 22/23,Bayern München,23,0.941,0.064,0.555,0.5,0.256,0.405,0.744,1411
1056,G. Enrique 22/23,Gimnasia La Plata,23,0.298,0.678,0.339,0.92,0.862,0.992,0.718,1408
1057,M. Bruno 22/23,Kortrijk,29,0.547,0.842,0.3,0.313,0.792,0.069,0.692,1406
1058,Paulo Vitor 22/23,Rio Ave,23,0.102,0.54,0.012,0.222,0.052,0.004,0.982,1400
1059,Carlos Isaac 22/23,Albacete,25,0.774,0.941,0.453,0.44,0.902,0.722,0.326,1399
1060,S. Thioub 22/23,Angers SCO,28,0.893,0.961,0.275,0.116,0.208,0.038,0.747,1396
1061,Abdu Conté 22/23,Troyes,25,0.136,0.728,0.482,0.198,0.339,0.599,0.58,1387
1062,A. Bernabéi 22/23,Celtic,22,0.286,0.926,0.973,0.704,0.133,0.27,0.975,1387
1063,Toti 22/23,Wolverhampton,24,1,0.001,0.432,0.842,0.778,0.877,0.101,1386
1064,Renê 22/23,Internacional,30,0.039,0.217,0.997,0.856,0.883,0.871,0.901,1384
1065,CJ Egan-Riley 22/23,Burnley,20,0.632,0.001,0.71,0.862,0.573,0.415,0.439,1378
1066,M. Busi 22/23,Reims,23,0.813,0.129,0.646,0.739,0.337,0.599,0.65,1378
1067,J. Piquerez 22/23,Palmeiras,24,0.178,0.466,0.14,0.542,0.817,0.804,0.362,1373
1068,O. Drambaev 22/23,Zulte-Waregem,21,0.017,0.296,0.226,0.727,0.896,0.069,0.762,1370
1069,J. Cáceres 22/23,Lanús,23,0.516,0.886,0.888,0.956,0.863,0.833,0.211,1369
1070,William 22/23,Cruzeiro,28,0.324,0.905,0.969,0.462,0.125,0.445,0.792,1366
1071,T. Guidara 22/23,Vélez Sarsfield,27,0.687,0.217,0.794,0.918,0.939,0.599,0.368,1357
1072,F. Melegoni 22/23,Standard Liège,24,0.854,0.678,0.226,0.646,0.262,0.492,0.725,1356
1073,C. Borja 22/23,Sporting Braga,30,0.732,0.775,0.695,0.68,0.901,0.396,0.725,1352
1074,B. Bolingoli 22/23,Mechelen,27,0.257,0.001,0.856,0.896,0.678,0.43,0.491,1350
1075,S. Marcich 22/23,Platense,25,0.413,0.296,0.42,0.939,0.913,0.775,0.221,1348
1076,Javi Hernández 22/23,Girona,25,0.971,0.064,0.911,0.456,0.642,0.742,0.837,1347
1077,Sávio 22/23,Rio Ave,28,0.813,0.808,0.957,0.222,0.589,0.225,0.731,1343
1078,F. Oppegård 22/23,Go Ahead Eagles,20,0.098,0.129,0.084,0.326,0.525,0.691,0.871,1342
1079,T. Ndicka 22/23,Oostende,23,0.205,0.864,0.063,0.197,0.403,0.154,0.338,1341
1080,O. Turton 22/23,Huddersfield Town,30,0.111,0.381,0.432,0.184,0.903,0.653,0.007,1336
1081,H. ter Avest 22/23,Utrecht,26,0.257,0.466,0.894,0.909,0.962,0.873,0.525,1336
1082,S. McCallum 22/23,Norwich City,22,0.257,0.064,0.93,0.992,0.304,0.941,0.258,1326
1083,Álex Centelles 22/23,Almería,23,0.465,0.608,0.606,0.503,0.48,0.098,0.349,1321
1084,Josan 22/23,Elche,33,0.453,0.608,0.148,0.155,0.871,0.119,0.619,1321
1085,L. Blondel 22/23,Tigre,26,0.761,0.217,0.731,0.962,0.185,0.911,0.285,1320
1086,R. Sessegnon 22/23,Tottenham,23,0.056,0.864,0.406,0.193,0.047,0.405,0.43,1319
1087,Fágner 22/23,Corinthians,33,0.808,0.953,0.991,0.509,0.347,0.376,0.316,1316
1088,Patrick 22/23,Atlético Mineiro,30,0.005,0.296,0.033,0.949,1,0.343,0.443,1305
1089,Marçal 22/23,Botafogo,34,0.738,0.864,0.555,0.663,0.311,0.95,0.01,1299
1090,E. Insúa 22/23,Banfield,32,0.07,0.026,0.544,0.923,0.73,0.599,0.672,1295
1091,E. Tchato 22/23,Montpellier,20,0.369,0.381,0.264,0.616,0.696,0.512,0.406,1294
1092,V. Barco 22/23,Boca Juniors,18,0.047,0.728,0.587,0.898,0.644,0.317,0.867,1293
1093,E. Coronel 22/23,Banfield,26,0.325,0.129,0.854,0.966,0.99,0.967,0.646,1288
1094,Toni Lato 22/23,Valencia,25,0.709,0.842,0.329,0.493,0.954,0.057,0.17,1286
1095,F. Vera 22/23,Unión Santa Fe,25,0.136,0.001,0.664,0.802,0.804,0.986,0.684,1276
1096,Flávio Nazinho 22/23,Sporting CP,19,0.732,0.54,0.168,0.503,0.918,0.166,0.585,1272
1097,M. Barcia 22/23,Independiente,22,0.402,0.775,0.013,0.7,0.298,0.219,0.685,1270
1098,R. Tsouka 22/23,Zulte-Waregem,28,0.418,0.064,0.695,0.435,0.826,0.098,0.338,1269
1099,R. D'Haese 22/23,Oostende,24,0.358,0.296,0.339,0.86,0.456,0.26,0.662,1266
1100,L. Hjelde 22/23,Rotherham United,19,0.465,0.064,0.235,0.67,0.08,0.599,0.014,1259
1101,B. Aguirre 22/23,Lanús,22,0.709,0.026,0.466,0.684,0.937,0.215,0.349,1258
1102,D. Kasius 22/23,Rapid Wien,20,0.505,0.978,0.927,0.537,0.611,0.242,0.911,1252
1103,H. Toffolo 22/23,Nottingham Forest,27,0.189,0.678,0.167,0.483,0.466,0.405,0.057,1250
1104,Mariano 22/23,Atlético Mineiro,36,0.06,0.217,0.992,0.167,0.277,0.154,0.183,1250
1105,M. Peinipil 22/23,Barracas Central,24,0.031,0.381,0.717,0.371,0.988,0.573,0.443,1240
1106,W. Zaire-Emery 22/23,PSG,17,0.902,0.381,0.004,0.392,0.386,0.111,0.819,1240
1107,Wilson Manafá 22/23,Porto,28,0.864,0.678,0.734,0.725,0.725,0.977,0.679,1238
1108,J. Díaz 22/23,Barracas Central,25,0.783,0.129,0.544,0.945,0.875,0.935,0.084,1238
1109,L. van Gelderen 22/23,Groningen,22,0.783,0.296,0.192,0.903,0.236,0.937,0.513,1235
1110,J. Rodríguez 22/23,Vasco da Gama,26,0.51,0.728,0.766,0.516,0.653,0.846,0.287,1234
1111,T. Lamptey 22/23,Brighton,22,0.39,0.064,0.115,0.082,0.356,0.021,0.945,1232
1112,Lucas Piton 22/23,Vasco da Gama,22,0.854,0.608,0.629,0.112,0.826,0.145,0.125,1229
1113,Caio Paulista 22/23,São Paulo,25,0.358,0.129,0.446,0.089,0.116,0.877,0.991,1229
1114,L. Esquivel 22/23,Unión Santa Fe,21,0.325,0.728,0.911,0.845,0.808,0.745,0.685,1227
1115,Marlon 22/23,América Mineiro,29,0.217,0.608,0.191,0.954,0.657,0.756,0.966,1220
1116,Wesley 22/23,Flamengo,19,0.217,0.608,0.061,0.349,0.085,0.544,0.539,1218
1117,M. Doherty 22/23,Atlético Madrid,31,0.09,0.064,0.142,0.258,0.211,0.971,0.456,1218
1118,Reinaldo 22/23,Grêmio,33,0.228,0.886,0.774,0.466,0.954,0.392,0.264,1214
1119,Pedrinho 22/23,Athletico Paranaense,20,0.111,0.026,0.591,0.479,0.336,0.86,0.162,1213
1120,S. Byram 22/23,Norwich City,29,0.197,0.001,0.855,0.872,0.074,0.923,0.731,1209
1121,M. Pašalić 22/23,Borussia Dortmund,22,0.005,0.296,0.352,0.228,0.117,0.435,0.944,1208
1122,Xavi Quintillà 22/23,Santa Clara,26,0.632,0.775,0.77,0.106,0.824,0.492,0.243,1198
1123,N. Dyhr 22/23,Kortrijk,21,0.958,0.296,0.559,0.047,0.48,0.599,0.089,1196
1124,Gabriel Inocêncio 22/23,Santos,28,0.343,0.129,0.36,0.748,0.303,0.95,0.864,1188
1125,N. Breitenbruch 22/23,Arsenal,27,0.178,0.026,0.863,0.76,0.713,0.877,0.021,1182
1126,Natanael 22/23,Coritiba,21,0.333,0.217,0.171,0.986,0.569,0.09,0.394,1181
1127,S. Dest 22/23,Milan,22,0.358,0.808,0.319,0.095,0.504,0.492,0.958,1174
1128,S. Bakari 22/23,RKC Waalwijk,28,0.369,0.54,0.349,0.809,0.777,0.013,0.876,1158
1129,M. Djénépo 22/23,Southampton,24,0.992,0.466,0.016,0.585,0.433,0.012,0.798,1157
1130,G. Compagnucci 22/23,Belgrano,31,0.645,0.775,0.279,0.078,0.633,0.162,0.287,1157
1131,J. Uronen 22/23,Schalke 04,28,0.931,0.54,0.51,0.495,0.867,0.454,0.074,1156
1132,J. Barrett Laursen 22/23,Standard Liège,28,0.004,0.001,0.396,0.117,0.2,0.599,0.544,1150
1133,Hugo Novoa 22/23,Basel,20,0.465,0.905,0.093,0.07,0.044,0.065,0.824,1150
1134,L. Hall 22/23,Chelsea,18,0.749,0.926,0.568,0.708,0.615,0.691,0.287,1150
1135,E. Más 22/23,Estudiantes,34,0.988,0.217,0.657,0.302,0.992,0.854,0.262,1148
1136,Matheus Alexandre 22/23,Cuiabá,24,0.825,0.129,0.7,0.846,0.778,0.487,0.23,1143
1137,Zé Carlos 22/23,Vitória Guimarães,21,0.03,0.217,0.086,0.611,0.248,0.119,0.303,1141
1138,T. Ouwejan 22/23,Schalke 04,26,0.744,0.905,0.789,0.595,0.926,0.069,0.295,1141
1139,T. Delaine 22/23,Strasbourg,31,0.209,0.905,0.249,0.064,0.108,0.599,0.807,1138
1140,Y. Baas 22/23,Ajax,20,0,0.064,0.909,0.923,0.786,0.202,0.611,1131
1141,D. Leidner 22/23,Austria Wien,21,0.632,0.381,0.598,0.448,0.437,0.469,0.965,1130
1142,Diogo Calila 22/23,Santa Clara,24,0.402,0.026,0.154,0.591,0.627,0.329,0.692,1127
1143,B. Barros Schelotto 22/23,Gimnasia La Plata,23,0.521,0.129,0.416,0.302,0.608,0.568,0.117,1126
1144,K. Stafylidis 22/23,Bochum,29,0.749,0.381,0.196,0.715,0.193,0.2,0.155,1125
1145,G. Luján 22/23,San Lorenzo,22,0.966,0.678,0.642,0.38,0.507,0.96,0.078,1124
1146,Guga 22/23,Fluminense,24,0.749,0.381,0.222,0.068,0.026,0.691,0.527,1124
1147,D. Yongwa 22/23,Lorient,22,0.547,0.728,0.091,0.576,0.786,0.035,0.863,1123
1148,Paulinho 22/23,Marítimo,31,0.783,0.728,0.125,0.133,0.436,0.423,0.349,1117
1149,Héctor Bellerín 22/23,Sporting CP,28,0.343,0.775,0.482,0.555,0.774,0.672,0.738,1114
1150,Nathan 22/23,Santos,21,0.067,0.466,0.129,0.883,0.725,0.822,0.403,1112
1151,Rubén Sánchez 22/23,Espanyol,22,0.029,0.678,0.027,0.928,0.658,0.986,0.738,1112
1152,L. Pellegrini 22/23,Lazio,24,0.343,0.381,0.915,0.809,0.286,0.349,0.629,1107
1153,J. Barinaga 22/23,Belgrano,22,0.687,0.728,0.657,0.871,0.555,0.069,0.591,1105
1154,Mayke 22/23,Palmeiras,30,0.962,0.129,0.885,0.183,0.286,0.521,0.211,1096
1155,G. Quagliata 22/23,Cremonese,23,0.582,0.864,0.561,0.167,0.009,0.052,0.777,1092
1156,S. Ingolitsch 22/23,Sturm Graz,26,0.077,0.064,0.975,0.739,0.645,0.999,0.56,1085
1157,R. Ogawa 22/23,Vitória Guimarães,26,0.257,0.728,0.657,0.272,0.416,0.986,0.129,1084
1158,O. Aina 22/23,Torino,26,0.892,0.808,0.587,0.236,0.005,0.894,0.952,1083
1159,B. Godfrey 22/23,Everton,25,0.465,0.026,0.183,0.653,0,0.866,0.089,1082
1160,L. Torres 22/23,Rodez,22,0.441,0.129,0.487,0.948,0.162,0.349,0.372,1077
1161,R. Karsdorp 22/23,Roma,28,0.09,0.608,0.315,0.023,0.943,1,0.093,1072
1162,P. Ghiglione 22/23,Cremonese,26,0.911,0.608,0.606,0.343,0.018,0.104,0.133,1071
1163,D. Gosling 22/23,Watford,33,0.879,0.026,0.636,0.542,0.92,0.332,0.038,1063
1164,M. Aydin 22/23,Schalke 04,21,0.41,0.775,0.555,0.936,0.799,0.465,0.624,1062
1165,R. Carstensen 22/23,Genk,22,0.764,0.905,0.91,0.973,0.188,0.474,0.886,1062
1166,D. Dankerlui 22/23,Groningen,26,0.06,0.678,0.684,0.909,0.799,0.79,0.573,1060
1167,T. Mohr 22/23,Schalke 04,27,0.854,0.966,0.949,0.427,0.598,0.225,0.585,1059
1168,Lucas Pires 22/23,Santos,22,0.257,0.129,0.516,0.836,0.883,0.191,0.389,1058
1169,R. Saravia 22/23,Atlético Mineiro,29,0.557,0.001,0.664,0.653,0.542,0.26,0.338,1055
1170,R. Pierre-Gabriel 22/23,Espanyol,24,0.336,0.381,0.261,0.769,0.662,0.691,0.496,1052
1171,Sergio Gómez 22/23,Man City,22,0.111,0.775,0.551,0.04,0.695,0.119,0.715,1051
1172,G. Gudmundsson 22/23,Lille,24,0.922,0.886,0.048,0.446,0.789,0.93,0.93,1051
1173,M. De Wit 22/23,AZ,25,0.971,0.217,0.299,0.79,0.667,0.457,0.235,1048
1174,J. Hurtado 22/23,Red Bull Bragantino,21,0.764,0.864,0.593,0.559,0.918,0.599,0.597,1045
1175,A. Meli 22/23,Godoy Cruz,22,0.022,0.001,0.595,0.984,0.206,0.599,0.145,1044
1176,T. Rothe 22/23,Borussia Dortmund,18,0.101,0.217,0.937,0.996,0.099,0.295,0.813,1043
1177,Jamerson 22/23,Coritiba,24,0.001,0.001,0.151,0.422,0.825,0.179,0.646,1041
1178,J. Scherzer 22/23,Wolfsberger AC,27,0.687,0.864,0.603,0.227,0.115,0.997,0.556,1035
1179,C. Dagba 22/23,Strasbourg,24,0.901,0.064,0.24,0.764,0.534,0.021,0.611,1029
1180,Fábio Santos 22/23,Corinthians,37,0.022,0.001,0.71,0.322,0.016,0.542,0.149,1029
1181,G. Pezzella 22/23,Lecce,25,0.439,0.129,0.705,0.242,0.003,0.833,0.802,1023
1182,Rafinha 22/23,São Paulo,37,0.999,0.296,0.999,0.104,0.319,0.993,0.195,1020
1183,Mateusinho 22/23,Cuiabá,24,0.62,0.217,0.705,0.726,0.347,0.996,0.117,1013
1184,M. Akanji 22/23,Man City,27,0.005,0.129,0.582,0.099,0.608,0.572,0.58,4693
1185,Average 22/23,Club,26,0.503,0.611,0.532,0.493,0.47,0.454,0.56,2352