1,M. Gibbs-White 23/24,Nottingham Forest,24,0.317,0.36,0.257,0.631,0.858,0.744,0.298,3563
2,J. McGinn 23/24,Aston Villa,29,0.128,0.335,0.438,0.211,0.466,0.507,0.301,3374
3,M. Soulé 23/24,Frosinone,21,0.755,0.817,0.438,0.75,0.304,0.907,0.853,3356
4,Sávio 23/24,Girona,20,0.912,0.958,0.713,0.631,0.804,0.729,0.948,3256
5,A. Gordon 23/24,Newcastle United,23,0.827,0.724,0.765,0.809,0.858,0.567,0.695,3232
6,D. McNeil 23/24,Everton,24,0.314,0.347,0.185,0.631,0.695,0.871,0.427,3219
7,B. Saka 23/24,Arsenal,22,0.855,0.842,0.765,0.984,0.804,0.742,0.886,3217
8,P. Foden 23/24,Man City,23,0.546,0.541,0.976,0.832,0.592,0.819,0.639,3150
9,D. Kulusevski 23/24,Tottenham,24,0.737,0.796,0.659,0.474,0.36,0.961,0.842,3126
10,A. Laurienté 23/24,Sassuolo,25,0.76,0.78,0.371,0.324,0.51,0.206,0.716,3104
11,Iñaki Williams 23/24,Athletic Bilbao,29,0.685,0.765,0.878,0.75,0.36,0.829,0.873,3081
12,Isi Palazón 23/24,Rayo Vallecano,29,0.1,0.177,0.108,0.231,0.216,0.01,0.203,3024
13,M. Folorunsho 23/24,Hellas Verona,26,0.167,0.201,0.399,0.069,0.113,0.072,0.131,3018
14,Iván Martín 23/24,Girona,25,0.497,0.128,0.399,0.054,0.51,0.097,0.038,2984
15,A. Candreva 23/24,Salernitana,37,0.149,0.373,0.399,0.453,0.78,0.597,0.556,2981
16,M. Greenwood 23/24,Getafe,22,0.871,0.902,0.53,0.474,0.719,0.159,0.899,2964
17,Felipe Anderson 23/24,Lazio,31,0.492,0.44,0.399,0.528,0.719,0.907,0.319,2956
18,C. Palmer 23/24,Chelsea,22,0.747,0.518,0.93,0.989,0.891,0.853,0.726,2949
19,J. Ito 23/24,Reims,31,0.695,0.682,0.231,0.734,0.719,0.963,0.765,2939
20,K. Kvaratskhelia 23/24,Napoli,23,0.979,0.992,0.873,0.891,0.628,0.654,0.984,2931
21,L. Díaz 23/24,Liverpool,27,0.865,0.688,0.713,0.904,0.216,0.78,0.657,2916
22,Jon Guridi 23/24,Deportivo Alavés,29,0.028,0.025,0.231,0.069,0.36,0.136,0.002,2895
23,Lucas Paquetà 23/24,West Ham,26,0.069,0.296,0.108,0.373,0.51,0.847,0.314,2882
24,Bernardo Silva 23/24,Man City,29,0.778,0.231,0.569,0.396,0.858,0.886,0.268,2880
25,Diego López 23/24,Valencia,22,0.456,0.213,0.231,0.1,0.36,0.458,0.182,2875
26,Mohamed Salah 23/24,Liverpool,31,0.448,0.141,0.94,0.997,0.858,0.981,0.536,2868
27,F. Sotoca 23/24,Lens,33,0.141,0.131,0.257,0.809,0.662,0.881,0.51,2837
28,N. Vlašić 23/24,Torino,26,0.306,0.309,0.257,0.082,0.216,0.18,0.286,2836
29,Dani Rodríguez 23/24,Mallorca,35,0.208,0.221,0.108,0.231,0.546,0.206,0.195,2834
30,A. Garnacho 23/24,Man United,19,0.956,0.85,0.628,0.809,0.546,0.417,0.806,2822
31,A. Colpani 23/24,Monza,25,0.582,0.44,0.734,0.425,0.546,0.654,0.384,2819
32,J. Ayew 23/24,Crystal Palace,32,0.546,0.755,0.335,0.301,0.804,0.417,0.662,2816
33,M. Kudus 23/24,West Ham,23,0.672,0.948,0.734,0.324,0.739,0.536,0.927,2802
34,Álex Baena 23/24,Villarreal,22,0.389,0.231,0.108,0.847,0.981,0.914,0.412,2799
35,C. Pulišić 23/24,Milan,25,0.801,0.878,0.925,0.75,0.739,0.474,0.896,2799
36,M. Cham 23/24,Clermont,23,0.283,0.265,0.335,0.693,0.425,0.051,0.234,2774
37,A. Elanga 23/24,Nottingham Forest,22,0.608,0.448,0.438,0.68,0.912,0.762,0.414,2768
38,C. Führich 23/24,Stuttgart,26,0.953,0.806,0.734,0.786,0.757,0.626,0.801,2762
39,N. Cambiaghi 23/24,Empoli,23,0.724,0.904,0.074,0.301,0.113,0.59,0.871,2762
40,Xavi Simons 23/24,RB Leipzig,21,0.914,0.796,0.659,0.865,0.876,0.853,0.76,2759
41,Rafael Leão 23/24,Milan,24,0.927,0.953,0.798,0.786,0.917,0.912,0.963,2736
42,E. Dinkçi 23/24,Heidenheim,22,0.551,0.389,0.845,0.188,0.425,0.507,0.466,2733
43,Adri Embarba 23/24,Almería,32,0.481,0.713,0.131,0.373,0.257,0.445,0.703,2730
44,Luis Rioja 23/24,Deportivo Alavés,30,0.368,0.595,0.131,0.489,0.425,0.641,0.721,2701
45,Álvaro García 23/24,Rayo Vallecano,31,0.167,0.157,0.585,0.425,0.113,0.554,0.355,2665
46,J. Beste 23/24,Heidenheim,25,0.533,0.265,0.752,0.786,0.958,0.567,0.42,2655
47,R. Del Castillo 23/24,Brest,28,0.623,0.896,0.497,0.847,0.842,0.92,0.922,2635
48,B. Bourigeaud 23/24,Rennes,30,0.051,0.007,0.131,0.884,0.592,0.371,0.059,2611
49,Munir El Haddadi 23/24,Las Palmas,28,0.149,0.149,0.257,0.188,0.257,0.097,0.069,2611
50,A. Iwobi 23/24,Fulham,28,0.711,0.34,0.497,0.425,0.113,0.59,0.44,2589
51,B. Johnson 23/24,Tottenham,23,0.492,0.572,0.53,0.868,0.938,0.943,0.628,2571
52,K. Thorstvedt 23/24,Sassuolo,25,0.126,0.082,0.608,0.211,0.126,0.108,0.036,2550
53,F. Wirtz 23/24,Bayer Leverkusen,21,0.78,0.719,0.878,0.873,0.858,0.943,0.837,2547
54,J. Bellingham 23/24,Real Madrid,20,0.523,0.61,0.994,0.891,0.78,0.654,0.708,2544
55,N. Nández 23/24,Cagliari,28,0.234,0.27,0.077,0.188,0.257,0.458,0.319,2522
56,M. Rashford 23/24,Man United,26,0.77,0.623,0.53,0.556,0.257,0.332,0.569,2518
57,M. Politano 23/24,Napoli,30,0.829,0.837,0.628,0.873,0.804,0.956,0.907,2510
58,Ayoze Pérez 23/24,Real Betis,30,0.628,0.773,0.845,0.847,0,0.396,0.69,2491
59,S. Adingra 23/24,Brighton,22,0.724,0.744,0.628,0.301,0.126,0.474,0.778,2483
60,J. Harrison 23/24,Everton,27,0.226,0.399,0.286,0.255,0.466,0.762,0.389,2483
61,Lamine Yamal 23/24,Barcelona,16,0.876,0.932,0.53,0.75,0.628,0.871,0.938,2466
62,G. Bonaventura 23/24,Fiorentina,34,0.309,0.278,0.786,0.556,0.466,0.474,0.481,2456
63,E. Zhegrova 23/24,Lille,25,0.855,0.979,0.628,0.809,0.719,0.78,0.974,2448
64,V. Grifo 23/24,Freiburg,31,0.219,0.327,0.131,0.93,0.876,0.78,0.481,2431
65,Nico Williams 23/24,Athletic Bilbao,21,0.974,0.971,0.569,0.765,0.976,0.853,0.979,2419
66,J. Ponceau 23/24,Lorient,23,0.706,0.306,0.286,0.082,0.126,0.082,0.188,2405
67,T. Kubo 23/24,Real Sociedad,22,0.894,0.951,0.752,0.556,0.628,0.719,0.943,2371
68,A. Semenyo 23/24,Bournemouth,24,0.829,0.865,0.798,0.556,0.466,0.672,0.873,2366
69,D. Bakwa 23/24,Strasbourg,21,0.755,0.78,0.286,0.425,0.824,0.384,0.731,2365
70,L. Bailey 23/24,Aston Villa,26,0.667,0.752,0.922,0.914,0.961,0.981,0.793,2355
71,R. Doan 23/24,Freiburg,25,0.195,0.641,0.659,0.453,0.304,0.255,0.559,2353
72,M. Tavernier 23/24,Bournemouth,25,0.739,0.43,0.286,0.716,0.628,0.554,0.435,2350
73,J. Hofmann 23/24,Bayer Leverkusen,31,0.296,0.038,0.399,0.904,0.891,0.886,0.201,2348
74,A. Golovin 23/24,Monaco,27,0.368,0.34,0.659,0.657,0.739,0.688,0.407,2333
75,W. Odobert 23/24,Burnley,19,0.822,0.688,0.311,0.301,0.304,0.536,0.615,2308
76,L. Majer 23/24,Wolfsburg,26,0.265,0.188,0.311,0.631,0.662,0.396,0.139,2305
77,F. Kainz 23/24,Köln,31,0.193,0.242,0,0.474,0.51,0.332,0.407,2305
78,T. Minamino 23/24,Monaco,29,0.337,0.26,0.878,0.75,0.842,0.78,0.363,2297
79,Willian 23/24,Fulham,35,0.747,0.51,0.185,0.528,0.304,0.824,0.657,2297
80,P. Almqvist 23/24,Lecce,24,0.592,0.546,0.185,0.152,0.126,0.474,0.451,2293
81,A. Knauff 23/24,Eintracht Frankfurt,22,0.556,0.492,0.765,0.324,0.304,0.206,0.414,2288
82,T. Suslov 23/24,Hellas Verona,21,0.317,0.42,0.185,0.211,0.662,0.056,0.35,2278
83,E. Eze 23/24,Crystal Palace,25,0.646,0.796,0.93,0.891,0.662,0.744,0.822,2266
84,L. Sané 23/24,Bayern München,28,0.966,0.94,0.829,0.969,0.969,0.956,0.914,2251
85,Samuel Lino 23/24,Atlético Madrid,24,0.945,0.786,0.438,0.396,0.662,0.809,0.773,2250
86,Sergio Arribas 23/24,Almería,22,0.337,0.17,0.902,0.786,0.126,0.278,0.193,2249
87,F. Mollet 23/24,Nantes,32,0.043,0.144,0.438,0.693,0.662,0.056,0.216,2247
88,R. Sterling 23/24,Chelsea,29,0.909,0.894,0.829,0.801,0.757,0.886,0.894,2245
89,Gabriel Martinelli 23/24,Arsenal,22,0.889,0.889,0.693,0.801,0.51,0.935,0.925,2234
90,V. Tsygankov 23/24,Girona,26,0.541,0.347,0.829,0.832,0.907,0.773,0.363,2219
91,B. Mbeumo 23/24,Brentford,24,0.51,0.646,0.693,0.945,0.842,0.729,0.739,2218
92,Fran Pérez 23/24,Valencia,21,0.456,0.667,0.077,0.038,0.662,0.18,0.451,2217
93,T. Chong 23/24,Luton Town,24,0.487,0.479,0.438,0.1,0,0.097,0.337,2205
94,J. Bamba 23/24,Celta de Vigo,28,0.729,0.768,0.311,0.255,0.304,0.371,0.708,2190
95,J. Casimir 23/24,Le Havre,22,0.407,0.407,0,0.123,0.78,0.626,0.306,2177
96,M. Almirón 23/24,Newcastle United,30,0.621,0.368,0.311,0.324,0.126,0.072,0.265,2165
97,T. Asano 23/24,Bochum,29,0.208,0.27,0.497,0.631,0.126,0.417,0.247,2151
98,J. Boga 23/24,Nice,27,0.971,0.909,0.608,0.489,0.78,0.255,0.842,2138
99,Lee Jae-Sung 23/24,Mainz 05,31,0.023,0.025,0.497,0.188,0.304,0.317,0.028,2133
100,R. Vargas 23/24,Augsburg,25,0.27,0.502,0.53,0.396,0.36,0.278,0.396,2128
101,J. Kluivert 23/24,Bournemouth,25,0.577,0.603,0.798,0.657,0,0.396,0.569,2095
102,Mousa Al Tamari 23/24,Montpellier,26,0.824,0.59,0.628,0.396,0.36,0.494,0.474,2089
103,C. Hudson-Odoi 23/24,Nottingham Forest,23,0.925,0.698,0.878,0.324,0.126,0.396,0.786,2085
104,M. Zaccagni 23/24,Lazio,28,0.847,0.953,0.734,0.556,0.126,0.332,0.912,2076
105,K. Van Den Kerkhof 23/24,Metz,28,0.51,0.564,0.077,0.123,0.546,0.417,0.502,2067
106,J. McAtee 23/24,Sheffield United,21,0.564,0.368,0.231,0.152,0.36,0.082,0.255,2065
107,D. Lazović 23/24,Hellas Verona,33,0.121,0.18,0.231,0.474,0.36,0.494,0.345,2065
108,G. Laborde 23/24,Nice,30,0.123,0.373,0.53,0.809,0.126,0.507,0.512,2056
109,Marvin Park 23/24,Las Palmas,23,0.345,0.335,0,0.03,0.36,0.17,0.208,2047
110,J. Allevinah 23/24,Clermont,29,0.744,0.695,0.231,0.123,0.126,0.353,0.577,2035
111,N. González 23/24,Fiorentina,26,0.615,0.582,0.961,0.801,0.126,0.17,0.688,2024
112,A. Saelemaekers 23/24,Bologna,24,0.634,0.6,0.53,0.396,0.36,0.626,0.502,2022
113,M. Sissoko 23/24,Nantes,34,0.185,0.051,0,0.007,0,0.092,0.015,1999
114,Robert Navarro 23/24,Cádiz,22,0.762,0.757,0.087,0.152,0.172,0.523,0.731,1999
115,L. Maina 23/24,Köln,24,0.842,0.654,0.087,0.123,0.592,0.458,0.615,1990
116,Alberto Moleiro 23/24,Las Palmas,20,0.86,0.546,0.371,0.1,0.592,0.384,0.461,1969
117,M. Cancellieri 23/24,Empoli,22,0.384,0.77,0.53,0.556,0.36,0.296,0.636,1964
118,R. Orsolini 23/24,Bologna,27,0.507,0.742,0.914,0.809,0.36,0.296,0.744,1964
119,E. Nuamah 23/24,Olympique Lyonnais,20,0.94,0.912,0.371,0.68,0.36,0.384,0.891,1955
120,Pablo Sarabia 23/24,Wolverhampton,32,0.157,0.164,0.231,0.868,0.938,0.597,0.309,1940
121,R. Oudin 23/24,Lecce,27,0.03,0.041,0.371,0.489,0.36,0.317,0.118,1925
122,D. Malen 23/24,Borussia Dortmund,25,0.664,0.791,0.989,0.884,0.172,0.548,0.889,1918
123,C. Ngonge 23/24,Napoli,24,0.592,0.824,0.845,0.693,0.36,0.494,0.819,1916
124,D. Ndoye 23/24,Bologna,23,0.881,0.788,0.087,0.231,0.36,0.136,0.675,1907
125,S. El Shaarawy 23/24,Roma,31,0.404,0.407,0.371,0.301,0.739,0.615,0.255,1905
126,Jaume Costa 23/24,Mallorca,36,0.237,0.067,0,0.007,0.172,0.396,0.126,1897
127,Iván Alejo 23/24,Cádiz,29,0.425,0.662,0,0.007,0.425,0.255,0.76,1886
128,L. Trossard 23/24,Arsenal,29,0.69,0.402,0.987,0.891,0.172,0.332,0.546,1868
129,H. Wilson 23/24,Fulham,27,0.407,0.19,0.569,0.373,0.842,0.332,0.198,1868
130,Bryan Zaragoza 23/24,Granada,22,0.891,0.925,0.693,0.425,0.425,0.773,0.961,1846
131,Rubén Sobrino 23/24,Cádiz,31,0.27,0.242,0,0.1,0.172,0.206,0.11,1821
132,J. Musiala 23/24,Bayern München,21,0.884,0.938,0.966,0.657,0.628,0.829,0.92,1815
133,J. Ikoné 23/24,Fiorentina,26,0.567,0.469,0.399,0.528,0.172,0.159,0.368,1803
134,M. Bero 23/24,Bochum,28,0.061,0.012,0.087,0.069,0.172,0.317,0.015,1799
135,J. Doku 23/24,Man City,21,1,1,0.399,0.786,0.917,0.966,0.997,1791
136,Álex Berenguer 23/24,Athletic Bilbao,28,0.561,0.587,0.798,0.716,0.425,0.206,0.662,1791
137,D. Doué 23/24,Rennes,18,0.788,0.961,0.585,0.324,0.628,0.536,0.956,1785
138,B. Barcola 23/24,PSG,21,0.914,0.845,0.585,0.765,0.858,0.548,0.742,1777
139,J. Le Douaron 23/24,Brest,26,0.368,0.654,0.585,0.631,0,0.056,0.592,1768
140,M. Mudryk 23/24,Chelsea,23,0.896,0.791,0.713,0.693,0.172,0.744,0.706,1765
141,L. Ramazani 23/24,Almería,23,0.695,0.672,0.399,0.657,0.78,0.226,0.551,1746
142,Jorge de Frutos 23/24,Rayo Vallecano,27,0.353,0.25,0.257,0.188,0,0.296,0.26,1745
143,F. Gelli 23/24,Frosinone,27,0.311,0.201,0,0.123,0,0.226,0.123,1742
144,M. Akliouche 23/24,Monaco,22,0.402,0.314,0.902,0.832,0.876,0.974,0.492,1739
145,E. Sabbi 23/24,Le Havre,26,0.149,0.458,0.438,0.6,0,0.072,0.309,1739
146,T. Müller 23/24,Bayern München,34,0.247,0.072,0.608,0.904,0.953,0.992,0.286,1734
147,Suso 23/24,Sevilla,30,0.355,0.711,0.087,0.255,0.876,0.886,0.786,1729
148,L. Blas 23/24,Rennes,26,0.518,0.564,0.438,0.657,0.172,0.242,0.515,1718
149,A. Dønnum 23/24,Toulouse,26,0.719,0.698,0,0.082,0.425,0.567,0.626,1718
150,L. Nego 23/24,Le Havre,33,0.206,0.136,0,0.03,0.466,0.123,0.162,1714
151,J. Leweling 23/24,Stuttgart,23,0.731,0.523,0.608,0.734,0.662,0.641,0.615,1707
152,Pedro Neto 23/24,Wolverhampton,24,0.922,0.822,0.286,0.734,0.992,0.78,0.881,1704
153,Rubén García 23/24,Osasuna,30,0.056,0.185,0.438,0.556,0.466,0.641,0.286,1702
154,João Félix 23/24,Barcelona,24,0.688,0.731,0.914,0.938,0.78,0.654,0.77,1698
155,Toni Lato 23/24,Mallorca,26,0.087,0.074,0,0.02,0.172,0.317,0.09,1697
156,Rodrigo Riquelme 23/24,Atlético Madrid,24,0.863,0.698,0.438,0.474,0.891,0.654,0.677,1692
157,Brahim Diaz 23/24,Real Madrid,24,0.773,0.878,0.948,0.847,0.891,0.84,0.884,1685
158,Ilias Akhomach 23/24,Villarreal,20,0.78,0.922,0.286,0.324,0.466,0.654,0.829,1684
159,K. Mitoma 23/24,Brighton,26,0.989,0.858,0.438,0.6,0.466,0.847,0.863,1673
160,T. Le Bris 23/24,Lorient,21,0.497,0.17,0,0.038,0.466,0.131,0.054,1666
161,Jonathan Viera 23/24,Almería,34,0.667,0.105,0,0.693,0.804,0.597,0.108,1663
162,M. Reus 23/24,Borussia Dortmund,34,0.157,0.015,0.845,0.914,0.891,0.523,0.085,1653
163,K. Lewis-Potter 23/24,Brentford,23,0.677,0.484,0.438,0.914,0.172,0.353,0.515,1652
164,R. Cabella 23/24,Lille,34,0.703,0.502,0.286,0.809,0.662,0.672,0.463,1649
165,K. Paredes 23/24,Wolfsburg,21,0.208,0.463,0.438,0.231,0,0.19,0.345,1642
166,B. De Cordova-Reid 23/24,Fulham,31,0.208,0.041,0.845,0.489,0.466,0.536,0.046,1632
167,David Pereira da Costa 23/24,Lens,23,0.389,0.213,0.628,0.425,0.466,0.458,0.268,1625
168,O. Dembélé 23/24,PSG,27,0.997,0.994,0.497,0.847,0.966,1,0.994,1618
169,M. Mehlem 23/24,Darmstadt 98,26,0.226,0.139,0.497,0.069,0.216,0.371,0.1,1611
170,B. Gruda 23/24,Mainz 05,19,0.963,0.976,0.628,0.765,0.695,0.951,0.951,1607
171,P. Billing 23/24,Bournemouth,27,0.134,0.118,0.286,0.373,0.466,0.193,0.128,1604
172,R. Faivre 23/24,Lorient,25,0.85,0.737,0.765,0.152,0.216,0.474,0.528,1598
173,G. Kastanos 23/24,Salernitana,26,0.064,0.208,0.497,0.301,0,0.193,0.154,1590
174,B. Osborn 23/24,Sheffield United,29,0.036,0.023,0,0.002,0.466,0.046,0.012,1581
175,I. Sarr 23/24,Olympique Marseille,26,0.646,0.476,0.497,0.528,0.466,0.78,0.386,1576
176,Lee Kang-In 23/24,PSG,23,0.394,0.592,0.497,0.188,0.466,0.278,0.577,1573
177,Antonio Sánchez 23/24,Mallorca,27,0.219,0.146,0.497,0.082,0.216,0.278,0.139,1565
178,Ander Barrenetxea 23/24,Real Sociedad,22,0.659,0.806,0.659,0.453,0.216,0.494,0.796,1558
179,Dani Olmo 23/24,RB Leipzig,26,0.603,0.523,0.659,0.556,0.824,0.729,0.564,1554
180,D. Berardi 23/24,Sassuolo,29,0.44,0.42,0.659,0.956,0.695,0.809,0.719,1548
181,F. Buonanotte 23/24,Brighton,19,0.103,0.278,0.53,0.231,0.216,0.154,0.146,1538
182,Ó. Trejo 23/24,Rayo Vallecano,36,0.128,0.448,0,0.038,0,0.396,0.381,1536
183,Raphinha 23/24,Barcelona,27,0.662,0.5,0.786,0.951,0.987,0.886,0.628,1534
184,N. Ngoumou 23/24,Borussia M'gladbach,24,0.677,0.636,0.786,0.716,0.216,0.507,0.628,1532
185,J. Schlupp 23/24,Crystal Palace,31,0.113,0.17,0.311,0.1,0.51,0.048,0.139,1526
186,Antony 23/24,Man United,24,0.775,0.623,0.108,0.693,0.216,0.744,0.685,1515
187,A. Fulgini 23/24,Lens,27,0.363,0.118,0.108,0.734,0.51,0.226,0.216,1514
188,Portu 23/24,Girona,32,0.42,0.064,0.945,0.453,0.917,0.523,0.077,1505
189,K. Nakamura 23/24,Reims,23,0.445,0.61,0.693,0.396,0.216,0.417,0.605,1501
190,C. Sabaly 23/24,Metz,25,0.448,0.621,0.53,0.038,0,0.01,0.427,1495
191,Álex Sola 23/24,Deportivo Alavés,24,0.399,0.603,0,0.324,0.719,0.615,0.67,1476
192,J. Bruun Larsen 23/24,Burnley,25,0.639,0.435,0.822,0.765,0,0.108,0.373,1438
193,N. Bajrami 23/24,Sassuolo,25,0.569,0.36,0.335,0.373,0.546,0.108,0.342,1436
194,M. Olise 23/24,Crystal Palace,22,0.873,0.963,0.979,0.956,0.932,0.886,0.958,1435
195,L. Banda 23/24,Lecce,23,0.806,0.889,0.335,0.556,0.739,0.353,0.935,1431
196,Y. Yazıcı 23/24,Lille,27,0.226,0.085,0.829,0.847,0.546,0.18,0.069,1427
197,N. Schmidt 23/24,Toulouse,26,0.167,0.036,0.108,0.425,0.546,0.567,0.182,1404
198,F. Alidou 23/24,Köln,22,0.592,0.737,0.734,0.231,0,0.02,0.644,1402
199,H. Haraldsson 23/24,Lille,21,0.265,0.131,0.335,0.054,0,0.02,0.043,1385
200,A. Nordin 23/24,Montpellier,25,0.706,0.829,0.845,0.693,0.546,0.384,0.84,1375
201,C. Antwi-Adjei 23/24,Bochum,30,0.634,0.492,0.335,0.556,0.257,0.396,0.543,1371
202,A. Townsend 23/24,Luton Town,32,0.6,0.536,0.131,0.152,0.757,0.507,0.603,1364
203,N. Viola 23/24,Cagliari,34,0.113,0.345,0.845,0.809,0.546,0.597,0.389,1361
204,A. Zakharyan 23/24,Real Sociedad,20,0.164,0.18,0.131,0.396,0.546,0.056,0.175,1359
205,Sergi Canós 23/24,Valencia,27,0.18,0.255,0.131,0.1,0.546,0.278,0.479,1359
206,J. Murphy 23/24,Newcastle United,29,0.255,0.458,0.585,0.786,0.987,0.93,0.577,1344
207,A. Thomasson 23/24,Lens,30,0.141,0.051,0.131,0.734,0.546,0.523,0.061,1337
208,Mathias Pereira Lage 23/24,Brest,27,0.185,0.118,0.585,0.528,0.546,0.056,0.149,1336
209,J. Gudmunds­son 23/24,Burnley,33,0.02,0.118,0.131,0.6,0.757,0.615,0.134,1335
210,V. Carboni 23/24,Monza,19,0.796,0.734,0.371,0.255,0.257,0.417,0.59,1326
211,H. Rafia 23/24,Lecce,25,0.005,0.42,0.131,0.025,0,0.056,0.252,1321
212,F. Pellistri 23/24,Granada,22,0.481,0.582,0.371,0.152,0.257,0.296,0.489,1306
213,Gonzalo Melero 23/24,Almería,30,0.317,0.09,0.131,0.255,0.257,0.136,0.025,1293
214,E. Rashani 23/24,Clermont,31,0.085,0.355,0.371,0.054,0,0.445,0.283,1291
215,Y. Gboho 23/24,Toulouse,23,0.819,0.858,0.608,0.123,0.592,0.819,0.729,1280
216,C. Baumgartner 23/24,RB Leipzig,24,0.53,0.42,0.765,0.6,0.592,0.136,0.353,1274
217,E. Ávila 23/24,Real Betis,30,0.064,0.396,0.371,0.396,0.78,0.554,0.587,1271
218,W. Khazri 23/24,Montpellier,33,0.386,0.298,0.131,0.556,0,0.317,0.296,1271
219,D. Lukébakio 23/24,Sevilla,26,0.752,0.868,0.878,0.556,0.257,0.654,0.878,1268
220,Pablo Fornals 23/24,Real Betis,28,0.394,0.314,0.608,0.489,0.592,0.744,0.435,1261
221,Óscar Melendo 23/24,Granada,26,0.03,0.11,0,0.007,0,0.025,0.005,1255
222,L. Waldschmidt 23/24,Köln,27,0.275,0.355,0.628,0.556,0,0.474,0.432,1243
223,Rodri 23/24,Real Betis,24,0.762,0.868,0,0.069,0,0.353,0.778,1224
224,Ângelo 23/24,Strasbourg,19,0.927,0.855,0,0.211,0.804,0.966,0.824,1220
225,G. Oristanio 23/24,Cagliari,21,0.407,0.667,0.399,0.188,0.257,0.242,0.502,1217
226,Marco Asensio 23/24,PSG,28,0.603,0.085,0.798,0.891,0.917,0.966,0.275,1216
227,Carles Aleñà 23/24,Getafe,26,0.015,0.025,0.131,0.054,0.257,0.033,0.015,1215
228,Carlos Vicente 23/24,Deportivo Alavés,25,0.113,0.201,0.399,0.556,0.917,0.701,0.399,1208
229,Gabriel Strefezza 23/24,Lecce,27,0.644,0.61,0,0.255,0,0.701,0.708,1205
230,N. Madueke 23/24,Chelsea,22,0.969,0.945,0.798,0.489,0.257,0.701,0.94,1205
231,N. Fekir 23/24,Real Betis,30,0.329,0.556,0.131,0.657,0.628,0.701,0.525,1203
232,R. Sottil 23/24,Fiorentina,24,0.899,0.932,0.399,0.6,0.804,0.701,0.945,1202
233,G. Isaksen 23/24,Lazio,23,0.474,0.538,0.659,0.6,0.304,0.801,0.528,1198
234,C. Kouamé 23/24,Fiorentina,26,0.051,0.067,0.399,0.255,0.304,0.255,0.048,1191
235,K. Coman 23/24,Bayern München,27,0.904,0.969,0.659,0.904,0.628,0.951,0.987,1185
236,M. Tel 23/24,Bayern München,19,0.806,0.729,0.974,0.832,0.961,0.719,0.809,1184
237,Assane Diao 23/24,Real Betis,18,0.701,0.469,0.438,0.255,0,0.092,0.224,1161
238,J. Grealish 23/24,Man City,28,0.974,0.796,0.659,0.255,0.304,0.824,0.677,1160
239,Reinier 23/24,Frosinone,22,0.038,0.097,0.438,0.152,0.662,0.265,0.09,1158
240,J. Brown 23/24,Luton Town,26,0.239,0.298,0.438,0.255,0,0.265,0.159,1157
241,K. Fayad 23/24,Montpellier,19,0.097,0.162,0.693,0.048,0,0.038,0.11,1139
242,S. Chukwueze 23/24,Milan,24,0.907,0.577,0.185,0.489,0.662,0.536,0.538,1137
243,J. Bynoe-Gittens 23/24,Borussia Dortmund,19,0.984,0.917,0.185,0.6,0.945,0.773,0.868,1105
244,P. Katseris 23/24,Lorient,22,0.466,0.389,0.185,0.082,0.304,0.108,0.221,1101
245,Óscar Rodríguez 23/24,Getafe,25,0.257,0.304,0.438,0.324,0.304,0.445,0.34,1101
246,A. Ezzalzouli 23/24,Real Betis,22,0.902,0.811,0.185,0.6,0,0,0.855,1093
247,J. Justvan 23/24,Darmstadt 98,26,0.332,0.453,0.438,0.152,0.662,0.688,0.373,1092
248,B. Boutobba 23/24,Clermont,25,0.474,0.569,0.185,0.528,0.304,0.458,0.775,1081
249,K. Sessa 23/24,Heidenheim,23,0.304,0.286,0.497,0.489,0,0.317,0.162,1077
250,L. Mincarelli 23/24,Montpellier,20,0.345,0.095,0.185,0.02,0.304,0.108,0.085,1072
251,A. Beck 23/24,Heidenheim,26,0.247,0.381,0.185,0.123,0.304,0.193,0.167,1072
252,L. Koleosho 23/24,Burnley,19,0.935,0.92,0.231,0.255,0.36,0.332,0.796,1039
253,Silas 23/24,Stuttgart,25,0.806,0.837,0.948,0.914,0.695,0.729,0.817,1036
254,K. Urbański 23/24,Bologna,19,0.365,0.27,0,0.301,0,0.123,0.175,1030
255,V. Černý 23/24,Wolfsburg,26,0.456,0.402,0.878,0.152,0,0.353,0.42,1027
256,K. Adeyemi 23/24,Borussia Dortmund,22,0.711,0.832,0.734,0.6,0.36,0.206,0.814,1025
257,A. Adli 23/24,Bayer Leverkusen,24,0.502,0.293,0.902,0.93,0.997,0.997,0.538,1004
258,N. Zaniolo 23/24,Aston Villa,24,0.44,0.775,0.53,0.528,0,0.226,0.597,1003
259,K. Mbappé 23/24,PSG,25,0.796,0.814,0.997,1,0.824,0.976,0.917,2350
260,Vinícius Júnior 23/24,Real Madrid,23,0.994,0.984,0.992,0.984,0.719,0.701,0.989,2025
261,Rodrygo 23/24,Real Madrid,23,0.961,0.847,0.878,0.914,0.425,0.206,0.835,2599
262,J. Bowen 23/24,West Ham,27,0.432,0.463,0.948,0.847,0.546,0.242,0.402,3382
263,J. Sancho 23/24,Borussia Dortmund,24,0.943,0.824,0.53,0.734,0.719,0.853,0.755,983
264,W. Willumsson 23/24,Go Ahead Eagles,25,0.157,0.286,0.628,0.188,0.216,0.296,0.226,2882
265,Iñigo Córdoba 23/24,Fortuna Sittard,27,0.762,0.664,0.335,0.324,0.113,0.417,0.654,2873
266,D. Rots 23/24,Twente,22,0.569,0.688,0.659,0.453,0.876,0.829,0.682,2736
267,Y. Namli 23/24,PEC Zwolle,29,0.853,0.726,0.335,0.324,0.546,0.809,0.747,2732
268,D. de Wit 23/24,AZ,26,0,0,0.798,0.255,0.425,0.159,0,2681
269,J. Bakayoko 23/24,PSV,21,0.987,0.987,0.93,0.873,0.842,0.935,0.992,2674
270,O. Sahraoui 23/24,Heerenveen,22,0.981,0.989,0.752,0.765,0.592,0.801,0.966,2639
271,S. Steijn 23/24,Twente,22,0.038,0.005,0.979,0.93,0.257,0.17,0.064,2576
272,A. Verschueren 23/24,Sparta Rotterdam,27,0.182,0.103,0.829,0.556,0.257,0.78,0.188,2545
273,O. Edvardsen 23/24,Go Ahead Eagles,25,0.146,0.474,0.713,0.556,0.126,0.353,0.368,2480
274,O. Velanas 23/24,PEC Zwolle,25,0.335,0.208,0.569,0.453,0.51,0.567,0.25,2316
275,B. Ould-Chikh 23/24,Volendam,26,0.835,0.907,0.185,0.255,0.757,0.744,0.865,2290
276,C. Stengs 23/24,Feyenoord,25,0.502,0.255,0.693,0.765,0.969,0.871,0.335,2245
277,C. Lokesa 23/24,RKC Waalwijk,19,0.42,0.373,0.077,0.631,0.304,0.097,0.278,2242
278,E. Reijnders 23/24,PEC Zwolle,23,0.378,0.311,0.311,0.054,0.126,0.445,0.231,2220
279,A. Halilović 23/24,Fortuna Sittard,27,0.414,0.515,0.311,0.6,0.304,0.296,0.641,2207
280,O. Boussaid 23/24,Utrecht,24,0.551,0.572,0.438,0.453,0.51,0.917,0.69,2188
281,K. Kozłowski 23/24,Vitesse,20,0.242,0.716,0.311,0.528,0.78,0.371,0.548,2178
282,G. Til 23/24,PSV,26,0.136,0.1,0.94,0.979,0.51,0.688,0.17,2176
283,M. van Ginkel 23/24,Vitesse,31,0.025,0.002,0.713,0.489,0.304,0.072,0.023,2149
284,L. Brouwers 23/24,Heerenveen,26,0.077,0.051,0.713,0.373,0.126,0.762,0.038,2137
285,S. Bergwijn 23/24,Ajax,26,0.842,0.708,0.798,0.974,0.695,0.904,0.75,2129
286,M. Vlap 23/24,Twente,26,0.327,0.329,0.231,0.693,0.546,0.474,0.394,2108
287,Igor Paixão 23/24,Feyenoord,23,0.641,0.675,0.925,0.956,0.695,0.884,0.832,2069
288,J. Toornstra 23/24,Utrecht,35,0.048,0.041,0.53,0.631,0.36,0.206,0.154,2039
289,E. Hansson 23/24,Heracles,25,0.951,0.75,0.335,0.489,0.932,0.84,0.85,2030
290,S. Hansen 23/24,NEC,22,0.786,0.835,0.752,0.489,0.36,0.567,0.757,2030
291,C. Driouech 23/24,Excelsior,22,0.932,0.966,0.752,0.657,0.891,0.801,0.979,2027
292,A. Boutrah 23/24,Vitesse,23,0.886,0.546,0.335,0.188,0.36,0.17,0.469,2007
293,B. Adekanye 23/24,Go Ahead Eagles,25,0.569,0.762,0,0.324,0.592,0.762,0.765,1998
294,D. Cleonise 23/24,RKC Waalwijk,22,0.878,0.93,0.087,0.425,0.36,0.78,0.909,1954
295,K. Hlynsson 23/24,Ajax,20,0.19,0.079,0.845,0.68,0.172,0.242,0.134,1924
296,M. Mattsson 23/24,NEC,25,0.201,0.623,0.948,0.873,0.739,0.567,0.644,1871
297,B. Limbombe 23/24,Heracles,23,0.742,0.634,0.257,0.152,0,0.154,0.574,1857
298,K. Saito 23/24,Sparta Rotterdam,22,0.817,0.68,0.399,0.6,0.757,0.641,0.652,1845
299,C. Nunnely 23/24,Heerenveen,25,0.613,0.654,0.257,0.123,0.425,0.265,0.564,1830
300,K. Sano 23/24,NEC,20,0.167,0.36,0.713,0.211,0.172,0.033,0.242,1827
301,R. Niemeijer 23/24,RKC Waalwijk,29,0.012,0.105,0.257,0.489,0.425,0.123,0.118,1762
302,L. Lamprou 23/24,Excelsior,26,0.525,0.51,0.822,0.765,0.78,0.626,0.698,1742
303,M. Tillman 23/24,PSV,21,0.51,0.636,0.969,0.945,0.994,0.948,0.75,1724
304,Z. Booth 23/24,Volendam,20,0.61,0.394,0.286,0.118,0.172,0.038,0.234,1710
305,L. Duijvestijn 23/24,Excelsior,25,0.195,0.074,0.608,0.528,0.876,0.567,0.1,1699
306,J. Breum 23/24,Go Ahead Eagles,20,0.471,0.438,0.438,0.68,0.172,0.18,0.494,1689
307,R. van Bommel 23/24,AZ,19,0.677,0.484,0.845,0.324,0.172,0.744,0.515,1652
308,H. Lozano 23/24,PSV,28,0.945,0.85,0.845,0.966,0.466,0.927,0.932,1647
309,V. Jensen 23/24,Utrecht,24,0.105,0.09,0.961,0.832,0.216,0.136,0.079,1630
310,S. Berghuis 23/24,Ajax,32,0.721,0.641,0.765,0.938,0.981,0.987,0.855,1593
311,Rober González 23/24,NEC,23,0.291,0.497,0.873,0.631,0.824,0.554,0.497,1592
312,C. Neghli 23/24,Sparta Rotterdam,22,0.618,0.44,0.765,0.6,0,0.554,0.451,1591
313,Y. Minteh 23/24,Feyenoord,19,0.992,0.974,0.984,0.976,0.824,0.922,0.976,1581
314,M. Manhoef 23/24,Vitesse,22,0.84,0.914,0.659,0.396,0,0.719,0.93,1578
315,M. van Brederode 23/24,AZ,20,0.652,0.603,0.335,0.231,0.739,0.865,0.662,1406
316,D. Sanches Fernandes 23/24,Excelsior,22,0.652,0.484,0.335,0.425,0,0.865,0.319,1406
317,P. Wålemark 23/24,Heerenveen,22,0.582,0.819,0.585,0.489,0.257,0.523,0.786,1322
318,G. de Regt 23/24,Vitesse,20,0.432,0.384,0.131,0.255,0.257,0.296,0.26,1310
319,D. Johnson 23/24,Volendam,24,0.463,0.43,0.131,0.231,0.592,0.729,0.332,1309
320,A. Ouahim 23/24,Heracles,26,0.082,0.239,0.371,0.028,0.257,0.025,0.115,1302
321,L. Ivanušec 23/24,Feyenoord,25,0.804,0.719,0.608,0.938,0.912,0.829,0.737,1260
322,A. Hrustić 23/24,Heracles,27,0.079,0.19,0.131,0.211,0,0.005,0.229,1249
323,T. Chery 23/24,NEC,35,0.203,0.198,0.914,0.693,0.628,0.59,0.481,1215
324,T. Bruns 23/24,Heracles,32,0.059,0.115,0,0.118,0,0.494,0.051,1212
325,R. Oratmangoen 23/24,Fortuna Sittard,26,0.381,0.291,0,0.082,0,0.226,0.211,1100
326,T. Noslin 23/24,Fortuna Sittard,24,0.525,0.528,0.713,0.556,0.304,0.108,0.551,1098
327,S. Mito 23/24,Sparta Rotterdam,21,0.631,0.597,0.438,0.373,0,0.445,0.605,1095
328,J. Lonwijk 23/24,Fortuna Sittard,24,0.087,0.157,0.497,0.716,0.695,0.474,0.067,1066
329,Pepê Aquino 23/24,Porto,27,0.432,0.528,0.286,0.211,0.466,0.626,0.474,3169
330,Carlinhos 23/24,Portimonense,29,0.324,0.167,0.497,0.474,0.51,0.01,0.152,3115
331,Jota Silva 23/24,Vitória Guimarães,24,0.345,0.52,0.845,0.657,0.628,0.688,0.559,3016
332,Hélio Varela 23/24,Portimonense,22,0.865,0.925,0.53,0.255,0.216,0.384,0.904,2960
333,R. Guitane 23/24,Estoril,24,0.938,0.899,0.399,0.152,0.36,0.701,0.783,2956
334,M. Sylla 23/24,Arouca,25,0.425,0.247,0.257,0.152,0.546,0.265,0.18,2783
335,Pedro Gonçalves 23/24,Sporting CP,25,0.283,0.329,0.902,0.956,0.953,0.567,0.471,2780
336,Jason 23/24,Arouca,29,0.257,0.224,0.585,0.631,0.662,0.641,0.358,2734
337,Rodrigo Gomes 23/24,Estoril,20,0.652,0.347,0.659,0.489,0.425,0.597,0.273,2718
338,Rafa Silva 23/24,Benfica,30,0.731,0.533,0.969,0.989,0.969,0.93,0.61,2699
339,João Mário 23/24,Benfica,31,0.448,0.384,0.131,0.324,0,0.136,0.319,2611
340,Alan 23/24,Moreirense,24,0.257,0.213,0.257,0.324,0.425,0.136,0.1,2606
341,Ricardo Horta 23/24,Sporting Braga,29,0.074,0.033,0.829,0.765,0.592,0.886,0.211,2559
342,M. Dominguez 23/24,Gil Vicente,28,0.301,0.224,0.53,0.324,0.592,0.265,0.17,2542
343,Galeno 23/24,Porto,26,0.791,0.646,0.786,0.809,0.719,0.672,0.592,2505
344,Tiago Araújo 23/24,Estoril,23,0.36,0.314,0.131,0.054,0,0.353,0.301,2477
345,Marco Matias 23/24,Farense,35,0.136,0.417,0.131,0.425,0.628,0.082,0.317,2473
346,Léo Jabá 23/24,Estrela Amadora,25,0.587,0.675,0.399,0.716,0.628,0.922,0.801,2410
347,Á. Di María 23/24,Benfica,36,0.623,0.757,0.734,0.994,0.951,0.994,0.969,2405
348,Félix Correia 23/24,Gil Vicente,23,0.533,0.623,0.569,0.324,0.304,0.672,0.61,2355
349,Miguel Reisinho 23/24,Boavista,25,0.007,0.051,0.185,0.018,0.304,0.038,0.007,2282
350,M. Belloumi 23/24,Farense,21,0.368,0.556,0.765,0.255,0.126,0.278,0.533,2233
351,João Camacho 23/24,Moreirense,29,0.577,0.698,0.438,0.396,0.757,0.417,0.698,2232
352,K. Fujimoto 23/24,Gil Vicente,24,0.105,0.015,0.185,0.152,0.757,0.371,0.033,2214
353,João Marques 23/24,Estoril,22,0.275,0.252,0.585,0.152,0.757,0.507,0.242,2212
354,Bruno Lourenço 23/24,Boavista,26,0.105,0.113,0.311,0.231,0,0.007,0.056,2207
355,Murilo 23/24,Gil Vicente,29,0.469,0.561,0.185,0.68,0.858,0.242,0.445,2189
356,Hevertton Santos 23/24,Estrela Amadora,23,0.01,0.195,0,0.03,0.126,0.01,0.079,2176
357,Nuno Moreira 23/24,Casa Pia AC,24,0.247,0.262,0.335,0.324,0.126,0.597,0.358,2090
358,Francisco Conceicão 23/24,Porto,21,0.92,0.997,0.628,0.951,0.695,0.935,1,2059
359,Y. Soma 23/24,Casa Pia AC,27,0.518,0.507,0.628,0.123,0.546,0.226,0.448,2025
360,Gustavo Sá 23/24,Famalicão,19,0.283,0.407,0.371,0.489,0.824,0.719,0.278,1997
361,Álvaro Djaló 23/24,Sporting Braga,24,0.559,0.543,0.902,0.914,0.824,0.853,0.721,1983
362,Trincão 23/24,Sporting CP,24,0.672,0.61,0.948,0.832,0.907,0.878,0.67,1896
363,Bruma 23/24,Sporting Braga,29,0.791,0.873,0.786,0.716,0.425,0.332,0.827,1881
364,Chiquinho 23/24,Famalicão,24,0.479,0.775,0.693,0.528,0.592,0.417,0.644,1872
365,Joca 23/24,Rio Ave,28,0.095,0.314,0.569,0.1,0.425,0.193,0.402,1847
366,Rúben Ribeiro 23/24,Chaves,36,0.28,0.152,0.087,0.048,0.172,0.193,0.097,1842
367,S. Jasper 23/24,Portimonense,22,0.543,0.744,0.257,0.211,0.425,0.159,0.597,1798
368,K. Kodisang 23/24,Moreirense,24,0.296,0.453,0.087,0.396,0.628,0.626,0.44,1749
369,Leandro Sanca 23/24,Chaves,24,0.716,0.884,0,0.324,0,0.417,0.811,1692
370,J. Rodríguez 23/24,Famalicão,25,0.425,0.858,0.108,0.123,0.804,0.688,0.842,1629
371,João Reis 23/24,Estrela Amadora,31,0.046,0.051,0,0,0.216,0.002,0.007,1600
372,João Mendes 23/24,Vitória Guimarães,29,0.337,0.414,0.93,0.75,0.695,0.84,0.497,1568
373,Paulinho 23/24,Sporting CP,31,0.087,0.041,1,0.969,0.51,0.417,0.239,1509
374,Tiago Morais 23/24,Boavista,20,0.489,0.646,0.798,0.716,0.51,0.597,0.577,1488
375,M. Edwards 23/24,Sporting CP,25,0.814,0.876,0.693,0.884,0.917,0.989,0.902,1486
376,Madson 23/24,Moreirense,24,0.693,0.685,0.822,0.301,0.216,0.332,0.623,1461
377,Ronald 23/24,Estrela Amadora,22,0.355,0.577,0.108,0.123,0.51,0.458,0.451,1446
378,M. Lacava 23/24,Vizela,21,0.291,0.278,0,0.255,0.938,0.809,0.329,1428
379,Heriberto Tavares 23/24,Estoril,27,0.538,0.481,0.335,0.301,0,0.051,0.373,1412
380,Jean Felipe 23/24,Estrela Amadora,30,0.002,0.01,0.131,0.528,0.592,0.296,0.03,1317
381,David Neres 23/24,Benfica,27,0.837,0.943,0.878,0.981,1,0.979,0.971,1281
382,Wagner Pina 23/24,Estoril,21,0.219,0.231,0,0.005,0.257,0.025,0.09,1250
383,T. Touré 23/24,Gil Vicente,21,0.956,0.981,0.628,0.453,0,0.082,0.953,1245
384,Elves Baldé 23/24,Farense,24,0.587,0.554,0.185,0.255,0.842,0.396,0.515,1139
385,R. N'Do 23/24,Estrela Amadora,22,0.414,0.886,0.185,0.373,0.304,0.278,0.86,1123
386,Pizzi 23/24,Sporting Braga,34,0.072,0.015,0.185,0.373,0.945,0.672,0.069,1104
387,Nuno Santos 23/24,Vitória Guimarães,25,0.177,0.324,0.438,0.425,0.976,0.672,0.425,1100
388,Alberto Soro 23/24,Vizela,25,0.242,0.154,0.878,0.657,0.36,0.615,0.206,1026
389,Rafael Barbosa 23/24,Farense,28,0.018,0.229,0.231,0.082,0.36,0.131,0.293,1011
390,Vinícius Júnior 22/23,Real Madrid,22,0.995,0.982,0.93,0.927,0.953,0.924,0.976,5393
391,M. Rashford 22/23,Man United,25,0.757,0.543,0.997,0.898,0.524,0.481,0.646,4778
392,Jota 22/23,Celtic,24,0.953,0.986,0.911,0.951,0.953,0.995,0.995,3231
393,B. Saka 22/23,Arsenal,21,0.869,0.867,0.911,0.772,0.728,0.565,0.852,4816
394,Mohamed Salah 22/23,Liverpool,30,0.698,0.369,0.985,0.991,0.943,0.894,0.581,4816
395,João Mário 22/23,Benfica,30,0.407,0.266,0.646,0.967,0.809,0.919,0.43,4634
396,Hyun-Seok Hong 22/23,Gent,23,0.07,0.039,0.386,0.389,0.629,0.691,0.049,4520
397,J. Clarke 22/23,Sunderland,22,0.951,0.896,0.646,0.346,0.751,0.539,0.763,4495
398,J. Bowen 22/23,West Ham,26,0.543,0.589,0.593,0.833,0.549,0.496,0.503,4495
399,K. De Bruyne 22/23,Man City,31,0.522,0.423,0.646,0.938,0.997,1,0.883,4488
400,Heung-Min Son 22/23,Tottenham,30,0.528,0.392,0.789,0.752,0.481,0.343,0.438,4458
401,J. Wallace 22/23,WBA,29,0.48,0.644,0.333,0.554,0.629,0.944,0.795,4424
402,B. Brereton Díaz 22/23,Blackburn Rovers,24,0.415,0.236,0.802,0.644,0.194,0.427,0.262,4320
403,A. Dreyer 22/23,Anderlecht,25,0.157,0.167,0.802,0.715,0.585,0.786,0.298,4290
404,J. Brownhill 22/23,Burnley,27,0.104,0.009,0.421,0.23,0.77,0.409,0.028,4257
405,L. Pellegrini 22/23,Roma,26,0.11,0.144,0.214,0.919,0.77,0.362,0.14,4242
406,Xavi Simons 22/23,PSV,20,0.932,0.63,0.95,0.927,0.831,0.885,0.68,4228
407,L. Blas 22/23,Nantes,25,0.713,0.864,0.558,0.804,0.585,0.228,0.871,4188
408,Ricardo Horta 22/23,Sporting Braga,28,0.07,0.061,0.873,0.885,0.751,0.766,0.233,4185
409,D. Szoboszlai 22/23,RB Leipzig,22,0.621,0.496,0.558,0.772,0.9,0.85,0.592,4182
410,A. Scott 22/23,Bristol City,19,0.366,0.57,0.079,0.037,0.435,0.152,0.393,4175
411,Otávio 22/23,Porto,28,0.37,0.477,0.522,0.576,0.809,0.691,0.537,4139
412,M. Diaby 22/23,Bayer Leverkusen,23,0.744,0.478,0.818,0.863,0.809,0.885,0.702,4136
413,M. Götze 22/23,Eintracht Frankfurt,31,0.148,0.141,0.175,0.202,0.703,0.581,0.187,4103
414,Bruno Fernandes 22/23,Man United,28,0.268,0.114,0.488,0.919,0.831,0.985,0.397,6301
415,S. Bergwijn 22/23,Ajax,25,0.897,0.698,0.902,0.855,0.435,0.691,0.728,4090
416,A. Iwobi 22/23,Everton,27,0.362,0.257,0.079,0.156,0.703,0.786,0.29,4085
417,Rafael Leão 22/23,Milan,23,0.954,0.977,0.95,0.875,0.931,0.957,0.976,4017
418,Gabriel Martinelli 22/23,Arsenal,21,0.829,0.671,0.889,0.885,0.751,0.795,0.737,4013
419,F. Aursnes 22/23,Benfica,27,0.14,0.081,0.175,0.202,0.355,0.741,0.07,3955
420,V. Tsygankov 22/23,Girona,25,0.589,0.404,0.68,0.772,0.869,0.518,0.505,3926
421,Z. Flemming 22/23,Millwall,24,0.081,0.186,0.858,0.524,0.159,0.388,0.259,3920
422,B. Bourigeaud 22/23,Rennes,29,0.134,0.015,0.386,0.833,0.831,0.855,0.222,3913
423,Rafa Silva 22/23,Benfica,30,0.821,0.722,0.873,0.98,0.77,0.817,0.759,3858
424,F. Amuzu 22/23,Anderlecht,23,0.877,0.791,0.175,0.485,0.728,0.831,0.808,3840
425,I. Sarr 22/23,Watford,25,0.503,0.71,0.617,0.752,0.481,0.362,0.667,3830
426,J. Grealish 22/23,Man City,27,0.982,0.755,0.386,0.644,0.77,0.927,0.664,3823
427,M. Edwards 22/23,Sporting CP,24,0.882,0.843,0.698,0.804,0.728,0.885,0.828,3819
428,R. McGree 22/23,Middlesbrough,24,0.218,0.152,0.386,0.524,0.251,0.466,0.164,3785
429,Galeno 22/23,Porto,25,0.939,0.888,0.802,0.875,0.481,0.722,0.901,3776
430,M. Zaccagni 22/23,Lazio,27,0.818,0.951,0.646,0.455,0.728,0.595,0.912,3735
431,Antony 22/23,Man United,23,0.821,0.762,0.698,0.668,0.481,0.705,0.789,3733
432,I. Chair 22/23,Queens Park Rangers,25,0.827,0.905,0.333,0.715,0.728,0.673,0.936,3723
433,M. Trésor 22/23,Genk,24,0.698,0.364,0.558,0.885,1,0.595,0.402,3701
434,R. Doan 22/23,Freiburg,24,0.431,0.718,0.646,0.455,0.481,0.451,0.65,3681
435,A. Weimann 22/23,Bristol City,31,0.083,0.064,0.488,0.485,0.481,0.263,0.08,3669
436,S. Chukwueze 22/23,Villarreal,24,0.972,0.871,0.858,0.715,0.869,0.957,0.829,3659
437,K. Kvaratskhelia 22/23,Napoli,22,0.959,0.936,0.818,0.919,0.969,0.963,0.94,3647
438,S. Mijnans 22/23,AZ,23,0.031,0.075,0.522,0.346,0.585,0.32,0.061,3641
439,M. Gibbs-White 22/23,Nottingham Forest,23,0.28,0.263,0.175,0.738,0.809,0.753,0.299,3635
440,Francisco Trincão 22/23,Sporting CP,23,0.547,0.608,0.858,0.752,0.402,0.301,0.53,3634
441,J.  McGinn 22/23,Aston Villa,28,0.037,0.241,0.175,0.037,0.251,0.088,0.157,3629
442,Nico Williams 22/23,Athletic Bilbao,20,0.95,0.965,0.646,0.485,0.481,0.73,0.954,3627
443,J. Ito 22/23,Reims,30,0.705,0.748,0.421,0.668,0.668,0.897,0.859,3626
444,W. Smallbone 22/23,Stoke City,23,0.11,0.024,0.175,0.26,0.481,0.409,0.05,3616
445,N. Vlašić 22/23,Torino,25,0.37,0.386,0.363,0.26,0.585,0.595,0.316,3568
446,J. Odgaard 22/23,AZ,24,0.286,0.499,0.818,0.804,0.585,0.362,0.585,3562
447,B. Garré 22/23,Krylya Sovetov,22,0.755,0.797,0.421,0.389,0.159,0.165,0.835,3562
448,J. Musiala 22/23,Bayern München,20,0.776,0.913,0.93,0.963,0.92,0.919,0.897,3559
449,Lucas Paquetà 22/23,West Ham,25,0.165,0.164,0.274,0.324,0.402,0.481,0.217,3554
450,W. Keane 22/23,Wigan Athletic,30,0.014,0.037,0.721,0.623,0.159,0.042,0.009,3552
451,K. Fujimoto 22/23,Gil Vicente,23,0.118,0.069,0.062,0.037,0.102,0.409,0.031,3541
452,Andreas Pereira 22/23,Fulham,27,0.161,0.093,0.363,0.6,0.585,0.165,0.161,3514
453,S. March 22/23,Brighton,28,0.581,0.798,0.522,0.804,0.585,0.885,0.877,3507
454,V. Grifo 22/23,Freiburg,30,0.488,0.451,0.68,0.938,0.703,0.653,0.627,3504
455,H. Barnes 22/23,Leicester City,25,0.821,0.53,0.873,0.6,0.299,0.388,0.607,3493
456,J. Swift 22/23,WBA,27,0.336,0.244,0.214,0.919,0.831,0.705,0.213,3471
457,M. Grüll 22/23,Rapid Wien,24,0.614,0.774,0.617,0.752,0.703,0.581,0.799,3463
458,J. Ayew 22/23,Crystal Palace,31,0.511,0.714,0.274,0.099,0.402,0.182,0.492,3457
459,Raphinha 22/23,Barcelona,26,0.835,0.734,0.748,0.898,0.961,0.837,0.86,3457
460,A. Ruiz 22/23,Arouca,29,0.11,0.366,0.295,0.099,0.299,0.088,0.321,3456
461,Kang-In Lee 22/23,Mallorca,22,0.45,0.633,0.454,0.389,0.77,0.496,0.581,3448
462,S. Olsson 22/23,Heerenveen,25,0.148,0.084,0.136,0.051,0.102,0.131,0.023,3448
463,Samuel Lino 22/23,Valencia,23,0.772,0.82,0.617,0.291,0.159,0.228,0.82,3441
464,V. van Crooij 22/23,Sparta Rotterdam,27,0.091,0.118,0.522,0.898,0.943,0.362,0.29,3437
465,R. Mahrez 22/23,Man City,32,0.694,0.388,0.841,0.982,0.931,0.786,0.505,3435
466,F. Sotoca 22/23,Lens,32,0.183,0.1,0.522,0.804,0.852,0.795,0.305,3410
467,P. Roberts 22/23,Sunderland,26,0.957,0.939,0.363,0.455,0.703,0.771,0.927,3407
468,J. Hove 22/23,Groningen,22,0.014,0.019,0.558,0.26,0.159,0.481,0.038,3391
469,A. Golovin 22/23,Monaco,27,0.556,0.344,0.617,0.644,0.77,0.637,0.398,3389
470,C. Ünder 22/23,Olympique Marseille,25,0.461,0.469,0.295,0.919,0.435,0.795,0.688,3384
471,K. Mitoma 22/23,Brighton,26,0.947,0.76,0.771,0.898,0.885,0.885,0.724,3382
472,J. Paintsil 22/23,Genk,25,0.844,0.595,0.977,0.946,0.885,0.938,0.775,3370
473,Sergio Canales 22/23,Real Betis,32,0.698,0.249,0.363,0.389,0.299,0.427,0.347,3370
474,Amad Diallo 22/23,Man United,20,0.764,0.603,0.818,0.623,0.299,0.343,0.542,3363
475,Y. Carrasco 22/23,Atlético Madrid,29,0.892,0.875,0.617,0.875,0.435,0.869,0.835,3356
476,M. Diemers 22/23,Emmen,29,0.488,0.443,0.252,0.455,0.549,0.32,0.454,3337
477,Yéremi Pino 22/23,Villarreal,20,0.431,0.558,0.295,0.738,0.728,0.73,0.404,3336
478,J. Allen 22/23,Coventry City,28,0.016,0.03,0.558,0.202,0.159,0.026,0.014,3329
479,P. Foden 22/23,Man City,23,0.535,0.337,0.95,0.833,0.809,0.771,0.495,3318
480,Pablo Maffeo 22/23,Mallorca,25,0.238,0.439,0.102,0.012,0.299,0.32,0.423,3315
481,S. Szymański 22/23,Feyenoord,24,0.107,0.176,0.771,0.772,0.629,0.388,0.274,3308
482,M. Sylla 22/23,Arouca,24,0.305,0.211,0.062,0.324,0.435,0.55,0.152,3303
483,J. Ikoné 22/23,Fiorentina,25,0.795,0.596,0.454,0.576,0.629,0.581,0.461,3302
484,Matheus Nunes 22/23,Wolverhampton,24,0.409,0.382,0.102,0.037,0.159,0.217,0.267,3277
485,Musa Al Tamari 22/23,OH Leuven,25,0.916,0.814,0.454,0.668,0.299,0.343,0.812,3276
486,Isi Palazón 22/23,Rayo Vallecano,28,0.102,0.256,0.646,0.554,0.435,0.165,0.251,3275
487,Antony 22/23,Arouca,21,0.336,0.201,0.488,0.23,0.102,0.103,0.115,3271
488,J. Brandt 22/23,Borussia Dortmund,27,0.421,0.341,0.789,0.668,0.809,0.85,0.379,3266
489,Óliver Torres 22/23,Sevilla,28,0.266,0.163,0.214,0.133,0.299,0.869,0.272,3266
490,A. Mehmeti 22/23,Bristol City,22,0.794,0.935,0.789,0.694,0.668,0.595,0.923,3258
491,M. Simon 22/23,Nantes,27,0.936,0.805,0.295,0.524,0.435,0.869,0.805,3256
492,S. Thomas 22/23,Blackburn Rovers,24,0.232,0.491,0.001,0.26,0.728,0.217,0.63,3253
493,T. Horvat 22/23,Sturm Graz,24,0.294,0.306,0.295,0.804,0.194,0.409,0.411,3246
494,L. Sané 22/23,Bayern München,27,0.806,0.621,0.923,0.898,0.728,0.85,0.718,3243
495,Álvaro García 22/23,Rayo Vallecano,30,0.366,0.495,0.386,0.26,0.549,0.753,0.714,3241
496,J. Diamond 22/23,Lincoln City,23,0.844,0.844,0.214,0.455,0.549,0.103,0.785,3237
497,M. Olise 22/23,Crystal Palace,21,0.78,0.901,0.136,0.623,0.931,0.565,0.866,3225
498,P. Billing 22/23,Bournemouth,26,0.099,0.07,0.593,0.202,0.102,0.069,0.031,3223
499,Kiko Bondoso 22/23,Vizela,27,0.415,0.396,0.136,0.202,0.194,0.795,0.294,3218
500,M. Caqueret 22/23,Olympique Lyonnais,23,0.169,0.199,0.295,0.455,0.668,0.263,0.179,3209
501,J. Harrison 22/23,Leeds United,26,0.505,0.554,0.488,0.576,0.809,0.897,0.592,3205
502,S. Benrahma 22/23,West Ham,27,0.869,0.874,0.488,0.804,0.549,0.847,0.916,3195
503,M. Guendouzi 22/23,Olympique Marseille,24,0.678,0.028,0.214,0.156,0.549,0.182,0.022,3178
504,M. Bero 22/23,Vitesse,27,0.15,0.096,0.333,0.176,0.355,0.076,0.125,3174
505,J. Hofmann 22/23,Borussia M'gladbach,30,0.243,0.062,0.93,0.927,0.9,0.847,0.13,3173
506,Z. Aboukhlal 22/23,Toulouse,23,0.725,0.569,0.969,0.927,0.435,0.388,0.612,3161
507,N. Lang 22/23,Club Brugge,23,0.909,0.846,0.748,0.951,0.668,0.869,0.901,3159
508,Isco Suarez 22/23,Free Agent,31,0.21,0.356,0.175,0.066,0.524,0.271,0.196,1350
509,K. Diatta 22/23,Monaco,24,0.621,0.516,0.386,0.554,0.355,0.622,0.489,3154
510,D. Ouattara 22/23,Bournemouth,21,0.648,0.767,0.68,0.694,0.879,0.722,0.745,3147
511,A. Zaroury 22/23,Burnley,22,0.883,0.974,0.889,0.576,0.668,0.782,0.981,3143
512,E. Lamela 22/23,Sevilla,31,0.801,0.381,0.748,0.389,0.102,0.32,0.341,3143
513,Samu 22/23,Vizela,27,0.142,0.057,0.136,0.424,0.481,0.285,0.062,3142
514,O. Sahraoui 22/23,Heerenveen,21,0.921,0.966,0.593,0.623,0.751,0.539,0.943,3141
515,K. Goudmijn 22/23,Excelsior,21,0.377,0.355,0.333,0.066,0.102,0.062,0.308,3136
516,M. Almirón 22/23,Newcastle United,29,0.488,0.294,0.858,0.554,0.435,0.55,0.289,3134
517,Nonato 22/23,Ludogorets,25,0.129,0.206,0.333,0.066,0.355,0.122,0.173,3116
518,S. Gnabry 22/23,Bayern München,27,0.474,0.4,0.98,0.977,0.912,0.897,0.68,3115
519,A. Barák 22/23,Fiorentina,28,0.205,0.184,0.68,0.346,0.102,0.451,0.121,3100
520,David Neres 22/23,Benfica,26,0.806,0.9,0.858,0.875,0.985,0.95,0.951,3100
521,F. Kainz 22/23,Köln,30,0.466,0.717,0.333,0.863,0.969,0.855,0.848,3099
522,R. Rotondi 22/23,Cruz Azul,26,0.248,0.634,0.593,0.485,0.194,0.595,0.675,3093
523,Curro Sánchez 22/23,Burgos,27,0.336,0.225,0.522,0.623,0.102,0.088,0.317,3086
524,R. Hedges 22/23,Blackburn Rovers,27,0.48,0.335,0.333,0.156,0.355,0.245,0.31,3080
525,S. Surdanović 22/23,Austria Lustenau,24,0.047,0.19,0.522,0.085,0.355,0.014,0.087,3074
526,Ivo Rodrigues 22/23,Famalicão,28,0.518,0.583,0.062,0.291,0.885,0.61,0.545,3072
527,J. Ekkelenkamp 22/23,Antwerp,23,0.041,0.092,0.522,0.524,0.77,0.343,0.039,3066
528,J. Bamba 22/23,Lille,27,0.524,0.411,0.522,0.715,0.77,0.705,0.451,3063
529,V. Černý 22/23,Twente,25,0.97,0.911,0.955,0.98,0.969,0.997,0.959,3063
530,A. Martínez 22/23,Club Tijuana,25,0.528,0.665,0.252,0.485,0.481,0.343,0.698,3056
531,Oihan Sancet 22/23,Athletic Bilbao,23,0.457,0.328,0.698,0.485,0.194,0.565,0.238,3055
532,J. Hoilett 22/23,Reading,32,0.377,0.545,0.062,0.26,0.001,0.565,0.503,3052
533,M. Kudus 22/23,Ajax,22,0.556,0.72,0.989,0.967,0.629,0.427,0.65,3350
534,P. Dybala 22/23,Roma,29,0.505,0.625,0.93,0.986,0.751,0.32,0.66,2716
535,D. Núñez 22/23,Liverpool,23,0.518,0.37,0.977,0.977,0.524,0.73,0.516,2830
536,C. Gakpo 22/23,Liverpool,24,0.63,0.707,0.943,0.967,0.977,0.885,0.745,4767
537,L. Trossard 22/23,Arsenal,28,0.589,0.39,0.721,0.804,0.931,0.905,0.585,2866
538,R. Sterling 22/23,Chelsea,28,0.691,0.546,0.802,0.804,0.549,0.673,0.565,3119
539,K. Mbappé 22/23,PSG,24,0.928,0.881,1,0.999,0.852,0.927,0.959,4862
540,Rodrygo 22/23,Real Madrid,22,0.851,0.86,0.873,0.967,0.77,0.771,0.812,4340
541,S. Adingra 22/23,Union Saint-Gilloise,21,0.886,0.85,0.841,0.785,0.961,0.741,0.867,3173
542,K. Havertz 22/23,Chelsea,23,0.202,0.168,0.748,0.833,0.001,0.409,0.18,3842
543,Fábio Vieira 22/23,Arsenal,23,0.18,0.034,0.295,0.6,0.961,0.388,0.054,1576
544,C. Nkunku 22/23,RB Leipzig,25,0.238,0.419,0.992,0.995,0.703,0.786,0.505,2951
545,L. Messi 22/23,PSG,35,0.836,0.752,0.973,1,0.98,0.973,0.912,4644
546,T. Kubo 22/23,Real Sociedad,22,0.863,0.841,0.721,0.668,0.549,0.705,0.824,3189
547,Bernardo Silva 22/23,Man City,28,0.809,0.207,0.522,0.176,0.481,0.741,0.233,4494
548,Arda Güler 22/23,Fenerbahçe,18,0.741,0.836,0.858,0.863,0.885,0.795,0.901,1696
549,Gabri Veiga 22/23,Celta de Vigo,21,0.424,0.434,0.915,0.389,0.251,0.088,0.492,2671
550,M. Balikwisha 22/23,Antwerp,22,0.721,0.831,0.818,0.524,0.102,0.831,0.888,3047
551,K. Nakamura 22/23,LASK,22,0.721,0.737,0.982,0.833,0.585,0.409,0.766,3045
552,D. McNeil 22/23,Everton,23,0.377,0.547,0.617,0.644,0.481,0.285,0.512,3044
553,João Pedro 22/23,Watford,21,0.866,0.889,0.818,0.485,0.355,0.61,0.883,3041
554,M. Munetsi 22/23,Reims,26,0.031,0.065,0.617,0.644,0.194,0.035,0.034,3040
555,K. Stöger 22/23,Bochum,29,0.157,0.103,0.136,0.524,0.355,0.518,0.145,3033
556,Gustavo Scarpa 22/23,Nottingham Forest,29,0.388,0.48,0.252,0.957,0.885,0.81,0.763,3016
557,B. Aaronson 22/23,Leeds United,22,0.169,0.449,0.136,0.324,0.355,0.622,0.228,3009
558,N. Tella 22/23,Burnley,23,0.671,0.676,0.985,0.694,0.481,0.32,0.64,3008
559,J. Ramsey 22/23,Aston Villa,22,0.621,0.252,0.522,0.424,0.77,0.753,0.142,3006
560,G. Hairemans 22/23,Mechelen,31,0.336,0.111,0.698,0.424,0.852,0.581,0.18,3003
561,V. Misidjan 22/23,Twente,29,0.993,0.962,0.818,0.715,0.481,0.897,0.965,2995
562,B. De Cordova-Reid 22/23,Fulham,30,0.102,0.122,0.421,0.117,0.102,0.165,0.103,2993
563,S. van de Streek 22/23,Utrecht,30,0.043,0.027,0.889,0.485,0.355,0.228,0.07,2992
564,F. Chaibi 22/23,Toulouse,20,0.294,0.16,0.698,0.485,0.703,0.539,0.324,2975
565,S. Godwin 22/23,Casa Pia AC,26,0.901,0.809,0.252,0.554,0.194,0.766,0.772,2971
566,D. Kulusevski 22/23,Tottenham,23,0.804,0.894,0.136,0.291,0.885,0.905,0.846,2962
567,D. Hashioka 22/23,Sint-Truiden,24,0.252,0.301,0.001,0.051,0.481,0.595,0.262,2958
568,O. Romeny 22/23,Emmen,22,0.382,0.44,0.916,0.346,0.194,0.103,0.335,2956
569,T. Fosu 22/23,Rotherham United,27,0.409,0.759,0.062,0.085,0.355,0.388,0.576,2955
570,M. Elyounoussi 22/23,Southampton,28,0.252,0.22,0.062,0.176,0.194,0.228,0.192,2953
571,R. Cabella 22/23,Lille,33,0.766,0.321,0.617,0.982,0.9,0.981,0.522,2936
572,C. Lang 22/23,Wigan Athletic,24,0.431,0.669,0.062,0.346,0.355,0.32,0.618,2927
573,G. Til 22/23,PSV,25,0.122,0.073,0.93,0.833,0.355,0.228,0.108,2925
574,W. Gnonto 22/23,Leeds United,19,0.814,0.856,0.421,0.455,0.481,0.55,0.776,2925
575,C. Stengs 22/23,Antwerp,24,0.577,0.455,0.136,0.389,0.809,0.653,0.43,2924
576,G. Plata 22/23,Real Valladolid,22,0.776,0.61,0.062,0.176,0.355,0.103,0.461,2911
577,E. Eze 22/23,Crystal Palace,24,0.392,0.579,0.789,0.485,0.481,0.228,0.443,2909
578,Álex Berenguer 22/23,Athletic Bilbao,27,0.556,0.539,0.646,0.668,0.102,0.705,0.585,2904
579,E. Salvio 22/23,Pumas UNAM,32,0.963,0.957,0.646,0.875,0.355,0.565,0.953,2903
580,Willian 22/23,Fulham,34,0.864,0.74,0.454,0.485,0.809,0.518,0.702,2899
581,W. Balikwisha 22/23,Standard Liège,24,0.528,0.732,0.558,0.156,0.481,0.271,0.751,2898
582,Jaume Costa 22/23,Mallorca,35,0.275,0.066,0.001,0.037,0.102,0.343,0.076,2890
583,M. Vlap 22/23,Twente,26,0.115,0.127,0.558,0.694,0.102,0.343,0.165,2890
584,A. Urzi 22/23,Juárez,23,0.352,0.313,0.062,0.202,0.524,0.673,0.262,2870
585,J. Maddison 22/23,Leicester City,26,0.497,0.702,0.789,0.912,0.809,0.782,0.648,2868
586,J. Lelieveld 22/23,RKC Waalwijk,25,0.05,0.011,0.136,0.015,0.102,0.103,0.005,2866
587,Iuri Medeiros 22/23,Sporting Braga,28,0.233,0.291,0.748,0.919,0.629,0.911,0.527,2864
588,G. Kerk 22/23,Antwerp,27,0.556,0.528,0.789,0.644,0.194,0.285,0.496,2861
589,M. Rashica 22/23,Galatasaray,26,0.745,0.641,0.454,0.668,0.912,0.927,0.848,2851
590,M. Bülter 22/23,Schalke 04,30,0.466,0.623,0.646,0.738,0.102,0.817,0.752,2848
591,O. Dembélé 22/23,Barcelona,26,0.988,0.981,0.802,0.957,0.943,0.981,0.988,2839
592,E. Tavsan 22/23,NEC,22,0.955,0.829,0.274,0.133,0.251,0.031,0.702,2837
593,D. Fitz 22/23,Austria Wien,23,0.049,0.145,0.558,0.927,0.969,0.869,0.364,2827
594,K. Toko Ekambi 22/23,Rennes,30,0.654,0.415,0.802,0.752,0.402,0.691,0.411,2827
595,Brahim Diaz 22/23,Milan,23,0.745,0.612,0.646,0.623,0.629,0.786,0.576,2826
596,Iván Jaime 22/23,Famalicão,22,0.749,0.862,0.873,0.738,0.402,0.131,0.812,2814
597,F. Buonanotte 22/23,Brighton,18,0.608,0.703,0.454,0.346,0.194,0.076,0.467,2810
598,S. Szmodics 22/23,Blackburn Rovers,27,0.115,0.196,0.646,0.23,0.402,0.152,0.203,2807
599,F. Honorat 22/23,Brest,26,0.457,0.095,0.558,0.875,0.831,0.916,0.28,2800
600,N. González 22/23,Fiorentina,25,0.63,0.511,0.858,0.898,0.194,0.301,0.66,2793
601,T. Müller 22/23,Bayern München,33,0.134,0.007,0.748,0.988,0.943,0.951,0.07,2789
602,M. van Brederode 22/23,AZ,19,0.873,0.715,0.454,0.291,0.194,0.771,0.65,2787
603,A. Pritchard 22/23,Sunderland,30,0.161,0.229,0.363,0.346,0.728,0.301,0.211,2786
604,Bruno Xadas 22/23,Marítimo,25,0.214,0.191,0.274,0.576,0.728,0.362,0.354,2784
605,Javi Puado 22/23,Espanyol,25,0.262,0.274,0.748,0.6,0.102,0.122,0.195,2781
606,Neymar 22/23,PSG,31,0.875,0.785,0.985,0.997,0.997,0.989,0.897,2773
607,D. Lukébakio 22/23,Hertha BSC,25,0.836,0.893,0.68,0.885,0.629,0.741,0.855,2765
608,B. El Khannous 22/23,Genk,19,0.424,0.224,0.062,0.23,0.524,0.837,0.386,2760
609,Á. Di María 22/23,Juventus,35,0.84,0.749,0.68,0.885,0.629,0.837,0.915,2754
610,L. Maina 22/23,Köln,23,0.844,0.618,0.274,0.6,0.879,0.885,0.556,2740
611,D. Sanches Fernandes 22/23,Utrecht,22,0.93,0.828,0.68,0.772,0.251,0.518,0.824,2735
612,O. Tufan 22/23,Hull City,28,0.192,0.14,0.454,0.26,0.001,0.042,0.095,2732
613,I. Jones 22/23,Middlesbrough,23,0.745,0.699,0.274,0.156,0.629,0.817,0.633,2731
614,J. Lindstrom 22/23,Eintracht Frankfurt,23,0.621,0.585,0.818,0.485,0.251,0.388,0.537,2731
615,O. Boussaid 22/23,Utrecht,23,0.737,0.538,0.274,0.324,0.751,0.81,0.642,2728
616,T. Savanier 22/23,Montpellier,31,0.183,0.652,0.488,0.855,0.751,0.388,0.74,2726
617,P. Zinckernagel 22/23,Standard Liège,28,0.57,0.581,0.818,0.738,0.251,0.076,0.516,2723
618,K. Dewsbury-Hall 22/23,Leicester City,24,0.493,0.312,0.175,0.066,0.251,0.32,0.278,2718
619,J. Guðmunds­son 22/23,Burnley,32,0.294,0.108,0.363,0.715,0.751,0.518,0.203,2714
620,M. Whittaker 22/23,Swansea City,22,0.648,0.684,0.889,0.694,0.885,0.73,0.688,2713
621,O. Cooper 22/23,Swansea City,23,0.775,0.327,0.488,0.23,0.102,0.088,0.157,2708
622,Adu Ares 22/23,Bilbao Athletic,21,0.938,0.92,0.363,0.176,0.102,0.32,0.896,2707
623,Rubén Sobrino 22/23,Cádiz,31,0.222,0.234,0.274,0.133,0.251,0.271,0.092,2707
624,Aimar Oroz 22/23,Osasuna,21,0.134,0.255,0.175,0.23,0.751,0.622,0.11,2704
625,M. Mount 22/23,Chelsea,24,0.331,0.183,0.363,0.324,0.402,0.518,0.18,2698
626,Strefezza 22/23,Lecce,26,0.401,0.794,0.68,0.668,0.524,0.581,0.772,2698
627,J. Dilrosun 22/23,Feyenoord,24,0.915,0.947,0.593,0.346,0.885,0.518,0.93,2693
628,T. Lutonda 22/23,RKC Waalwijk,22,0.085,0.268,0.062,0.037,0.001,0.088,0.153,2691
629,O. Edvardsen 22/23,Go Ahead Eagles,24,0.262,0.352,0.818,0.346,0.402,0.343,0.42,2687
630,J. Bakayoko 22/23,PSV,20,0.973,0.912,0.771,0.644,0.831,0.879,0.942,2685
631,N. Broadhead 22/23,Ipswich Town,25,0.312,0.398,0.942,0.855,0.668,0.409,0.407,2685
632,M. Mudryk 22/23,Chelsea,22,0.813,0.859,0.771,0.946,0.961,0.897,0.875,2684
633,A. Thomasson 22/23,Lens,29,0.057,0.05,0.593,0.752,0.852,0.73,0.089,2671
634,J. Kamiński 22/23,Wolfsburg,20,0.226,0.238,0.488,0.752,0.001,0.581,0.274,2668
635,Luiz Henrique 22/23,Real Betis,22,0.581,0.743,0.274,0.346,0.852,0.581,0.691,2661
636,G. Caprari 22/23,Monza,29,0.642,0.436,0.386,0.389,0.251,0.228,0.341,2655
637,E. Forsberg 22/23,RB Leipzig,31,0.157,0.178,0.841,0.6,0.852,0.691,0.22,2652
638,Juan Iglesias 22/23,Getafe,24,0.05,0.169,0.062,0.012,0.251,0.245,0.217,2631
639,R. Christie 22/23,Bournemouth,28,0.127,0.405,0.175,0.455,0.102,0.427,0.37,2631
640,Carlos Álvarez 22/23,Sevilla Atlético,19,0.76,0.848,0.522,0.898,0.831,0.837,0.771,2630
641,Murilo 22/23,Gil Vicente,28,0.725,0.768,0.295,0.424,0.549,0.691,0.737,2625
642,João Mendes 22/23,Chaves,28,0.248,0.226,0.175,0.26,0.102,0.481,0.28,2623
643,J. Philogene-Bidace 22/23,Aston Villa,21,0.581,0.837,0.488,0.23,0.251,0.145,0.718,2623
644,Pedro 22/23,Lazio,35,0.734,0.6,0.698,0.389,0.402,0.427,0.514,2617
645,J. Karlsson 22/23,AZ,24,0.535,0.324,0.963,0.833,0.931,0.957,0.621,2612
646,A. Nordin 22/23,Montpellier,24,0.789,0.835,0.841,0.524,0.251,0.245,0.752,2606
647,J. Thorsteinsson 22/23,OH Leuven,24,0.595,0.709,0.698,0.938,0.77,0.496,0.766,2602
648,W. Willumsson 22/23,Go Ahead Eagles,24,0.145,0.134,0.617,0.6,0.435,0.32,0.111,2601
649,Carles Pérez 22/23,Celta de Vigo,25,0.886,0.873,0.488,0.066,0.668,0.61,0.789,2592
650,H. Lozano 22/23,Napoli,27,0.869,0.954,0.274,0.833,0.549,0.927,0.97,2591
651,J. Sancho 22/23,Man United,23,0.785,0.348,0.698,0.668,0.402,0.98,0.245,2590
652,J. Koroma 22/23,Huddersfield Town,24,0.63,0.615,0.841,0.156,0.402,0.062,0.554,2589
653,W. Zaha 22/23,Crystal Palace,30,0.713,0.95,0.698,0.623,0.102,0.145,0.917,2577
654,F. Đuričić 22/23,Sampdoria,31,0.29,0.331,0.295,0.051,0.001,0.103,0.173,2567
655,A. Laurienté 22/23,Sassuolo,24,0.907,0.958,0.721,0.738,0.77,0.766,0.947,2561
656,A. Voglsammer 22/23,Millwall,31,0.005,0.237,0.175,0.485,0.703,0.622,0.377,2560
657,Gabriel Silva 22/23,Santa Clara,21,0.312,0.465,0.386,0.576,0.13,0.069,0.386,2558
658,K. Coman 22/23,Bayern München,26,0.916,0.972,0.858,0.912,0.77,0.986,0.982,2558
659,Marco Asensio 22/23,Real Madrid,27,0.608,0.438,0.969,0.863,0.943,0.831,0.579,2556
660,O. Tannane 22/23,NEC,29,0.713,0.572,0.646,0.644,0.995,0.653,0.734,2554
661,A. Muja 22/23,Antwerp,24,0.898,0.668,0.617,0.485,0.703,0.73,0.717,2554
662,C. Driouech 22/23,Excelsior,21,0.678,0.453,0.295,0.455,0.435,0.196,0.516,2549
663,L. Ferguson 22/23,Bologna,23,0.121,0.054,0.721,0.176,0.001,0.003,0.024,2548
664,S. Mané 22/23,Bayern München,31,0.64,0.656,0.95,0.996,0.869,0.81,0.732,2535
665,Tiago Gouveia 22/23,Estoril,21,0.547,0.695,0.522,0.6,0.77,0.923,0.641,2533
666,J. Allevinah 22/23,Clermont,28,0.648,0.588,0.079,0.176,0.13,0.388,0.413,2523
667,Matheus Martins 22/23,Watford,19,0.617,0.626,0.295,0.576,0.77,0.637,0.607,2522
668,C. Führich 22/23,Stuttgart,25,0.944,0.77,0.421,0.524,0.585,0.301,0.672,2519
669,Rodrigo Riquelme 22/23,Girona,23,0.908,0.802,0.522,0.623,0.703,0.466,0.797,2516
670,M. Manhoef 22/23,Vitesse,21,0.893,0.885,0.873,0.694,0.703,0.967,0.944,2505
671,E. Elmas 22/23,Napoli,23,0.484,0.245,0.646,0.23,0.435,0.217,0.199,2494
672,Pablo Fornals 22/23,West Ham,27,0.169,0.119,0.721,0.524,0.13,0.409,0.22,2491
673,M. Regáli 22/23,Kortrijk,29,0.755,0.775,0.721,0.623,0.435,0.85,0.77,2490
674,Rony Lopes 22/23,Troyes,27,0.218,0.336,0.721,0.668,0.549,0.271,0.337,2484
675,D. de Wit 22/23,AZ,25,0.004,0.003,0.93,0.804,0.13,0.271,0.018,2481
676,Tete Morente 22/23,Elche,26,0.392,0.556,0.522,0.346,0.001,0.122,0.55,2478
677,R. Cherki 22/23,Olympique Lyonnais,19,0.967,0.942,0.522,0.951,0.585,0.944,0.965,2475
678,H. Abdelli 22/23,Angers SCO,23,0.463,0.287,0.175,0.033,0.251,0.55,0.188,2472
679,David Silva 22/23,Real Sociedad,37,0.528,0.133,0.295,0.23,0.585,0.653,0.149,2461
680,Roberto Arroyo 22/23,Valladolid Promesas,19,0.442,0.648,0.001,0.015,0.001,0.362,0.324,2456
681,R. Malinovskyi 22/23,Olympique Marseille,30,0.522,0.393,0.295,0.26,0.435,0.076,0.386,2455
682,Iñigo Córdoba 22/23,Fortuna Sittard,26,0.66,0.541,0.522,0.291,0.435,0.228,0.496,2453
683,Ferrán Torres 22/23,Barcelona,23,0.648,0.55,0.802,0.785,0.251,0.831,0.579,2453
684,Dani Rodríguez 22/23,Mallorca,34,0.225,0.29,0.421,0.117,0.912,0.427,0.213,2446
685,T. Suslov 22/23,Groningen,20,0.213,0.692,0.079,0.176,0.13,0.196,0.633,2433
686,E. Rashani 22/23,Clermont,30,0.28,0.248,0.421,0.694,0.435,0.427,0.19,2432
687,Ó. Trejo 22/23,Rayo Vallecano,35,0.317,0.522,0.175,0.176,0.585,0.165,0.312,2431
688,G. Honeyman 22/23,Millwall,28,0.018,0.076,0.079,0.346,0.251,0.228,0.065,2426
689,Al. Miranchuk 22/23,Torino,27,0.178,0.149,0.421,0.133,0.585,0.565,0.127,2421
690,Rodri Sánchez 22/23,Real Betis,23,0.436,0.617,0.175,0.085,0.809,0.496,0.633,2414
691,R. Orsolini 22/23,Bologna,26,0.547,0.591,0.818,0.833,0.585,0.023,0.603,2413
692,O. Ntcham 22/23,Swansea City,27,0.877,0.332,0.818,0.291,0.435,0.496,0.335,2410
693,M. Oršić 22/23,Southampton,30,0.734,0.371,0.963,0.885,0.92,0.863,0.607,2404
694,N. Thomas 22/23,Paços de Ferreira,22,0.63,0.463,0.421,0.156,0.13,0.056,0.447,2399
695,M. Pašalić 22/23,Atalanta,28,0.031,0.033,0.558,0.485,0.299,0.182,0.004,2397
696,Bruno Lourenço 22/23,Boavista,25,0.145,0.129,0.421,0.346,0.299,0.131,0.137,2391
697,C. Hamilton 22/23,Blackpool,28,0.388,0.587,0.295,0.202,0.585,0.741,0.615,2389
698,Jeffinho 22/23,Olympique Lyonnais,23,0.949,0.925,0.421,0.424,0.585,0.451,0.888,2385
699,D. Malen 22/23,Borussia Dortmund,24,0.851,0.931,0.916,0.967,0.92,0.944,0.947,2380
700,Ricardo Mangas 22/23,Boavista,25,0.35,0.282,0.558,0.455,0.13,0.245,0.213,2380
701,D. Ljubičić 22/23,Köln,25,0.257,0.165,0.68,0.524,0.299,0.451,0.29,2370
702,A. Jahanbakhsh 22/23,Feyenoord,29,0.827,0.607,0.818,0.885,0.92,0.817,0.848,2367
703,O. Gloukh 22/23,Salzburg,19,0.818,0.505,0.818,0.804,0.92,0.919,0.458,2362
704,Ayoze Pérez 22/23,Real Betis,29,0.599,0.659,0.558,0.576,0.299,0.301,0.537,2361
705,B. Teixeira 22/23,Sturm Graz,22,0.73,0.783,0.421,0.804,0.961,0.817,0.762,2355
706,J. Dompé 22/23,Hamburger SV,27,0.855,0.969,0.333,0.785,0.953,0.967,0.991,2354
707,Nuno Moreira 22/23,Vizela,23,0.304,0.444,0.079,0.644,0.481,0.741,0.5,2352
708,Óscar Plano 22/23,Real Valladolid,32,0.037,0.099,0.079,0.099,0.299,0.301,0.102,2344
709,D. Hotič 22/23,Cercle Brugge,27,0.037,0.221,0.421,0.694,0.13,0.539,0.259,2343
710,A. Jašić 22/23,Wolfsberger AC,20,0.218,0.279,0.214,0.176,0.435,0.637,0.328,2343
711,D. Huisman 22/23,VVV Venlo,20,0.268,0.203,0.454,0.389,0.481,0.427,0.196,2335
712,C. Gallagher 22/23,Chelsea,23,0.233,0.514,0.333,0.23,0.13,0.263,0.39,2335
713,B. Adekanye 22/23,Go Ahead Eagles,24,0.466,0.557,0.68,0.389,0.585,0.466,0.489,2333
714,C. Bayala 22/23,Ajaccio,27,0.18,0.293,0.079,0.066,0.13,0.056,0.199,2333
715,Igor Paixão 22/23,Feyenoord,22,0.691,0.705,0.902,0.833,0.931,0.963,0.843,2328
716,O. Duda 22/23,Hellas Verona,28,0.054,0.198,0.079,0.099,0.001,0.014,0.114,2325
717,O. Idrissi 22/23,Feyenoord,27,0.965,0.953,0.771,0.554,0.885,0.974,0.963,2317
718,T. Van Den Keybus 22/23,Westerlo,22,0.648,0.379,0.333,0.099,0.13,0.32,0.37,2315
719,P. Greil 22/23,Rapid Wien,26,0.096,0.046,0.079,0.424,0.481,0.55,0.085,2311
720,S. Ojo 22/23,Cardiff City,25,0.493,0.866,0.214,0.099,0.001,0.056,0.691,2304
721,Jota Silva 22/23,Vitória Guimarães,23,0.396,0.779,0.454,0.554,0.481,0.771,0.724,2304
722,Ricardinho 22/23,Santa Clara,24,0.305,0.251,0.214,0.176,0.629,0.409,0.165,2303
723,K. Kozłowski 22/23,Vitesse,19,0.322,0.833,0.214,0.324,0.751,0.705,0.785,2303
724,F. Cervi 22/23,Celta de Vigo,29,0.099,0.253,0.079,0.156,0.831,0.61,0.341,2302
725,T. Baldé 22/23,Troyes,20,0.705,0.42,0.001,0.004,0.13,0.196,0.225,2284
726,J. Le Douaron 22/23,Brest,25,0.077,0.32,0.93,0.804,0.299,0.026,0.267,2275
727,J. Bowler 22/23,Nottingham Forest,24,0.833,0.917,0.454,0.324,0.299,0.103,0.881,2273
728,C. Antwi-Adjei 22/23,Bochum,29,0.45,0.622,0.333,0.26,0.629,0.81,0.55,2268
729,Portu 22/23,Getafe,31,0.382,0.358,0.001,0.037,0.629,0.496,0.396,2258
730,João Moutinho 22/23,Wolverhampton,36,0.064,0.004,0.001,0.051,0.299,0.152,0.015,2253
731,B. Barcola 22/23,Olympique Lyonnais,20,0.621,0.602,0.873,0.715,0.992,0.771,0.612,2252
732,G. Diangana 22/23,WBA,25,0.705,0.824,0.454,0.668,0.299,0.817,0.728,2248
733,B. Dejaegere 22/23,Toulouse,32,0.144,0.264,0.454,0.066,0.13,0.271,0.149,2244
734,Léo Baptistão 22/23,Almería,30,0.29,0.304,0.698,0.324,0.13,0.217,0.232,2241
735,M. Cham 22/23,Clermont,22,0.589,0.421,0.593,0.623,0.629,0.496,0.477,2239
736,R. Žulj 22/23,LASK,31,0.001,0.106,0.955,0.946,0.629,0.496,0.165,2234
737,Marlon 22/23,Gil Vicente,25,0.214,0.302,0.102,0.524,0.001,0.673,0.245,2231
738,T. Booth 22/23,Utrecht,22,0.782,0.577,0.214,0.291,0.481,0.653,0.686,2231
739,E. Boateng 22/23,Rio Ave,27,0.024,0.13,0.698,0.26,0.001,0.014,0.06,2230
740,Y. Lawal 22/23,Arouca,25,0.698,0.751,0.079,0.051,0.13,0.518,0.615,2228
741,F. Di Francesco 22/23,Lecce,28,0.198,0.34,0.214,0.346,0.299,0.705,0.374,2227
742,O. Hernández 22/23,Norwich City,30,0.934,0.98,0.214,0.389,0.629,0.855,0.95,2224
743,Dani Olmo 22/23,RB Leipzig,25,0.63,0.721,0.789,0.804,0.977,0.974,0.832,2223
744,L. Zanimacchia 22/23,Parma,24,0.493,0.636,0.079,0.26,0.299,0.217,0.535,2221
745,A. Flips 22/23,Reims,23,0.083,0.112,0.698,0.772,0.852,0.944,0.505,2215
746,E. Guessand 22/23,Nantes,21,0.671,0.78,0.593,0.324,0.13,0.103,0.621,2214
747,T. Bongonda 22/23,Cádiz,27,0.766,0.604,0.333,0.324,0.299,0.362,0.511,2212
748,Tetê Martins 22/23,Leicester City,23,0.772,0.562,0.789,0.785,0.751,0.581,0.531,2211
749,A. Maier 22/23,Augsburg,24,0.066,0.15,0.617,0.085,0.13,0.245,0.047,2209
750,Iker Muniain 22/23,Athletic Bilbao,30,0.511,0.442,0.214,0.485,0.629,0.165,0.39,2208
751,M. Maertens 22/23,OH Leuven,28,0.027,0.154,0.617,0.23,0.299,0.285,0.131,2175
752,J. Antonisse 22/23,Emmen,21,0.946,0.766,0.488,0.694,0.299,0.539,0.805,2175
753,G. Hein 22/23,Auxerre,26,0.538,0.28,0.214,0.694,0.001,0.069,0.274,2171
754,D. Berardi 22/23,Sassuolo,28,0.541,0.646,0.617,0.991,0.912,0.963,0.82,2167
755,M. Benson 22/23,Burnley,26,0.978,0.999,0.992,0.772,0.77,0.938,1,2155
756,N. Bajrami 22/23,Sassuolo,24,0.436,0.454,0.214,0.291,0.13,0.245,0.393,2151
757,Ansu Fati 22/23,Barcelona,20,0.518,0.389,0.943,0.982,0.299,0.673,0.434,2148
758,T. Asano 22/23,Bochum,28,0.169,0.18,0.617,0.694,0.299,0.466,0.24,2145
759,Ez Abde 22/23,Osasuna,21,0.958,0.976,0.721,0.324,0.299,0.388,0.974,2137
760,S. Khaoui 22/23,Clermont,28,0.107,0.222,0.818,0.576,0.524,0.61,0.199,2135
761,Daniel Podence 22/23,Wolverhampton,27,0.21,0.427,0.721,0.455,0.13,0.301,0.443,2126
762,D. Suárez 22/23,Getafe,35,0.07,0.06,0.079,0.027,0.13,0.409,0.043,2100
763,S. Villa 22/23,Boca Juniors,27,0.931,0.973,0.079,0.524,0.355,0.753,0.973,2095
764,A. Pléa 22/23,Borussia M'gladbach,30,0.305,0.187,0.079,0.576,0.995,0.957,0.312,2094
765,A. Ramsey 22/23,Middlesbrough,20,0.621,0.23,0.923,0.804,0.77,0.565,0.28,2094
766,A. da Cruz 22/23,Mechelen,26,0.202,0.409,0.363,0.156,0.355,0.182,0.229,2093
767,F. Mollet 22/23,Nantes,31,0.152,0.142,0.363,0.133,0.355,0.131,0.119,2092
768,Y. González 22/23,Portimonense,28,0.056,0.157,0,0.051,0.524,0.263,0.096,2090
769,Salvador Agra 22/23,Boavista,31,0.237,0.45,0.363,0.176,0.668,0.496,0.42,2085
770,N. Gaitán 22/23,Paços de Ferreira,35,0.217,0.161,0.363,0.524,0.524,0.622,0.21,2083
771,F. Maouassa 22/23,Montpellier,24,0.331,0.485,0.646,0.424,0.809,0.496,0.47,2082
772,Rafael Ratão 22/23,Toulouse,27,0.331,0.278,0.748,0.752,0.524,0.897,0.304,2080
773,J. Arias 22/23,Fluminense,25,0.943,0.915,0.252,0.644,0.988,0.972,0.931,2079
774,Adama Traoré 22/23,Wolverhampton,27,0.904,0.97,0.363,0.389,0.355,0.863,0.969,2078
775,D. van Mieghem 22/23,Volendam,33,0.222,0.233,0.902,0.524,0.524,0.343,0.382,2077
776,Junior Messias 22/23,Milan,32,0.776,0.706,0.748,0.117,0.001,0.196,0.596,2076
777,K. Saito 22/23,Sparta Rotterdam,21,0.713,0.73,0.858,0.455,0.703,0.285,0.633,2068
778,L. Ocampos 22/23,Sevilla,28,0.341,0.467,0.252,0.715,0.524,0.343,0.438,2063
779,K. Palmer 22/23,Coventry City,26,0.226,0.682,0.488,0.424,0.355,0.581,0.537,2061
780,P. Wimmer 22/23,Wolfsburg,22,0.417,0.489,0.522,0.855,0.969,0.722,0.522,2057
781,A. Hjulsager 22/23,Gent,28,0.768,0.64,0.522,0.752,0.524,0.938,0.886,2054
782,A. Gordon 22/23,Newcastle United,22,0.657,0.504,0.841,0.576,0.001,0.217,0.457,2023
783,N. Bätzner 22/23,Oostende,23,0.066,0.123,0.771,0.738,0.355,0.362,0.203,2022
784,F. Colidio 22/23,Tigre,23,0.757,0.553,0.252,0.694,0.13,0.73,0.547,2018
785,C. Canak 22/23,Standard Liège,18,0.686,0.757,0.079,0.099,0.703,0.362,0.66,2003
786,Rodrigo Martins 22/23,Estoril,24,0.57,0.879,0.386,0.202,0.001,0.103,0.789,2002
787,M. Azarkan 22/23,Excelsior,21,0.79,0.812,0.386,0.6,0.953,0.705,0.893,1999
788,Y. Larouci 22/23,Troyes,22,0.516,0.534,0.102,0.005,0.159,0.088,0.436,1997
789,Suso 22/23,Sevilla,29,0.503,0.79,0.386,0.424,0.831,0.935,0.936,1994
790,M. Anzolin 22/23,Wolfsberger AC,22,0.07,0.085,0.001,0.033,0.355,0.285,0.099,1991
791,L. Sučić 22/23,Salzburg,20,0.305,0.299,0.001,0.291,0.549,0.673,0.245,1988
792,M. Mattsson 22/23,NEC,24,0.341,0.416,0.558,0.833,0.355,0.409,0.356,1988
793,A. Saelemaekers 22/23,Milan,23,0.644,0.726,0.522,0.524,0.549,0.741,0.799,1979
794,J. Ponceau 22/23,Lorient,22,0.436,0.089,0.102,0.133,0.355,0.388,0.053,1970
795,L. Banda 22/23,Lecce,22,0.925,0.934,0.522,0.099,0.159,0.228,0.894,1966
796,N. Kühn 22/23,Rapid Wien,23,0.934,0.898,0.522,0.715,0.549,0.795,0.907,1951
797,L. Stindl 22/23,Borussia M'gladbach,34,0.13,0.051,0.943,0.752,0.98,0.622,0.099,1947
798,L. Cundle 22/23,Swansea City,21,0.424,0.022,0.386,0.176,0.355,0.622,0.026,1946
799,T. Aasgaard 22/23,Wigan Athletic,21,0.407,0.43,0.386,0.202,0.159,0.009,0.237,1944
800,F. Wirtz 22/23,Bayer Leverkusen,20,0.71,0.691,0.558,0.6,0.9,0.992,0.732,1942
801,K. Adeyemi 22/23,Borussia Dortmund,21,0.785,0.816,0.943,0.938,0.728,0.705,0.745,1940
802,S. Armstrong 22/23,Southampton,31,0.795,0.432,0.252,0.455,0.159,0.388,0.562,1937
803,M. Reus 22/23,Borussia Dortmund,34,0.192,0.125,0.873,0.898,0.831,0.766,0.14,1937
804,D. Sinani 22/23,Norwich City,26,0.497,0.182,0.386,0.554,0.355,0.481,0.28,1924
805,T. Baldanzi 22/23,Empoli,20,0.581,0.276,0.558,0.066,0.001,0.301,0.165,1918
806,K. Sulemana 22/23,Southampton,21,0.85,0.923,0.386,0.389,0.355,0.245,0.878,1916
807,R. Nouri 22/23,Ajaccio,37,0.085,0.102,0.102,0.324,0.159,0.301,0.087,1916
808,B. Celina 22/23,Stoke City,26,0.511,0.262,0.102,0.291,0.159,0.518,0.362,1913
809,W. Khazri 22/23,Montpellier,32,0.317,0.466,0.698,0.346,0.159,0.039,0.36,1911
810,A. Vombergar 22/23,San Lorenzo,28,0.019,0.023,0.386,0.855,0.355,0.022,0.027,1911
811,N. Guinness-Walker 22/23,Reading,23,0.198,0.412,0.001,0.009,0.159,0.32,0.321,1903
812,M. Politano 22/23,Napoli,29,0.976,0.967,0.102,0.875,0.549,0.855,0.967,1889
813,O. Solbakken 22/23,Roma,24,0.939,0.818,0.558,0.927,0.953,0.991,0.908,1889
814,H. Wilson 22/23,Fulham,26,0.243,0.27,0.386,0.156,0.549,0.245,0.203,1888
815,V. Birmančević 22/23,Toulouse,25,0.565,0.782,0.916,0.963,0.402,0.894,0.854,1888
816,R. Saponara 22/23,Fiorentina,31,0.669,0.458,0.802,0.752,0.852,0.855,0.603,1886
817,Pizzi 22/23,Sporting Braga,33,0.205,0.188,0.698,0.752,0.728,0.782,0.253,1881
818,W. Odobert 22/23,Troyes,18,0.84,0.764,0.558,0.133,0.402,0.182,0.65,1879
819,Y. Asprilla 22/23,Watford,19,0.363,0.373,0.102,0.389,0.402,0.518,0.364,1876
820,Kike Barja 22/23,Osasuna,26,0.71,0.961,0.102,0.694,0.985,0.999,0.986,1876
821,D. Mihailovic 22/23,AZ,24,0.305,0.24,0.558,0.738,0.549,0.595,0.305,1875
822,R. Vargas 22/23,Augsburg,24,0.63,0.518,0.558,0.554,0.912,0.653,0.407,1873
823,B. Rollheiser 22/23,Estudiantes,23,0.664,0.523,0.386,0.576,0.728,0.427,0.714,1865
824,D. Barbona 22/23,Defensa y Justicia,28,0.442,0.179,0.386,0.23,0.728,0.673,0.245,1864
825,C. Summerville 22/23,Leeds United,21,0.611,0.523,0.558,0.346,0.402,0.122,0.317,1863
826,Bitello 22/23,Grêmio,23,0.561,0.26,0.421,0.389,0.159,0.863,0.308,1862
827,R. Nainggolan 22/23,SPAL,35,0.169,0.36,0.558,0.576,0.585,0.518,0.56,1860
828,D. Holmes 22/23,Huddersfield Town,28,0.577,0.362,0.274,0.26,0.402,0.673,0.382,1854
829,C. Willock 22/23,Queens Park Rangers,25,0.644,0.928,0.802,0.346,0.159,0.451,0.919,1843
830,I. Fernández 22/23,River Plate,33,0.122,0.267,0.593,0.752,0.585,0.957,0.37,1840
831,B. Dack 22/23,Blackburn Rovers,29,0.003,0.001,0.889,0.644,0.585,0.122,0.028,1837
832,M. Damar 22/23,Hoffenheim,19,0.538,0.509,0.841,0.738,0.931,0.388,0.454,1837
833,O. Kiteishvili 22/23,Sturm Graz,27,0.275,0.459,0.889,0.668,0.159,0.182,0.416,1836
834,J. Kluivert 22/23,Valencia,24,0.809,0.619,0.902,0.785,0.159,0.691,0.698,1826
835,M. Aebischer 22/23,Bologna,26,0.023,0.008,0.102,0.015,0.001,0.012,0.001,1822
836,L. de la Torre 22/23,Celta de Vigo,25,0.577,0.146,0.102,0.117,0.402,0.271,0.068,1818
837,Bryan Gil 22/23,Sevilla,22,0.524,0.687,0.274,0.26,0.751,0.271,0.514,1805
838,Kiki 22/23,Casa Pia AC,25,0.678,0.535,0.274,0.202,0.159,0.285,0.596,1803
839,Ganso 22/23,Fluminense,33,0.009,0.041,0.593,0.346,0.869,0.466,0.062,1799
840,S. Diop 22/23,Nice,22,0.664,0.461,0.421,0.644,0.585,0.622,0.398,1797
841,M. Terrier 22/23,Rennes,26,0.268,0.351,0.997,0.833,0.869,0.466,0.562,1792
842,B. Woodburn 22/23,Preston North End,23,0.092,0.232,0.274,0.066,0.159,0.004,0.115,1786
843,N. Chadli 22/23,Westerlo,33,0.275,0.121,0.721,0.715,0.402,0.196,0.154,1783
844,D. Lainez 22/23,Tigres UANL,22,0.9,0.832,0.102,0.202,0.77,0.653,0.799,1782
845,Zé Uilton 22/23,Paços de Ferreira,30,0.417,0.407,0.102,0.117,0.159,0.388,0.347,1778
846,J. Doku 22/23,Rennes,21,0.989,1,0.902,0.785,0.585,0.954,0.999,1778
847,J. Anthony 22/23,Bournemouth,23,0.417,0.298,0.593,0.176,0.159,0.069,0.347,1778
848,L. Sinayoko 22/23,Auxerre,23,0.617,0.728,0.102,0.26,0.402,0.196,0.694,1776
849,Calebe 22/23,Fortaleza,23,0.771,0.822,0.593,0.804,0.585,0.637,0.879,1773
850,H. Ziyech 22/23,Chelsea,30,0.488,0.512,0.102,0.26,0.585,0.817,0.596,1773
851,H. Diarra 22/23,Strasbourg,19,0.581,0.637,0.421,0.133,0.402,0.722,0.545,1769
852,Y. Cathline 22/23,Lorient,20,0.686,0.943,0.454,0.051,0.435,0.076,0.944,1764
853,R. Apter 22/23,Blackpool,20,0.654,0.789,0.593,0.576,0.585,0.565,0.794,1759
854,D. Heymans 22/23,Charleroi,23,0.11,0.001,0.748,0.668,0.001,0.023,0.001,1757
855,C. De Ketelaere 22/23,Milan,22,0.352,0.402,0.001,0.389,0.159,0.481,0.256,1756
856,T. Noslin 22/23,Fortuna Sittard,23,0.312,0.503,0.748,0.485,0.402,0.565,0.461,1755
857,M. Johnston 22/23,Vitória Guimarães,24,0.886,0.725,0.102,0.23,0.77,0.228,0.664,1754
858,Rúben Lameiras 22/23,Vitória Guimarães,28,0.463,0.645,0.102,0.346,0.435,0.32,0.756,1751
859,A. Bruus 22/23,Troyes,24,0.248,0.275,0.001,0.015,0.402,0.388,0.24,1750
860,Rubén García 22/23,Osasuna,29,0.122,0.218,0.617,0.485,0.585,0.481,0.28,1750
861,M. Breij 22/23,Cambuur,26,0.352,0.297,0.333,0.485,0.194,0.196,0.328,1742
862,L. Lamprou 22/23,Excelsior,25,0.568,0.35,0.646,0.23,0.435,0.026,0.251,1739
863,Alan Patrick 22/23,Internacional,32,0.466,0.673,0.841,0.927,0.629,0.869,0.621,1738
864,K. Gorré 22/23,Boavista,28,0.966,0.902,0.274,0.524,0.77,0.73,0.856,1737
865,M. Zaracho 22/23,Atlético Mineiro,25,0.064,0.045,0.102,0.133,0.159,0.05,0.009,1737
866,Cauly 22/23,Bahia,27,0.686,0.408,0.841,0.833,0.629,0.496,0.416,1736
867,C. Pulišić 22/23,Chelsea,24,0.902,0.745,0.454,0.863,0.77,0.496,0.592,1734
868,T. Kunimoto 22/23,Casa Pia AC,25,0.019,0.077,0.274,0.291,0.402,0.076,0.111,1729
869,J. Palacios 22/23,Goiás,24,0.401,0.394,0.295,0.424,0.194,0.637,0.337,1724
870,B. Toma 22/23,Genk,23,0.169,0.08,0.454,0.752,0.001,0.496,0.18,1718
871,J. Boselli 22/23,Gil Vicente,23,0.392,0.649,0.454,0.668,0.001,0.076,0.607,1715
872,O. Özyakup 22/23,Fortuna Sittard,30,0.022,0.058,0.454,0.051,0.001,0.673,0.05,1714
873,B. Ocampo 22/23,Cádiz,23,0.76,0.741,0.102,0.23,0.879,0.595,0.627,1711
874,A. Fulgini 22/23,Lens,26,0.198,0.347,0.295,0.804,0.629,0.595,0.484,1711
875,Nico Melamed 22/23,Espanyol,22,0.431,0.272,0.454,0.424,0.629,0.741,0.324,1709
876,R. Faivre 22/23,Lorient,24,0.974,0.606,0.748,0.324,0.77,0.518,0.499,1706
877,I. Malcorra 22/23,Rosario Central,35,0.286,0.333,0.295,0.898,0.992,0.673,0.404,1705
878,David Costa 22/23,Lens,22,0.877,0.354,0.102,0.554,0.435,0.795,0.47,1695
879,Y. Namli 22/23,Sparta Rotterdam,28,0.454,0.484,0.295,0.156,0.77,0.753,0.47,1694
880,Y. Belaïli 22/23,Ajaccio,31,0.63,0.793,0.102,0.963,0.885,0.595,0.856,1693
881,Bebé 22/23,Real Zaragoza,32,0.992,0.904,0.771,0.424,0.159,0.61,0.932,1692
882,J. Murphy 22/23,Newcastle United,28,0.543,0.679,0.617,0.715,0.435,0.61,0.743,1691
883,A. Bajić 22/23,Rapid Wien,27,0.322,0.259,0.454,0.668,0.629,0.427,0.24,1689
884,N. Fernández Mercau 22/23,Elche,23,0.457,0.413,0.001,0.085,0.629,0.539,0.486,1682
885,Caio Vidal 22/23,Ludogorets,22,0.576,0.89,0.771,0.424,0.001,0.165,0.839,1682
886,Pablo Sarabia 22/23,Wolverhampton,31,0.096,0.068,0.102,0.554,0.001,0.427,0.123,1677
887,Y. Ayari 22/23,Brighton,19,0.275,0.314,0.646,0.291,0.001,0.817,0.413,1667
888,T. Pochettino 22/23,Fortaleza,27,0.752,0.317,0.454,0.752,0.435,0.705,0.364,1665
889,Adri Embarba 22/23,Almería,31,0.905,0.94,0.454,0.485,0.629,0.245,0.957,1656
890,A. El Ghazi 22/23,PSV,28,0.64,0.852,0.98,0.912,0.435,0.705,0.874,1653
891,B. Guzmán 22/23,Arsenal,23,0.511,0.799,0.102,0.389,0.629,0.55,0.799,1647
892,A. Schjelderup 22/23,Benfica,19,0.858,0.675,0.955,0.927,0.001,0.451,0.6,1645
893,Carlos Eduardo 22/23,Estoril,26,0.317,0.575,0.102,0.037,0.001,0.026,0.317,1640
894,Dudu 22/23,Palmeiras,31,0.969,0.949,0.295,0.644,0.809,0.863,0.939,1639
895,Davo 22/23,Eupen,28,0.678,0.476,0.955,0.772,0.435,0.622,0.585,1637
896,Lucas Lima 22/23,Santos,32,0.347,0.11,0.295,0.455,0.809,0.637,0.178,1633
897,Diogo Jota 22/23,Liverpool,26,0.561,0.343,0.955,0.772,0.953,0.637,0.34,1632
898,M. Lahdo 22/23,AZ,20,0.768,0.533,0.873,0.156,0.194,0.053,0.443,1631
899,G. Vidović 22/23,Vitesse,19,0.325,0.744,0.488,0.099,0.194,0.263,0.533,1623
900,S. Zoller 22/23,Bochum,31,0.007,0.012,0.646,0.6,0.668,0.165,0.015,1623
901,N. Barrios 22/23,San Lorenzo,25,0.985,0.984,0.295,0.202,0.194,0.637,0.955,1623
902,Edu Expósito 22/23,Espanyol,26,0.028,0.217,0.488,0.066,0.435,0.165,0.328,1620
903,E. Agyei 22/23,Mechelen,18,0.858,0.869,0.488,0.554,0.668,0.911,0.867,1618
904,C. Ngonge 22/23,Hellas Verona,23,0.566,0.733,0.873,0.785,0.9,0.565,0.752,1616
905,O. Antman 22/23,Groningen,21,0.599,0.531,0.923,0.785,0.668,0.786,0.721,1614
906,Rober González 22/23,Deportivo Alavés,22,0.317,0.397,0.333,0.117,0.481,0.122,0.312,1612
907,Rui Mendes 22/23,Emmen,23,0.352,0.195,0.136,0.576,0.481,0.916,0.115,1608
908,R. Soriano 22/23,Bologna,32,0.352,0.043,0.136,0.099,0.668,0.653,0.02,1607
909,D. Pelkas 22/23,Hull City,29,0.595,0.126,0.488,0.455,0.001,0.053,0.122,1607
910,G. Perrin 22/23,Auxerre,26,0.79,0.919,0.646,0.346,0.435,0.653,0.86,1607
911,T. Le Bris 22/23,Lorient,20,0.737,0.318,0.295,0.027,0.194,0.565,0.146,1606
912,J. Gauto 22/23,Huracán,19,0.829,0.778,0.136,0.694,0.9,0.879,0.829,1606
913,F. Neuhaus 22/23,Borussia M'gladbach,26,0.161,0.117,0.295,0.424,0.001,0.653,0.092,1604
914,Bruma 22/23,Sporting Braga,28,0.962,0.863,0.646,0.623,0.9,0.879,0.779,1603
915,Eduardo 22/23,Botafogo,33,0.07,0.056,0.963,0.668,0.668,0.481,0.065,1602
916,A. Gómez 22/23,Sevilla,35,0.617,0.508,0.136,0.156,0.435,0.653,0.565,1600
917,Artur 22/23,Palmeiras,25,0.66,0.474,0.889,0.898,0.435,0.182,0.619,1600
918,A. Adomah 22/23,Queens Park Rangers,35,0.192,0.526,0.295,0.202,0.001,0.653,0.686,1599
919,Léo Pereira 22/23,Marítimo,22,0.599,0.488,0.295,0.027,0.194,0.103,0.374,1596
920,Nélson Luz 22/23,Vitória Guimarães,25,0.743,0.87,0.488,0.033,0.001,0.005,0.676,1593
921,S. Amallah 22/23,Real Valladolid,26,0.243,0.747,0.488,0.389,0.194,0.031,0.572,1592
922,P. Förster 22/23,Bochum,28,0.134,0.083,0.488,0.324,0.961,0.103,0.096,1589
923,I. Saibari 22/23,PSV,22,0.912,0.701,0.136,0.785,0.435,0.653,0.702,1588
924,K. Doumbia 22/23,Reims,20,0.382,0.098,0.295,0.346,0.668,0.362,0.068,1587
925,S. Steijn 22/23,Twente,21,0.031,0.014,0.889,0.863,0.435,0.362,0.039,1585
926,D. Drexler 22/23,Schalke 04,33,0.043,0.047,0.93,0.26,0.668,0.673,0.144,1584
927,D. James 22/23,Leeds United,25,0.541,0.654,0.488,0.389,0.194,0.182,0.656,1583
928,R. Sallai 22/23,Freiburg,26,0.363,0.611,0.295,0.455,0.668,0.673,0.71,1582
929,Bruno Rodrigues 22/23,Cruzeiro,26,0.916,0.492,0.68,0.715,0.668,0.795,0.656,1582
930,Úmaro Embaló 22/23,Fortuna Sittard,22,0.543,0.573,0.488,0.176,0.435,0.481,0.477,1576
931,Vinícius Santos 22/23,Goiás,29,0.678,0.56,0.136,0.291,0.435,0.753,0.547,1570
932,A. Issah 22/23,Chaves,24,0.183,0.309,0.802,0.576,0.194,0.271,0.359,1569
933,Y. Borges Sanches 22/23,Borussia M'gladbach,18,0.817,0.883,0.295,0.133,0.831,0.182,0.63,1567
934,R. Garro 22/23,Talleres Córdoba,25,0.252,0.295,0.68,0.524,0.831,0.81,0.377,1567
935,F. Guilbert 22/23,Strasbourg,28,0.183,0.215,0.001,0.001,0.001,0.056,0.084,1566
936,A. Forson 22/23,Salzburg,20,0.252,0.383,0.333,0.346,0.831,0.388,0.438,1565
937,Samu Castillejo 22/23,Valencia,28,0.799,0.808,0.68,0.623,0.001,0.595,0.833,1552
938,J. Graham 22/23,Birmingham City,28,0.359,0.724,0.001,0.291,0.481,0.691,0.709,1550
939,T. Cairney 22/23,Fulham,32,0.341,0.305,0.488,0.485,0.194,0.285,0.236,1545
940,A. Saint-Maximin 22/23,Newcastle United,26,0.997,0.989,0.136,0.6,0.831,0.924,0.97,1541
941,Iván Alejo 22/23,Cádiz,28,0.505,0.877,0.001,0.202,0.194,0.285,0.924,1540
942,Biel 22/23,Bahia,22,0.667,0.629,0.721,0.863,0.481,0.795,0.808,1538
943,R. Rosario 22/23,Sparta Rotterdam,19,0.547,0.401,0.522,0.455,0.194,0.196,0.362,1534
944,T. Dierckx 22/23,Westerlo,28,0.785,0.771,0.333,0.833,0.194,0.905,0.839,1530
945,Wanderson 22/23,Internacional,28,0.867,0.944,0.333,0.833,0.703,0.951,0.958,1527
946,Unai López 22/23,Rayo Vallecano,27,0.066,0.053,0.136,0.066,0.001,0.014,0.057,1525
947,V. Taborda 22/23,Platense,21,0.599,0.738,0.136,0.176,0.194,0.131,0.423,1524
948,J. Bisanz 22/23,Banfield,21,0.348,0.473,0.333,0.485,0.001,0.131,0.486,1523
949,N. Fernández 22/23,Godoy Cruz,25,0.294,0.192,0.136,0.085,0.001,0.014,0.057,1521
950,I. Machuca 22/23,Unión Santa Fe,23,0.916,0.988,0.522,0.424,0.001,0.131,0.978,1517
951,B. Traoré 22/23,Aston Villa,27,0.749,0.801,0.818,0.455,0.194,0.062,0.726,1516
952,R. Del Castillo 22/23,Brest,27,0.396,0.631,0.136,0.938,0.92,0.771,0.816,1514
953,Munir El Haddadi 22/23,Getafe,27,0.026,0.21,0.943,0.346,0.194,0.301,0.24,1512
954,R. Sordo 22/23,Newell's Old Boys,22,0.696,0.878,0.522,0.715,0.703,0.427,0.888,1509
955,Diego López 22/23,Valencia Mestalla,21,0.657,0.584,0.991,0.957,0.809,0.722,0.782,1509
956,A. Garnacho 22/23,Man United,18,0.999,0.938,0.911,0.855,0.92,0.427,0.921,1506
957,M. Roerslev 22/23,Brentford,23,0.042,0.005,0.001,0.001,0.001,0.217,0.003,1505
958,Z. Ouattara 22/23,Portimonense,23,0.359,0.153,0.136,0.037,0.194,0.301,0.127,1501
959,E. Bocat 22/23,Sint-Truiden,23,0.844,0.736,0.001,0.015,0.481,0.062,0.467,1498
960,A. Ndiaye 22/23,Mallorca,26,0.401,0.228,0.333,0.156,0.001,0.062,0.146,1496
961,J. Berthomier 22/23,Valenciennes,33,0.028,0.026,0.136,0.389,0.001,0.451,0.035,1493
962,J. Roussillon 22/23,Union Berlin,30,0.05,0.472,0.001,0.085,0.481,0.217,0.425,1490
963,R. Zalazar 22/23,Schalke 04,23,0.205,0.753,0.333,0.785,0.92,0.55,0.793,1485
964,L. Daneels 22/23,Roda JC,25,0.581,0.683,0.001,0.202,0.852,0.55,0.581,1476
965,A. Zeneli 22/23,Reims,28,0.829,0.686,0.136,0.576,0.703,0.637,0.68,1472
966,A. Tibidi 22/23,Troyes,19,0.497,0.813,0.841,0.291,0.194,0.451,0.74,1470
967,Benny Sousa 22/23,Chaves,23,0.474,0.209,0.001,0.176,0.869,0.996,0.294,1469
968,S. Bell 22/23,Bristol City,21,0.35,0.329,0.841,0.176,0.194,0.069,0.176,1468
969,J. Campaz 22/23,Rosario Central,23,0.614,0.886,0.721,0.133,0.703,0.637,0.909,1467
970,L. Díaz 22/23,Liverpool,26,0.725,0.667,0.841,0.785,0.481,0.637,0.47,1466
971,M. Autret 22/23,Auxerre,32,0.13,0.042,0.136,0.455,0.481,0.228,0.19,1465
972,E. Barco 22/23,River Plate,24,0.921,0.542,0.333,0.785,0.481,0.145,0.427,1463
973,Luquinha 22/23,Portimonense,22,0.226,0.087,0.136,0.26,0.194,0.653,0.157,1460
974,A. Sayyadmanesh 22/23,Hull City,21,0.606,0.642,0.333,0.066,0.001,0.145,0.381,1444
975,P. van Amersfoort 22/23,Heerenveen,27,0.061,0.038,0.593,0.424,0.001,0.001,0.042,1439
976,V. Besuijen 22/23,Excelsior,22,0.472,0.482,0.386,0.644,0.251,0.32,0.565,1436
977,Rui Gomes 22/23,Portimonense,25,0.497,0.688,0.136,0.6,0.194,0.927,0.648,1435
978,A. Ba 22/23,Sunderland,19,0.388,0.325,0.136,0.066,0.524,0.245,0.203,1433
979,M. Tahiri 22/23,Sparta Rotterdam,22,0.805,0.519,0.992,0.967,0.001,0.152,0.694,1432
980,Yago Pikachu 22/23,Fortaleza,30,0.152,0.072,0.558,0.957,0.943,0.753,0.28,1425
981,Francisco Conceicão 22/23,Ajax,20,1,0.996,0.916,0.944,0.524,0.993,0.997,1424
982,Lago Júnior 22/23,Málaga,32,0.599,0.763,0.721,0.291,0.001,0.481,0.679,1417
983,D. Kameri 22/23,Salzburg,19,0.156,0.367,0.558,0.485,0.194,0.691,0.477,1417
984,B. Zimmermann 22/23,Rapid Wien,21,0.007,0.159,0.984,0.863,0.001,0.005,0.137,1417
985,C. Buonaiuto 22/23,Cremonese,30,0.398,0.68,0.136,0.885,0.194,0.362,0.745,1415
986,Everaldo 22/23,América Mineiro,29,0.798,0.84,0.558,0.23,0.001,0.152,0.817,1413
987,B. Brahimi 22/23,Nice,23,0.86,0.598,0.858,0.485,0.194,0.911,0.818,1412
988,Serginho 22/23,UD Oliveirense,22,0.855,0.927,0.558,0.485,0.728,0.831,0.92,1412
989,E. Zhegrova 22/23,Lille,24,0.986,0.978,0.858,0.988,0.869,0.938,0.989,1412
990,P. De la Vega 22/23,Lanús,22,0.524,0.599,0.558,0.23,0.194,0.362,0.484,1412
991,T. Allende 22/23,Godoy Cruz,24,0.294,0.47,0.748,0.623,0.194,0.152,0.542,1411
992,S. Mavididi 22/23,Montpellier,25,0.294,0.614,0.748,0.554,0.194,0.362,0.461,1407
993,Arsénio 22/23,Arouca,33,0.092,0.194,0.001,0.133,0.77,0.55,0.125,1401
994,S. Thioub 22/23,Angers SCO,28,0.45,0.565,0.175,0.524,0.251,0.55,0.585,1396
995,F. Soldano 22/23,Gimnasia La Plata,28,0.001,0.035,0.136,0.027,0.194,0.02,0.019,1389
996,P. Brouwer 22/23,Sparta Rotterdam,22,0.698,0.729,0.593,0.554,0.989,0.954,0.782,1389
997,A. Dobre 22/23,Famalicão,24,0.409,0.322,0.363,0.694,0.728,0.837,0.267,1385
998,Yan Couto 22/23,Girona,21,0.836,0.446,0.175,0.051,0.524,0.496,0.522,1380
999,T. Hazard 22/23,PSV,30,0.461,0.271,0.593,0.291,0.251,0.496,0.299,1374
1000,D. Atanga 22/23,Oostende,26,0.286,0.214,0.873,0.524,0.251,0.518,0.302,1370
1001,Iván Sánchez 22/23,Real Valladolid,30,0.862,0.916,0.363,0.099,0.251,0.518,0.897,1357
1002,T. Walcott 22/23,Southampton,34,0.205,0.088,0.363,0.623,0.524,0.786,0.154,1356
1003,O. Kragl 22/23,Messina,33,0.188,0.316,0.771,0.346,0.885,0.165,0.294,1355
1004,Juanmi 22/23,Real Betis,30,0.104,0.131,0.771,0.804,0.251,0.042,0.043,1350
1005,B. Jackson 22/23,Huddersfield Town,22,0.191,0.378,0.175,0.085,0.251,0.042,0.278,1346
1006,M. Pereira Lage 22/23,Brest,26,0.085,0.136,0.363,0.099,0.251,0.539,0.104,1343
1007,D. Huseinbašić 22/23,Köln,21,0.268,0.137,0.973,0.455,0.524,0.182,0.075,1342
1008,S. van der Water 22/23,Cambuur,26,0.257,0.308,0.175,0.117,0.001,0.466,0.398,1342
1009,G. Reyna 22/23,Borussia Dortmund,20,0.76,0.566,0.93,0.957,0.751,0.855,0.6,1341
1010,M. Albrighton 22/23,Leicester City,33,0.122,0.359,0.175,0.117,0.251,0.927,0.419,1337
1011,R. Balk 22/23,Cambuur,22,0.442,0.663,0.175,0.133,0.001,0.196,0.667,1336
1012,João Graça 22/23,Rio Ave,27,0.312,0.339,0.001,0.015,0.251,0.409,0.222,1334
1013,Rildo 22/23,Santa Clara,23,0.48,0.507,0.771,0.26,0.549,0.088,0.451,1333
1014,Éverton 22/23,Flamengo,27,0.886,0.959,0.386,0.715,0.991,0.637,0.932,1331
1015,Antonio Sánchez 22/23,Mallorca,26,0.257,0.138,0.001,0.015,0.001,0.042,0.079,1331
1016,Allano 22/23,Santa Clara,28,0.446,0.696,0.001,0.26,0.251,0.088,0.633,1326
1017,E. Bullaude 22/23,Feyenoord,22,0.446,0.711,0.175,0.668,0.751,0.427,0.572,1323
1018,I. Leguizamón 22/23,San Lorenzo,20,0.589,0.661,0.386,0.117,0.251,0.042,0.667,1320
1019,I.  Poveda 22/23,Blackpool,23,0.595,0.963,0.593,0.576,0.549,0.285,0.932,1318
1020,Aleix Vidal 22/23,Espanyol,33,0.092,0.104,0.001,0.015,0.77,0.427,0.081,1317
1021,S. Solari 22/23,Defensa y Justicia,25,0.671,0.855,0.771,0.485,0.001,0.285,0.757,1312
1022,J. Acevedo 22/23,Huracán,26,0.4,0.493,0.175,0.524,0.77,0.088,0.527,1312
1023,F. Thauvin 22/23,Udinese,30,0.621,0.776,0.617,0.455,0.549,0.427,0.835,1312
1024,M. Rits 22/23,Club Brugge,29,0.011,0.016,0.386,0.424,0.549,0.05,0.007,1311
1025,Euller 22/23,Chaves,28,0.377,0.462,0.175,0.156,0.001,0.753,0.569,1305
1026,G. Graciani 22/23,Instituto,29,0.294,0.497,0.386,0.389,0.251,0.196,0.477,1303
1027,S. Toloza 22/23,Arsenal,20,0.454,0.527,0.789,0.202,0.001,0.103,0.438,1302
1028,R. Sottil 22/23,Fiorentina,24,0.996,0.946,0.175,0.23,0.77,0.427,0.925,1302
1029,S. Diarra 22/23,Lorient,24,0.733,0.678,0.617,0.424,0.001,0.196,0.477,1301
1030,M. Sylla 22/23,Caen,23,0.29,0.501,0.214,0.715,0.852,0.673,0.734,1296
1031,F. Cristaldo 22/23,Grêmio,26,0.118,0.175,0.175,0.885,0.9,0.869,0.346,1296
1032,A. Colassin 22/23,Heerenveen,22,0.133,0.243,0.646,0.346,0.251,0.362,0.225,1293
1033,Luciano 22/23,São Paulo,30,0.077,0.079,0.617,0.644,0.549,0.565,0.076,1291
1034,N. Fekir 22/23,Real Betis,29,0.737,0.772,0.902,0.885,0.251,0.451,0.676,1288
1035,Felipe Azevedo 22/23,América Mineiro,36,0.268,0.385,0.617,0.23,0.549,0.301,0.256,1283
1036,M. Lacava 22/23,Vizela,20,0.671,0.908,0.386,0.389,0.251,0.196,0.873,1278
1037,A. Camblan 22/23,Concarneau,19,0.877,0.804,0.421,0.085,0.001,0.131,0.671,1271
1038,G. Hauche 22/23,Racing Club,36,0.058,0.156,0.617,0.23,0.77,0.32,0.364,1268
1039,D. Machís 22/23,Real Valladolid,30,0.686,0.854,0.001,0.524,0.549,0.466,0.844,1267
1040,Vina 22/23,Grêmio,32,0.058,0.049,0.617,0.291,0.251,0.103,0.104,1265
1041,A. Ounas 22/23,Lille,26,0.894,0.985,0.175,0.804,0.549,0.837,0.982,1263
1042,A. Colpani 22/23,Monza,24,0.606,0.286,0.802,0.668,0.77,0.837,0.328,1263
1043,O. Burke 22/23,Millwall,26,0.233,0.375,0.802,0.324,0.549,0.32,0.328,1261
1044,Valery Fernández 22/23,Girona,23,0.325,0.431,0.001,0.015,0.251,0.122,0.172,1253
1045,S. Edozie 22/23,Southampton,20,0.961,0.932,0.386,0.26,0.001,0.705,0.867,1250
1046,Raphael Veiga 22/23,Palmeiras,27,0.331,0.537,0.646,0.993,0.549,0.705,0.722,1250
1047,Woo-Yeong Jeong 22/23,Freiburg,23,0.165,0.091,0.421,0.715,0.585,0.343,0.089,1229
1048,Y. Gboho 22/23,Cercle Brugge,22,0.821,0.806,0.646,0.967,0.98,0.988,0.744,1227
1049,C. Madueke 22/23,Chelsea,21,0.991,0.991,0.646,0.785,0.001,0.935,0.993,1226
1050,J. Thielmann 22/23,Köln,21,0.424,0.592,0.421,0.554,0.912,0.795,0.785,1224
1051,Kevin Medina 22/23,Gil Vicente,22,0.854,0.924,0.214,0.176,0.001,0.362,0.892,1220
1052,D. Terans 22/23,Athletico Paranaense,28,0.226,0.205,0.175,0.738,0.809,0.795,0.229,1219
1053,G. Holtmann 22/23,Bochum,28,0.375,0.447,0.175,0.389,0.585,0.61,0.606,1213
1054,B. Yusuf 22/23,Estoril,22,0.782,0.58,0.963,0.644,0.585,0.943,0.645,1211
1055,Pedro Henrique 22/23,Internacional,32,0.671,0.909,0.001,0.623,0.251,0.228,0.881,1210
1056,S. Verdi 22/23,Hellas Verona,30,0.436,0.787,0.818,0.644,0.001,0.362,0.759,1208
1057,R. Guitane 22/23,Estoril,24,0.801,0.627,0.252,0.037,0.703,0.362,0.435,1206
1058,Victor Sá 22/23,Botafogo,29,0.678,0.657,0.646,0.202,0.251,0.131,0.701,1203
1059,J. Lingard 22/23,Nottingham Forest,30,0.192,0.031,0.421,0.346,0.585,0.518,0.037,1199
1060,F. Jozefzoon 22/23,RKC Waalwijk,32,0.809,0.593,0.923,0.804,0.629,0.409,0.558,1199
1061,Toni Villa 22/23,Girona,28,0.66,0.827,0.214,0.202,0.831,0.622,0.713,1195
1062,K. Zohi 22/23,Vizela,26,0.243,0.213,0.421,0.389,0.931,0.518,0.267,1191
1063,Luis Henrique 22/23,Botafogo,21,0.894,0.551,0.421,0.6,0.585,0.741,0.56,1190
1064,J. Vallejo 22/23,Independiente,19,0.611,0.847,0.421,0.6,0.299,0.245,0.776,1184
1065,J. Soñora 22/23,Juárez,26,0.472,0.69,0.001,0.23,0.831,0.817,0.516,1184
1066,Éverton Ribeiro 22/23,Flamengo,34,0.266,0.115,0.214,0.202,0.299,0.97,0.131,1183
1067,M. Jakoliš 22/23,AEK Larnaca,26,0.644,0.374,0.001,0.133,0.402,0.245,0.427,1183
1068,G. Togni 22/23,Defensa y Justicia,25,0.178,0.561,0.916,0.424,0.931,0.817,0.621,1178
1069,C. Hudson-Odoi 22/23,Bayer Leverkusen,22,0.885,0.66,0.214,0.133,0.299,0.653,0.5,1165
1070,M. Solomon 22/23,Fulham,23,0.694,0.664,0.923,0.424,0.299,0.539,0.556,1158
1071,K. Spadanuda 22/23,Ajaccio,26,0.168,0.289,0.001,0.005,0.299,0.056,0.054,1150
1072,O. Strunz 22/23,Rapid Wien,22,0.188,0.481,0.973,0.804,0.299,0.145,0.45,1149
1073,N. Castro 22/23,Genk,22,0.325,0.5,0.001,0.346,0.629,0.263,0.533,1148
1074,M. Soulé 22/23,Juventus,20,0.752,0.81,0.214,0.346,0.299,0.55,0.672,1142
1075,Zé Carlos 22/23,Vitória Guimarães,21,0.152,0.283,0.001,0.001,0.668,0.076,0.083,1141
1076,L. Janson 22/23,Vélez Sarsfield,28,0.062,0.148,0.698,0.6,0.001,0.152,0.134,1134
1077,Junior Santos 22/23,Botafogo,28,0.925,0.907,0.454,0.424,0.299,0.771,0.86,1133
1078,M. Adeline 22/23,Rodez,19,0.238,0.02,0.969,0.133,0.585,0.131,0.008,1131
1079,A. Canobbio 22/23,Athletico Paranaense,24,0.262,0.424,0.214,0.346,0.299,0.427,0.382,1131
1080,M. Coco 22/23,Nantes,26,0.424,0.247,0.214,0.117,0.001,0.271,0.192,1128
1081,D. Rots 22/23,Twente,21,0.37,0.428,0.698,0.455,0.299,0.152,0.447,1127
1082,A. Fatah 22/23,Lommel SK,19,0.718,0.93,0.454,0.833,0.629,0.152,0.905,1123
1083,Diego 22/23,Goiás,27,0.718,0.549,0.001,0.037,0.629,0.152,0.356,1123
1084,D. Valoyes 22/23,Talleres Córdoba,26,0.57,0.672,0.214,0.946,0.943,0.905,0.656,1120
1085,J. Léa Siliki 22/23,Estoril,26,0.085,0.515,0.889,0.117,0.001,0.182,0.43,1117
1086,B. Aguirre 22/23,Newell's Old Boys,20,0.924,0.992,0.454,0.485,0.852,0.911,0.992,1113
1087,L. Valente 22/23,Groningen,19,0.14,0.172,0.001,0.005,0.001,0.039,0.043,1111
1088,T. Burey 22/23,Millwall,22,0.816,0.897,0.214,0.291,0.299,0.581,0.808,1110
1089,I. Cissoko 22/23,NEC,20,0.984,0.993,0.522,0.291,0.001,0.343,0.98,1104
1090,L. Besozzi 22/23,Central Córdoba SdE,20,0.978,0.997,0.698,0.785,0.852,0.978,0.996,1103
1091,Alisson 22/23,São Paulo,29,0.28,0.285,0.214,0.202,0.299,0.451,0.352,1102
1092,D. Praet 22/23,Leicester City,29,0.043,0.171,0.214,0.099,0.001,0.451,0.104,1098
1093,André Franco 22/23,Porto,25,0.325,0.107,0.721,0.389,0.299,0.285,0.134,1098
1094,D. Kyereh 22/23,Freiburg,27,0.077,0.202,0.721,0.694,0.299,0.165,0.163,1089
1095,M. van Bergen 22/23,Reims,23,0.942,0.892,0.001,0.644,0.299,0.722,0.928,1088
1096,L. Sinisterra 22/23,Leeds United,23,0.725,0.713,0.992,0.346,0.001,0.466,0.71,1087
1097,Wellington Rato 22/23,São Paulo,30,0.568,0.425,0.488,0.485,0.668,0.869,0.458,1087
1098,J. Assehnoun 22/23,Emmen,24,0.474,0.52,0.522,0.26,0.001,0.362,0.407,1085
1099,P. Galdames 22/23,Cremonese,26,0.012,0.018,0.214,0.009,0.299,0.008,0.012,1084
1100,M. Benítez 22/23,América Mineiro,28,0.79,0.65,0.873,0.715,0.869,0.466,0.55,1080
1101,Pedro Neto 22/23,Wolverhampton,23,0.913,0.851,0.001,0.291,0.001,0.165,0.824,1079
1102,F. Pizzini 22/23,Talleres Córdoba,29,0.484,0.346,0.721,0.554,0.668,0.301,0.18,1079
1103,R. Al Hajj 22/23,Heerenveen,21,0.474,0.417,0.001,0.524,0.355,0.103,0.461,1078
1104,M. Araújo 22/23,São Paulo,26,0.705,0.653,0.721,0.117,0.001,0.466,0.621,1077
1105,J. Paradela 22/23,River Plate,24,0.484,0.576,0.488,0.863,0.668,0.61,0.572,1076
1106,P. Solari 22/23,River Plate,22,0.547,0.825,0.721,0.6,0.668,0.879,0.86,1071
1107,B. Bouanani 22/23,Nice,18,0.976,0.921,0.001,0.912,0.98,0.981,0.962,1069
1108,Alesson 22/23,Goiás,24,0.37,0.377,0.252,0.291,0.001,0.035,0.262,1067
1109,Mateus Vital 22/23,Cruzeiro,25,0.911,0.795,0.001,0.424,0.299,0.481,0.728,1062
1110,J. Boga 22/23,Atalanta,26,0.981,0.995,0.488,0.804,0.969,0.974,0.985,1061
1111,D. Payet 22/23,Olympique Marseille,36,0.409,0.638,0.721,0.912,0.668,0.301,0.846,1061
1112,J. Paterson 22/23,Swansea City,31,0.446,0.568,0.001,0.291,0.668,0.622,0.68,1057
1113,Gabriel Pec 22/23,Vasco da Gama,22,0.528,0.694,0.889,0.485,0.355,0.031,0.642,1056
1114,P. Aaronson 22/23,Eintracht Frankfurt,19,0.84,0.821,0.789,0.951,0.9,0.691,0.839,1053
1115,G. Gudiño 22/23,Huracán,31,0.28,0.31,0.748,0.23,0.001,0.009,0.253,1046
1116,H. López 22/23,Godoy Cruz,22,0.57,0.858,0.252,0.291,0.355,0.32,0.78,1045
1117,L. Castro 22/23,Huracán,34,0.421,0.363,0.252,0.133,0.001,0.753,0.354,1044
1118,T. Rambert 22/23,Independiente,19,0.547,0.817,0.955,0.668,0.668,0.496,0.822,1033
1119,C. Bukta 22/23,Rheindorf Altach,21,0.341,0.564,0.001,0.202,0.668,0.343,0.47,1031
1120,T. Adoryan 22/23,Banfield,21,0.366,0.435,0.252,0.324,0.355,0.076,0.522,1030
1121,Ander Barrenetxea 22/23,Real Sociedad,21,0.561,0.786,0.748,0.346,0.355,0.196,0.797,1026
1122,M. Listkowski 22/23,Brescia,25,0.401,0.457,0.252,0.085,0.001,0.001,0.347,1025
1123,J. Hungbo 22/23,Huddersfield Town,23,0.721,0.882,0.748,0.066,0.355,0.196,0.768,1024
1124,C. Ejuke 22/23,Hertha BSC,25,0.873,0.955,0.001,0.424,0.879,0.196,0.911,1020
1125,Philippe Coutinho 22/23,Aston Villa,30,0.667,0.756,0.252,0.051,0.001,0.088,0.702,1016
1126,B. Aouacheria 22/23,Gil Vicente,29,0.73,0.839,0.252,0.26,0.728,0.245,0.696,1015
1127,K. Zenón 22/23,Unión Santa Fe,21,0.505,0.486,0.001,0.051,0.001,0.035,0.569,1015
1128,T. Conechny 22/23,Godoy Cruz,25,0.382,0.173,0.771,0.346,0.355,0.343,0.165,1012
1129,Average 22/23,Club,25,0.549,0.546,0.557,0.559,0.553,0.558,0.535,2214