1,V. Gyökeres 23/24,Sporting CP,25,0.6,0.671,0.946,0.915,0.208,0.851,0.978,3225
2,Cristo González 23/24,Arouca,26,0.911,0.371,0.593,0.784,0.964,0.879,0.809,3025
3,S. Essende 23/24,Vizela,26,0.063,0.759,0.791,0.681,0.102,0.003,0.501,2939
4,Héctor Hernández 23/24,Chaves,28,0.19,0.424,0.441,0.639,0.325,0.014,0.127,2871
5,R. Boženík 23/24,Boavista,24,0.127,0.515,0.349,0.692,0.445,0.056,0.424,2844
6,Rafa Mújica 23/24,Arouca,25,0.176,0.134,0.939,0.869,0.056,0.459,0.696,2776
7,J. Cádiz 23/24,Famalicão,28,0.123,0.929,0.742,0.784,0.491,0.003,0.261,2519
8,Bruno Duarte 23/24,Farense,28,0.367,0.342,0.53,0.346,0.851,0.279,0.579,2456
9,S. Banza 23/24,Sporting Braga,27,0.328,0.6,0.971,0.961,0.25,0.176,0.575,2234
10,Evanilson 23/24,Porto,24,0.681,0.901,0.766,0.763,0.561,0.643,0.593,2226
11,Abel Ruiz 23/24,Sporting Braga,24,0.508,0.053,0.381,0.208,0.236,0.279,0.194,2117
12,E. Boateng 23/24,Rio Ave,27,0.173,0.773,0.48,0.749,0.095,0.056,0.346,2078
13,André Silva 23/24,Vitória Guimarães,26,0.526,0.233,0.805,0.416,0.752,0.53,0.349,1932
14,Clayton 23/24,Casa Pia AC,25,0.296,0.321,0.572,0.385,0.84,0.056,0.607,1811
15,Kikas 23/24,Estrela Amadora,25,0.219,0.141,0.699,0.318,0.48,0.703,0.335,1748
16,Cassiano 23/24,Estoril,34,0,0.42,0.494,0.473,0.045,0.279,0.053,1745
17,Felippe Cardoso 23/24,Casa Pia AC,25,0.102,0.508,0.515,0.254,0.477,0.116,0.31,1708
18,M. Taremi 23/24,Porto,31,0.717,0.477,0.272,0.515,0.459,0.703,0.406,1646
19,Alejandro Marqués 23/24,Estoril,23,0.017,0.265,0.791,0.575,0.07,0.003,0.084,1552
20,R. Carrillo 23/24,Portimonense,27,0.247,0.286,0.332,0.106,0.385,0.388,0.028,1480
21,Arthur Cabral 23/24,Benfica,26,0.409,0.473,0.618,0.833,0.084,0.279,0.643,1476
22,André Luis 23/24,Moreirense,30,0.314,0.872,0.494,0.141,0.689,0.176,0.007,1463
23,André Luiz 23/24,Estrela Amadora,22,0.346,0.932,0.42,0.692,0.572,0.279,0.911,1339
24,Ronaldo Tavares 23/24,Estrela Amadora,26,0.159,0.795,0.243,0.318,0.169,0.279,0.798,1275
25,A. Yakubu 23/24,Rio Ave,25,0.233,0.367,0.137,0.515,0.208,0.643,0.204,1221
26,Jô 23/24,Chaves,29,0.003,0.901,0.137,0.24,0.028,0.459,0.166,1200
27,Luís Asué 23/24,Moreirense,22,0.212,0.879,0,0.091,0.431,0.53,0.353,1001
28,V. Pavlidis 23/24,AZ,25,0.787,0.823,0.985,0.957,0.855,0.459,0.904,3202
29,T. Robinet 23/24,Almere City,27,0.522,0.568,0.332,0.416,0.886,0.388,0.021,3148
30,L. de Jong 23/24,PSV,33,0.83,0.992,0.961,1,0.501,0.904,0.625,2930
31,L. Thy 23/24,PEC Zwolle,32,0.756,0.621,0.689,0.318,0.699,0.176,0.106,2912
32,T. Lauritsen 23/24,Sparta Rotterdam,26,0.318,0.989,0.53,0.784,0.681,0.459,0.31,2758
33,B. Brobbey 23/24,Ajax,22,0.144,0.939,0.925,0.939,0.014,0.943,0.738,2616
34,S. Giménez 23/24,Feyenoord,23,0.363,0.802,0.971,0.968,0.314,0.787,0.699,2584
35,K. Ogawa 23/24,NEC,26,0.084,0.678,0.53,0.416,0,0.056,0.017,2433
36,K. Sierhuis 23/24,Fortuna Sittard,26,0.491,0.572,0.742,0.749,0.554,0.611,0.621,2361
37,P. van Amersfoort 23/24,Heerenveen,28,0.275,0.54,0.689,0.763,0.462,0.116,0.416,2255
38,R. van Wolfswinkel 23/24,Twente,35,0.579,0.413,0.915,0.692,0.703,0.756,0.268,2119
39,V. Edvardsen 23/24,Go Ahead Eagles,28,0.385,0.021,0.169,0.816,0.106,0.176,0.491,2079
40,M. Kramer 23/24,RKC Waalwijk,35,0.162,0.946,0.212,0.692,0.314,0.176,0.01,2026
41,R. van La Parra 23/24,Almere City,32,0.498,0.282,0.063,0.091,0.406,0.53,0.925,1962
42,M. Seuntjens 23/24,RKC Waalwijk,32,0.78,0.689,0.063,0.035,0.978,0.943,0.742,1919
43,S. Lammers 23/24,Utrecht,27,0.696,0.749,0.833,0.784,0.784,0.53,0.791,1833
44,D. Min 23/24,RKC Waalwijk,24,0.222,0.325,0.773,0.727,0.25,0.116,0.572,1820
45,M. Engels 23/24,Heracles,30,0.169,0.038,0.349,0.081,0.148,0.703,0.406,1770
46,T. Parrott 23/24,Excelsior,22,0.409,0.325,0.858,0.639,0.219,0.643,0.551,1713
47,R. Mühren 23/24,Volendam,35,0.014,0.427,0.773,0.763,0.159,0.388,0.098,1615
48,C. Brym 23/24,Sparta Rotterdam,25,0.583,0.275,0.314,0.208,0.519,0.53,0.876,1554
49,K. Hansen 23/24,Almere City,23,0.547,0.187,0.332,0.275,0.342,0.056,0.908,1527
50,M. Ugalde 23/24,Twente,21,0.611,0.441,0.742,0.727,0.406,0.961,0.749,1459
51,J. Hornkamp 23/24,Heracles,26,0.356,0.961,0.791,0.901,0.169,0.787,0.272,1370
52,S. Sow 23/24,NEC,27,0.151,0.084,0.833,0.816,0.36,0.53,0.533,1296
53,M. Sankoh 23/24,Heracles,20,0.3,0.293,0.766,0.925,0.257,0.056,0.06,1224
54,C. Akpom 23/24,Ajax,28,0.427,0.897,0.992,0.968,0.462,0.756,0.664,1184
55,I. Lidberg 23/24,Utrecht,25,0.194,0.724,0.554,0.692,0.201,0.116,0.215,1056
56,T. Baeten 23/24,Go Ahead Eagles,21,0.215,0.3,0,0.014,0.353,0.611,0.84,1025
57,F. Druijf 23/24,PEC Zwolle,26,0.477,0.784,0.42,0.611,0.809,0.459,0.035,1012
58,D. Solanke 23/24,Bournemouth,26,0.06,0.438,0.699,0.763,0.325,0.279,0.558,3731
59,O. Watkins 23/24,Aston Villa,28,0.286,0.561,0.805,0.681,0.19,0.823,0.614,3650
60,J. Bowen 23/24,West Ham,27,0.512,0.233,0.742,0.441,0.36,0.823,0.784,3382
61,A. Gudmundsson 23/24,Genoa,26,0.893,0.109,0.42,0.339,0.954,0.904,0.837,3285
62,A. Pinamonti 23/24,Sassuolo,25,0.303,0.346,0.349,0.346,0.508,0.176,0.173,3260
63,Son Heung-Min 23/24,Tottenham,31,0.932,0.035,0.699,0.441,0.533,0.996,0.812,3259
64,Hugo Duro 23/24,Valencia,24,0.339,0.36,0.593,0.296,0.183,0.014,0.106,3229
65,D. Zapata 23/24,Torino,33,0.604,0.583,0.593,0.547,0.618,0.388,0.901,3228
66,C. Morris 23/24,Luton Town,28,0.349,0.628,0.169,0.346,0.674,0.056,0.36,3190
67,L. Ocampos 23/24,Sevilla,29,0.925,0.932,0.063,0.141,0.897,0.643,0.932,3140
68,N. Jackson 23/24,Chelsea,22,0.593,0.501,0.689,0.749,0.565,0.703,0.703,3135
69,E. Demirović 23/24,Augsburg,26,0.254,0.466,0.53,0.611,0.618,0.279,0.257,3132
70,T. Kleindienst 23/24,Heidenheim,28,0.42,0.925,0.466,0.816,0.632,0.279,0.296,3117
71,J. Strand Larsen 23/24,Celta de Vigo,24,0.378,0.696,0.646,0.692,0.268,0.388,0.434,3088
72,R. Lewandowski 23/24,Barcelona,35,0.621,0.805,0.773,0.855,0.593,0.643,0.469,3030
73,H. Kane 23/24,Bayern München,30,0.685,0.575,0.992,0.978,0.915,0.643,0.731,2999
74,Iago Aspas 23/24,Celta de Vigo,36,0.971,0.155,0.212,0.416,0.992,0.971,0.724,2998
75,J. Zirkzee 23/24,Bologna,22,0.869,0.459,0.42,0.296,0.72,0.388,0.692,2957
76,J. Wind 23/24,Wolfsburg,25,0.431,0.83,0.554,0.547,0.798,0.703,0.378,2920
77,J. Álvarez 23/24,Man City,24,0.978,0.113,0.441,0.537,0.6,0.961,0.636,2904
78,A. Griezmann 23/24,Atlético Madrid,33,0.992,0.24,0.618,0.547,0.982,0.851,0.48,2890
79,Chris Ramos 23/24,Cádiz,27,0.021,0.915,0.159,0.416,0.07,0.176,0.148,2881
80,R. Lukaku 23/24,Roma,31,0.236,0.664,0.699,0.441,0.113,0.176,0.272,2874
81,P. Aubameyang 23/24,Olympique Marseille,34,0.752,0.512,0.646,0.925,0.533,0.851,0.84,2865
82,L. Openda 23/24,RB Leipzig,24,0.459,0.851,0.95,0.901,0.282,0.787,0.855,2859
83,M. Thuram 23/24,Internazionale,26,0.646,0.886,0.699,0.611,0.215,0.53,0.65,2854
84,Y. En-Nesyri 23/24,Sevilla,26,0.028,0.611,0.805,0.441,0.053,0.056,0.074,2851
85,Lautaro Martínez 23/24,Internazionale,26,0.883,0.848,0.954,0.89,0.858,0.53,0.749,2844
86,J. David 23/24,Lille,24,0.72,0.144,0.869,0.925,0.469,0.53,0.484,2843
87,A. Dovbyk 23/24,Girona,26,0.109,0.957,0.869,0.985,0.007,0.756,0.3,2841
88,E. Haaland 23/24,Man City,23,0.197,0.703,0.936,0.996,0.021,0.611,0.501,2833
89,L. Lucca 23/24,Udinese,23,0.024,0.819,0.349,0.318,0.201,0.116,0.098,2826
90,M. Ducksch 23/24,Werder Bremen,30,0.798,0.296,0.272,0.547,0.904,0.925,0.452,2817
91,A. Sørloth 23/24,Villarreal,28,0.187,0.978,0.978,0.639,0.067,0.459,0.579,2780
92,L. Boyé 23/24,Granada,28,0.268,0.416,0.226,0.275,0.742,0.176,0.445,2773
93,Y. Wissa 23/24,Brentford,27,0.243,0.791,0.664,0.515,0.385,0.279,0.473,2747
94,T. Dallinga 23/24,Toulouse,23,0.625,0.862,0.742,0.869,0.275,0.116,0.24,2735
95,Matheus Cunha 23/24,Wolverhampton,24,0.844,0.123,0.618,0.346,0.911,0.53,0.893,2710
96,M. Uzuni 23/24,Granada,28,0.01,0.07,0.314,0.575,0.003,0.279,0.151,2695
97,M. Djurić 23/24,Monza,34,0.095,1,0.42,0.385,0.54,0.116,0.003,2690
98,M. Beier 23/24,Hoffenheim,21,0.614,0.332,0.89,0.611,0.035,0.459,0.787,2628
99,A. Budimir 23/24,Osasuna,32,0.049,0.883,0.826,0.851,0.257,0.176,0.236,2624
100,N. Füllkrug 23/24,Borussia Dortmund,31,0.636,0.636,0.494,0.692,0.646,0.703,0.137,2619
101,Rodrygo 23/24,Real Madrid,23,0.985,0.024,0.572,0.727,0.795,0.643,0.971,2599
102,V. Muriqi 23/24,Mallorca,30,0.406,0.777,0.243,0.441,0.724,0.279,0.095,2589
103,J. Mateta 23/24,Crystal Palace,26,0.07,0.632,0.833,0.639,0.137,0.388,0.388,2578
104,O. Giroud 23/24,Milan,37,0.293,0.77,0.664,0.869,0.406,0.279,0.106,2570
105,N. Krstović 23/24,Lecce,24,0.208,0.455,0.243,0.639,0.724,0.643,0.353,2546
106,P. Tietz 23/24,Augsburg,26,0.25,0.72,0.466,0.346,0.738,0.703,0.045,2539
107,Omar Marmoush 23/24,Eintracht Frankfurt,25,0.533,0.745,0.593,0.611,0.713,0.756,0.936,2535
108,W. Ben Yedder 23/24,Monaco,33,0.872,0.077,0.869,0.862,0.886,0.787,0.512,2523
109,L. Höler 23/24,Freiburg,29,0.731,0.565,0.243,0.24,0.872,0.116,0.063,2520
110,A. Isak 23/24,Newcastle United,24,0.448,0.091,0.901,0.925,0.554,0.388,0.777,2507
111,T. Skarke 23/24,Darmstadt 98,27,0.833,0.13,0.466,0.056,0.66,0.53,0.886,2492
112,A. Lacazette 23/24,Olympique Lyonnais,32,0.639,0.392,0.925,0.727,0.657,0.014,0.515,2469
113,D. Vlahović 23/24,Juventus,24,0.674,0.65,0.848,0.961,0.491,0.176,0.674,2463
114,M. Diaby 23/24,Aston Villa,24,0.763,0.003,0.272,0.187,0.113,0.954,0.819,2446
115,A. Adams 23/24,Montpellier,24,0.229,0.519,0.48,0.784,0.123,0.388,0.427,2436
116,S. Guirassy 23/24,Stuttgart,28,0.908,0.89,1,0.968,0.607,0.943,0.71,2420
117,Gerard Moreno 23/24,Villarreal,32,0.961,0.844,0.48,0.575,0.989,0.879,0.795,2408
118,Hwang Hee-Chan 23/24,Wolverhampton,28,0.632,0.06,0.699,0.441,0.282,0.459,0.455,2386
119,M. Retegui 23/24,Genoa,25,0.098,0.604,0.314,0.473,0.106,0.176,0.229,2386
120,R. Hojlund 23/24,Man United,21,0.162,0.063,0.646,0.416,0.169,0.279,0.325,2375
121,Gorka Guruzeta 23/24,Athletic Bilbao,27,0.678,0.547,0.858,0.664,0.791,0.53,0.36,2366
122,Mikel Oyarzabal 23/24,Real Sociedad,27,0.526,0.339,0.42,0.346,0.378,0.388,0.197,2366
123,Borja Mayoral 23/24,Getafe,26,0.575,0.48,0.731,0.575,0.805,0.116,0.392,2361
124,D. Calvert-Lewin 23/24,Everton,27,0.24,0.756,0.226,0.833,0.169,0.176,0.374,2355
125,F. Chiesa 23/24,Juventus,26,0.823,0.01,0.494,0.24,0.809,0.971,0.992,2353
126,K. Mbappé 23/24,PSG,25,0.996,0,0.989,0.989,0.893,0.879,0.989,2350
127,A. Sanabria 23/24,Torino,28,0.77,0.681,0.095,0.385,0.664,0.056,0.077,2330
128,D. Núñez 23/24,Liverpool,24,0.742,0.378,0.742,0.869,0.385,0.879,0.833,2323
129,W. Cheddira 23/24,Frosinone,26,0.321,0.388,0.314,0.537,0.339,0.014,0.31,2316
130,D. Undav 23/24,Stuttgart,27,0.946,0.222,0.954,0.939,0.957,0.936,0.915,2315
131,L. Tchaouna 23/24,Salernitana,20,0.89,0.212,0.159,0.045,0.883,0.279,0.819,2304
132,A. Kalimuendo 23/24,Rennes,22,0.586,0.028,0.494,0.575,0.236,0.459,0.491,2297
133,João Pedro 23/24,Brighton,22,0.954,0.964,0.24,0.869,0.823,0.787,0.968,2289
134,E. Emegha 23/24,Strasbourg,21,0.12,0.399,0.515,0.367,0.028,0.014,0.088,2262
135,A. Gouiri 23/24,Rennes,24,0.936,0.809,0.441,0.547,0.614,0.611,0.773,2231
136,Dany Mota 23/24,Monza,26,0.943,0.837,0.159,0.141,0.583,0.756,0.77,2225
137,W. Weghorst 23/24,Hoffenheim,31,0.703,0.681,0.349,0.208,0.809,0.643,0.091,2192
138,Samu Omorodion 23/24,Deportivo Alavés,20,0.056,0.537,0.618,0.664,0.095,0.014,0.204,2188
139,Willian José 23/24,Real Betis,32,0.568,0.491,0.731,0.367,0.448,0.388,0.127,2164
140,V. Osimhen 23/24,Napoli,25,0.204,0.551,0.844,0.939,0.113,0.056,0.657,2148
141,Mostafa Mohamed 23/24,Nantes,26,0.257,0.876,0.243,0.575,0.406,0.176,0.399,2145
142,Zito Luvumbo 23/24,Cagliari,22,0.36,0.031,0.169,0.091,0.123,0.823,0.975,2130
143,Z. Amdouni 23/24,Burnley,23,0.653,0.067,0.169,0.187,0.703,0.116,0.756,2118
144,C. Wood 23/24,Nottingham Forest,32,0.381,0.59,0.922,0.763,0.565,0.279,0.197,2103
145,F. Chaïbi 23/24,Eintracht Frankfurt,21,0.957,0.049,0.063,0.056,0.985,0.978,0.558,2103
146,C. Archer 23/24,Sheffield United,22,0.183,0.017,0.169,0.106,0.038,0.611,0.416,2102
147,K. Behrens 23/24,Wolfsburg,33,0.48,0.833,0.272,0.473,0.713,0.388,0.106,2093
148,T. Moffi 23/24,Nice,24,0.286,0.272,0.554,0.692,0.36,0.643,0.378,2092
149,Álvaro Morata 23/24,Atlético Madrid,31,0.265,0.982,0.939,0.918,0.243,0.388,0.678,2090
150,P. Dybala 23/24,Roma,30,0.989,0.095,0.381,0.664,0.968,0.851,0.858,2090
151,L. Foster 23/24,Burnley,23,0.395,0.24,0.272,0.254,0.395,0.116,0.335,2086
152,C. De Ketelaere 23/24,Atalanta,23,0.897,0.759,0.664,0.318,0.918,0.961,0.964,2082
153,Léo Baptistão 23/24,Almería,31,0.689,0.409,0.381,0.254,0.724,0.116,0.176,2063
154,A. Pléa 23/24,Borussia M'gladbach,31,0.95,0.307,0.381,0.367,0.971,0.703,0.713,2058
155,C. Larin 23/24,Mallorca,29,0.067,0.639,0.109,0.681,0.024,0.116,0.501,2032
156,Vinícius Júnior 23/24,Real Madrid,23,0.975,0.014,0.925,0.918,0.809,0.879,1,2025
157,R. Pereyra 23/24,Udinese,33,0.809,0.314,0.109,0.106,0.943,0.787,0.586,2020
158,M. Satriano 23/24,Brest,23,0.597,0.752,0.212,0.473,0.54,0.611,0.526,2018
159,Jaime Mata 23/24,Getafe,35,0.607,0.593,0.272,0.208,0.473,0.176,0.215,2014
160,A. Lookman 23/24,Atalanta,26,0.964,0.222,0.791,0.784,0.929,0.978,0.929,1966
161,M. Simon 23/24,Nantes,28,0.727,0.155,0.063,0.081,0.59,0.925,0.996,1947
162,Sandro Ramírez 23/24,Las Palmas,28,0.918,0.593,0.017,0.106,0.36,0.851,0.872,1946
163,S. Mounié 23/24,Brest,29,0.441,0.985,0.441,0.692,0.53,0.53,0.137,1932
164,R. Sallai 23/24,Freiburg,26,0.816,0.452,0.13,0.416,0.71,0.703,0.851,1924
165,Joselu 23/24,Real Madrid,34,0.54,0.918,0.805,0.862,0.123,0.703,0.261,1915
166,G. Mikautadze 23/24,Metz,23,0.374,0.106,0.826,0.575,0.752,0.388,0.879,1884
167,R. Cherki 23/24,Olympique Lyonnais,20,1,0.201,0.017,0.275,1,0.989,0.982,1880
168,C. Gakpo 23/24,Liverpool,25,0.862,0.795,0.646,0.692,0.802,0.388,0.865,1879
169,F. Thauvin 23/24,Udinese,31,0.766,0.197,0.226,0.24,0.946,0.851,0.985,1863
170,M. Antonio 23/24,West Ham,34,0.081,0.501,0.466,0.208,0.438,0.53,0.78,1859
171,V. Castellanos 23/24,Lazio,25,0.554,0.692,0.226,0.611,0.667,0.53,0.215,1859
172,D. Welbeck 23/24,Brighton,33,0.855,0.911,0.332,0.208,0.342,0.459,0.07,1853
173,F. Balogun 23/24,Monaco,22,0.473,0.095,0.554,0.954,0.515,0.756,0.671,1853
174,I. Bebou 23/24,Hoffenheim,30,0.71,0.494,0.554,0.134,0.611,0.703,0.727,1841
175,E. Wahi 23/24,Lens,21,0.484,0.332,0.664,0.89,0.017,0.643,0.713,1841
176,Sergio Camello 23/24,Rayo Vallecano,23,0.494,0.088,0.137,0.254,0.742,0.176,0.212,1817
177,M. Gregoritsch 23/24,Freiburg,30,0.469,0.646,0.572,0.869,0.431,0.014,0.293,1800
178,Rodrigo Muniz 23/24,Fulham,23,0.038,0.579,0.773,0.901,0.159,0.176,0.413,1796
179,C. Immobile 23/24,Lazio,34,0.812,0.247,0.137,0.901,0.406,0.388,0.254,1795
180,G. Raspadori 23/24,Napoli,24,0.968,0.12,0.349,0.385,0.939,0.823,0.731,1784
181,M. Daramy 23/24,Reims,22,0.851,0.353,0.137,0.275,0.639,0.904,0.939,1773
182,L. Pfeiffer 23/24,Darmstadt 98,27,0.399,0.84,0.017,0.275,0.749,0.279,0.332,1768
183,Juanmi Latasa 23/24,Getafe,23,0.091,0.922,0.084,0.254,0.441,0.459,0.031,1763
184,I. Ndiaye 23/24,Olympique Marseille,24,0.876,0.095,0.137,0.106,0.752,0.611,0.802,1761
185,L. Beltrán 23/24,Fiorentina,23,0.65,0.194,0.381,0.141,0.6,0.388,0.049,1760
186,E. Guessand 23/24,Nice,22,0.148,0.734,0.243,0.547,0.282,0.176,0.946,1751
187,M. Nzola 23/24,Fiorentina,27,0.268,0.607,0.084,0.208,0.395,0.53,0.081,1749
188,O. Diakité 23/24,Reims,20,0.388,0.176,0.381,0.441,0.335,0.176,0.438,1736
189,O. Édouard 23/24,Crystal Palace,26,0.501,0.533,0.593,0.537,0.406,0.176,0.653,1733
190,P. Hofmann 23/24,Bochum,31,0.279,0.893,0.272,0.385,0.84,0.279,0.123,1723
191,A. Belotti 23/24,Fiorentina,30,0.261,0.699,0.243,0.187,0.049,0.756,0.54,1716
192,Richarlison 23/24,Tottenham,27,0.519,0.353,0.908,0.784,0.653,0.53,0.643,1714
193,Á. Correa 23/24,Atlético Madrid,29,0.858,0.265,0.731,0.611,0.763,0.957,0.865,1704
194,B. Šeško 23/24,RB Leipzig,20,0.424,0.996,0.982,0.639,0.137,0.056,0.515,1680
195,N. Maupay 23/24,Brentford,27,0.667,0.081,0.515,0.547,0.491,0.611,0.279,1680
196,I. Toney 23/24,Brentford,28,0.512,0.554,0.272,0.515,0.901,0.388,0.657,1670
197,V. Boniface 23/24,Bayer Leverkusen,23,0.795,0.816,0.869,0.989,0.501,0.904,0.95,1665
198,Gabriel Jesus 23/24,Arsenal,27,0.837,0.208,0.272,0.575,0.243,0.823,0.943,1660
199,K. Onisiwo 23/24,Mainz 05,32,0.141,0.318,0.017,0.045,0.579,0.279,0.763,1652
200,M. Terrier 23/24,Rennes,27,0.879,0.724,0.646,0.318,0.689,0.643,0.515,1646
201,F. Magri 23/24,Toulouse,24,0.409,0.519,0.441,0.141,0.183,0.279,0.59,1621
202,S. Nicholson 23/24,Clermont,27,0.565,0.657,0.169,0.441,0.674,0.279,0.399,1619
203,E. Adebayo 23/24,Luton Town,26,0.113,0.812,0.897,0.473,0.159,0.056,0.36,1614
204,R. Piccoli 23/24,Lecce,23,0.226,0.462,0.272,0.515,0.123,0.116,0.54,1612
205,J. Thielmann 23/24,Köln,22,0.759,0.374,0.031,0.081,0.876,0.176,0.706,1611
206,M. Röhl 23/24,Freiburg,21,0.784,0.71,0.091,0.031,0.922,0.643,0.678,1606
207,Kike García 23/24,Deportivo Alavés,34,0.13,0.66,0.169,0.833,0.646,0.459,0.597,1601
208,J. Siebatcheu 23/24,Borussia M'gladbach,28,0.07,0.855,0.441,0.639,0.356,0.279,0.014,1600
209,M. Pieringer 23/24,Heidenheim,24,0.484,0.954,0.169,0.056,0.763,0.176,0.335,1575
210,Gonçalo Ramos 23/24,PSG,22,0.84,0.975,0.908,0.89,0.314,0.459,0.325,1561
211,E. Ferguson 23/24,Brighton,19,0.448,0.858,0.572,0.339,0.257,0.056,0.243,1558
212,R. Jiménez 23/24,Fulham,33,0.628,0.643,0.699,0.473,0.643,0.116,0.3,1554
213,R. Hack 23/24,Borussia M'gladbach,25,0.929,0.625,0.915,0.166,0.763,0.851,0.819,1538
214,Raul García 23/24,Osasuna,23,0.307,0.363,0.572,0.515,0.448,0.176,0.159,1537
215,L. Ajorque 23/24,Mainz 05,30,0.59,0.717,0.095,0.254,0.667,0.176,0,1529
216,J. Burkardt 23/24,Mainz 05,23,0.664,0.045,0.699,0.473,0.734,0.388,0.607,1527
217,G. Scamacca 23/24,Atalanta,25,0.805,0.742,0.961,0.749,0.95,0.904,0.805,1527
218,K. Volland 23/24,Union Berlin,31,0.667,0.448,0.031,0.296,0.904,0.53,0.628,1520
219,R. Khadra 23/24,Reims,22,0.738,0.007,0.031,0.021,0.48,0.936,0.918,1514
220,M. Bayo 23/24,Le Havre,25,0.501,0.586,0.212,0.816,0.282,0.116,0.438,1507
221,K. Gameiro 23/24,Strasbourg,37,0.915,0.162,0.095,0.166,0.865,0.823,0.063,1487
222,Roger Martí 23/24,Cádiz,33,0.54,0.183,0.095,0.208,0.865,0.459,0.137,1485
223,B. Hollerbach 23/24,Union Berlin,23,0.533,0.257,0.48,0.056,0.823,0.388,0.922,1484
224,O. McBurnie 23/24,Sheffield United,27,0.328,0.823,0.349,0.664,0.777,0.703,0.392,1464
225,L. Colombo 23/24,Monza,22,0.282,0.127,0.349,0.166,0.219,0.279,0.462,1462
226,Abdón Prats 23/24,Mallorca,31,0.088,0.402,0.618,0.141,0.219,0.459,0.187,1460
227,O. Vilhelmsson 23/24,Darmstadt 98,20,0.007,0.466,0.349,0.091,0.07,0.176,0.229,1440
228,T. Noslin 23/24,Hellas Verona,24,0.402,0.53,0.494,0.187,0.282,0.459,0.6,1435
229,Raúl de Tomás 23/24,Rayo Vallecano,29,0.392,0.427,0,0.166,0.349,0.056,0.31,1397
230,M. Broschinski 23/24,Bochum,23,0.134,0.261,0.109,0.056,0.137,0.643,0.25,1396
231,R. Kolo Muani 23/24,PSG,25,0.802,0.908,0.664,0.473,0.572,0.787,0.72,1394
232,Ferrán Torres 23/24,Barcelona,24,0.936,0.554,0.773,0.367,0.83,0.787,0.664,1393
233,B. Aaronson 23/24,Union Berlin,23,0.848,0.229,0.109,0.024,0.837,0.703,0.763,1391
234,D. Selke 23/24,Köln,29,0.053,0.869,0.664,0.473,0.06,0.014,0.035,1370
235,F. Caputo 23/24,Empoli,36,0.151,0.162,0.109,0.367,0.06,0.056,0.035,1368
236,M. Gómez 23/24,Cádiz,27,0.077,0.766,0,0.007,0.381,0.176,0.024,1351
237,G. Lapadula 23/24,Cagliari,34,0.042,0.19,0.109,0.385,0.01,0.279,0.127,1341
238,C. Ekuban 23/24,Genoa,30,0.31,0.731,0.441,0.296,0.219,0.176,0.455,1287
239,A. Miranchuk 23/24,Atalanta,28,0.982,0.137,0.243,0.473,0.996,1,0.961,1285
240,Y. Poulsen 23/24,RB Leipzig,29,0.438,0.406,0.572,0.664,0.282,0.643,0.491,1275
241,Diogo Jota 23/24,Liverpool,27,0.901,0.3,0.961,0.784,0.773,0.925,0.819,1273
242,N. Woltemade 23/24,Werder Bremen,22,0.734,0.395,0.13,0.056,0.936,0.53,0.54,1272
243,E. Nketiah 23/24,Arsenal,24,0.335,0.487,0.593,0.575,0.038,0.014,0.473,1263
244,B. Dia 23/24,Salernitana,27,0.547,0.038,0.272,0.275,0.597,0.014,0.487,1248
245,U. Sadiq 23/24,Real Sociedad,27,0.035,0.219,0.272,0.187,0.19,0.53,0.628,1242
246,E. Kroupi 23/24,Lorient,17,0.689,0.148,0.593,0.208,0.088,0.459,0.307,1234
247,B. Brereton Díaz 23/24,Sheffield United,25,0.66,0.148,0.618,0.833,0.84,0.279,0.568,1231
248,José Luis Morales 23/24,Villarreal,36,0.459,0.053,0.851,0.441,0.268,0.176,0.282,1219
249,A. Ayew 23/24,Le Havre,34,0.371,0.484,0.618,0.385,0.547,0.279,0.636,1208
250,T. Kadewere 23/24,Nantes,28,0.643,0.865,0.042,0.106,0.784,0.756,0.18,1207
251,M. Bamba 23/24,Lorient,22,0.445,0.614,0.858,0.763,0.219,0.787,0.462,1198
252,C. Ikwuemesi 23/24,Salernitana,22,0.045,0.173,0.045,0.024,0.282,0.279,0.053,1190
253,C. Wilson 23/24,Newcastle United,32,0.201,0.279,0.869,0.982,0.427,0.176,0.618,1164
254,Beto 23/24,Everton,26,0.031,0.706,0.314,0.727,0.19,0.014,0.554,1161
255,G. Kyei 23/24,Clermont,28,0.459,0.667,0.045,0.473,0.618,0.116,0.247,1160
256,T. Awoniyi 23/24,Nottingham Forest,26,0.137,0.201,0.805,0.575,0.081,0.056,0.155,1159
257,Tiago Tomás 23/24,Wolfsburg,21,0.724,0.787,0.045,0.166,0.681,0.279,0.883,1148
258,P. Schick 23/24,Bayer Leverkusen,28,0.618,0.968,0.805,0.855,0.155,0.703,0.166,1148
259,W. Saïd 23/24,Lens,29,0.713,0.427,0.89,0.727,0.628,0.459,0.848,1147
260,M. Abline 23/24,Nantes,21,0.572,0.25,0.664,0.296,0.332,0.53,0.812,1144
261,F. Bonazzoli 23/24,Hellas Verona,27,0.819,0.734,0.332,0.166,0.833,0.056,0.106,1132
262,Isaac Romero 23/24,Sevilla,24,0.434,0.674,0.515,0.939,0.395,0.851,0.742,1120
263,T. Douvikas 23/24,Celta de Vigo,24,0.113,0.943,0.901,0.296,0.512,0.459,0.378,1111
264,J. Njinmah 23/24,Werder Bremen,23,0.706,0.78,0.699,0.106,0.091,0.992,0.957,1106
265,M. Honsak 23/24,Darmstadt 98,27,0.791,0.65,0.045,0.035,0.31,0.279,0.18,1105
266,A. Petagna 23/24,Cagliari,28,0.106,0.544,0.045,0.035,0.689,0.703,0.159,1099
267,J. Bellegarde 23/24,Wolverhampton,25,0.773,0.385,0.169,0.007,0.632,0.53,0.858,1090
268,N. Alioui 23/24,Le Havre,25,0.826,0.971,0.53,0.134,0.961,0.879,0.6,1085
269,A. Milik 23/24,Juventus,30,0.777,0.381,0.53,0.473,0.48,0.823,0.282,1085
270,R. Borré 23/24,Werder Bremen,28,0.745,0.349,0.53,0.106,0.925,0.643,0.36,1080
271,A. Virginius 23/24,Clermont,21,0.657,0.18,0,0,0.36,0.978,0.445,1077
272,K. Yıldız 23/24,Juventus,19,0.886,0.498,0.169,0.014,0.929,0.756,0.893,1072
273,José Arnáiz 23/24,Osasuna,29,0.699,0.519,0.169,0.045,0.151,0.904,0.678,1062
274,André Almeida 23/24,Valencia,23,0.904,0.25,0.169,0.003,0.971,0.279,0.526,1061
275,Gonçalo Guedes 23/24,Villarreal,27,0.922,0.074,0.381,0.056,0.862,0.643,0.558,1052
276,R. Yaremchuk 23/24,Valencia,28,0.342,0.31,0.381,0.141,0.275,0,0.187,1043
277,E. Shomurodov 23/24,Cagliari,28,0.325,0.289,0.381,0.547,0.547,0.611,0.537,1041
278,L. Suárez 23/24,Almería,26,0.455,0.162,0.742,0.833,0.522,0.014,0.886,1035
279,N. Okafor 23/24,Milan,24,0.558,0.116,0.851,0.385,0.522,0.787,0.954,1034
280,Vitinha 23/24,Olympique Marseille,24,0.561,0.215,0.381,0.784,0.282,0.879,0.678,1032
281,T. Čvančara 23/24,Borussia M'gladbach,23,0.749,0.618,0.381,0.816,0.448,0.53,0.427,1022
282,I. Success 23/24,Udinese,28,0.353,0.445,0.063,0.187,0.777,0.279,0.756,1005
283,L. Jović 23/24,Milan,26,0.18,0.95,0.869,0.611,0.583,0.459,0.215,1003
284,K. Havertz 23/24,Arsenal,24,0.865,0.713,0.618,0.385,0.879,0.823,0.282,2943
285,H. Kane 22/23,Tottenham,29,0.734,0.59,0.802,0.843,0.884,0.737,0.788,5539
286,R. Lewandowski 22/23,Barcelona,34,0.846,0.904,0.955,0.959,0.817,0.851,0.765,5109
287,D. Tadić 22/23,Ajax,34,0.987,0.448,0.152,0.137,1,1,0.955,5029
288,V. Gyökeres 22/23,Coventry City,24,0.496,0.344,0.66,0.674,0.711,0.823,0.975,5009
289,A. Griezmann 22/23,Atlético Madrid,32,0.997,0.749,0.545,0.423,0.96,0.995,0.848,4863
290,K. Mbappé 22/23,PSG,24,0.993,0.836,0.995,0.983,0.983,0.917,0.998,4862
291,M. Rashford 22/23,Man United,25,0.911,0.595,0.955,0.65,0.889,0.737,0.914,4778
292,C. Gakpo 22/23,Liverpool,24,0.856,0.719,0.754,0.423,0.959,0.99,0.95,4767
293,I. Ndiaye 22/23,Sheffield United,23,0.702,0.053,0.545,0.362,0.683,0.588,0.823,4717
294,H. Cuypers 22/23,Gent,26,0.788,0.767,0.889,0.879,0.564,0.463,0.4,4691
295,L. Messi 22/23,PSG,35,1,0.512,0.821,0.926,0.998,0.99,0.988,4644
296,Lautaro Martínez 22/23,Internazionale,25,0.709,0.668,0.889,0.879,0.603,0.588,0.706,4629
297,V. Boniface 22/23,Union Saint-Gilloise,22,0.716,0.658,0.777,0.807,0.747,0.522,0.921,4605
298,E. Haaland 22/23,Man City,22,0.311,0.901,0.998,0.998,0.268,0.666,0.623,4519
299,M. Taremi 22/23,Porto,30,0.848,0.782,0.802,0.942,0.866,0.851,0.734,4433
300,Rodrygo 22/23,Real Madrid,22,0.992,0.372,0.59,0.785,0.76,0.883,0.96,4340
301,J. Piroe 22/23,Swansea City,23,0.858,0.088,0.691,0.769,0.582,0.187,0.6,4221
302,R. Kolo Muani 22/23,Eintracht Frankfurt,24,0.612,0.721,0.802,0.625,0.655,0.823,0.932,4219
303,Felipe Anderson 22/23,Lazio,30,0.99,0.407,0.41,0.071,0.94,0.666,0.722,4192
304,O. Giroud 22/23,Milan,36,0.468,0.955,0.707,0.896,0.102,0.522,0.147,4118
305,C. Morris 22/23,Luton Town,27,0.481,0.866,0.754,0.549,0.727,0.737,0.679,4079
306,E. Adebayo 22/23,Luton Town,25,0.167,0.83,0.215,0.625,0.286,0.36,0.554,3995
307,J. David 22/23,Lille,23,0.917,0.063,0.691,0.99,0.62,0.851,0.55,3987
308,Fran Navarro 22/23,Gil Vicente,25,0.061,0.334,0.673,0.965,0.017,0.102,0.301,3981
309,S. Becker 22/23,Union Berlin,28,0.669,0.134,0.443,0.071,0.993,0.851,0.995,3965
310,V. Janssen 22/23,Antwerp,28,0.613,0.835,0.567,0.727,0.446,0.522,0.527,3946
311,G. Burgstaller 22/23,Rapid Wien,34,0.749,0.496,0.856,0.83,0.655,0.737,0.59,3921
312,K. Benzema 22/23,Real Madrid,35,0.995,0.679,0.874,0.993,0.921,0.851,0.812,3882
313,B. Johnson 22/23,Nottingham Forest,22,0.21,0.179,0.23,0.213,0.747,0.666,0.861,3869
314,T. Lauritsen 22/23,Sparta Rotterdam,25,0.136,0.982,0.636,0.65,0.367,0.102,0.293,3856
315,K. Havertz 22/23,Chelsea,23,0.927,0.846,0.41,0.592,0.603,0.522,0.534,3842
316,Gonçalo Ramos 22/23,Benfica,21,0.574,0.707,0.985,0.969,0.152,0.463,0.522,3835
317,G. Laborde 22/23,Nice,29,0.688,0.57,0.754,0.691,0.838,0.851,0.759,3834
318,Iñaki Williams 22/23,Athletic Bilbao,28,0.817,0.736,0.352,0.286,0.931,0.666,0.919,3826
319,C. Ogbene 22/23,Rotherham United,26,0.466,0.203,0.284,0.071,0.736,0.666,0.884,3825
320,Y. En-Nesyri 22/23,Sevilla,26,0.063,0.698,0.821,0.549,0.018,0.02,0.083,3796
321,J. Yates 22/23,Blackpool,26,0.187,0.302,0.469,0.332,0.321,0.463,0.23,3791
322,A. Ueda 22/23,Cercle Brugge,24,0.241,0.696,0.736,0.86,0.379,0.187,0.531,3759
323,Cristiano Ronaldo 22/23,Al Nassr,38,0.906,0.893,0.617,0.945,0.428,0.588,0.732,3739
324,E. Ünal 22/23,Getafe,26,0.288,0.807,0.352,0.493,0.564,0.36,0.241,3737
325,W. Weghorst 22/23,Man United,30,0.469,0.579,0.545,0.727,0.354,0.522,0.212,3735
326,T. Pukki 22/23,Norwich City,33,0.23,0.008,0.498,0.592,0.625,0.851,0.81,3729
327,C. Akpom 22/23,Middlesbrough,27,0.595,0.669,0.96,0.86,0.446,0.187,0.727,3701
328,G. Orban 22/23,Gent,20,0.732,0.05,1,0.945,0.625,0.588,0.795,3670
329,A. Sorloth 22/23,Real Sociedad,27,0.266,0.962,0.754,0.625,0.278,0.78,0.474,3659
330,V. Muriqi 22/23,Mallorca,29,0.572,0.947,0.673,0.65,0.428,0.279,0.131,3649
331,A. Gouiri 22/23,Rennes,23,0.861,0.377,0.754,0.493,0.747,0.78,0.722,3631
332,Fábio Silva 22/23,PSV,20,0.636,0.445,0.519,0.83,0.774,0.588,0.719,3626
333,O. Watkins 22/23,Aston Villa,27,0.182,0.483,0.673,0.592,0.137,0.522,0.55,3619
334,Joselu 22/23,Espanyol,33,0.207,0.988,0.636,0.785,0.255,0.102,0.17,3619
335,J. Álvarez 22/23,Man City,23,0.881,0.099,0.856,0.785,0.691,0.36,0.62,3617
336,N. Wells 22/23,Bristol City,33,0.415,0.175,0.302,0.453,0.767,0.851,0.446,3607
337,J. Sargent 22/23,Norwich City,23,0.489,0.699,0.567,0.286,0.286,0.522,0.527,3606
338,A. Sánchez 22/23,Olympique Marseille,34,0.919,0.23,0.636,0.769,0.97,0.823,0.678,3590
339,D. Vlahović 22/23,Juventus,23,0.493,0.474,0.721,0.785,0.354,0.522,0.354,3557
340,L. Dykes 22/23,Queens Park Rangers,27,0.122,0.817,0.256,0.493,0.332,0.36,0.076,3545
341,B. Mbeumo 22/23,Brentford,23,0.792,0.286,0.256,0.137,0.954,0.945,0.812,3545
342,S. Giménez 22/23,Feyenoord,22,0.183,0.689,0.97,0.98,0.321,0.463,0.633,3514
343,T. Abraham 22/23,Roma,25,0.304,0.881,0.324,0.423,0.321,0.78,0.6,3496
344,A. Kramarić 22/23,Hoffenheim,31,0.965,0.035,0.469,0.423,0.823,0.36,0.575,3483
345,A. Lacazette 22/23,Olympique Lyonnais,32,0.879,0.37,0.979,0.987,0.864,0.851,0.742,3410
346,Abel Ruiz 22/23,Sporting Braga,23,0.598,0.116,0.567,0.362,0.489,0.737,0.512,3384
347,I. Toney 22/23,Brentford,27,0.479,0.712,0.721,0.911,0.785,0.588,0.6,3379
348,V. Osimhen 22/23,Napoli,24,0.251,0.952,0.993,0.995,0.388,0.36,0.76,3370
349,T. Baribo 22/23,Wolfsberger AC,25,0.615,0.154,0.919,0.807,0.347,0.36,0.4,3367
350,J. Brown 22/23,Stoke City,25,0.417,0.673,0.352,0.256,0.56,0.279,0.706,3361
351,J. Pohjanpalo 22/23,Venezia,28,0.516,0.863,0.777,0.749,0.271,0.588,0.107,3351
352,M. Kudus 22/23,Ajax,22,0.873,0.19,0.906,0.884,0.582,0.588,0.916,3350
353,Iago Aspas 22/23,Celta de Vigo,35,0.974,0.494,0.443,0.332,0.916,0.883,0.633,3335
354,V. Pavlidis 22/23,AZ,24,0.855,0.81,0.906,0.896,0.63,0.851,0.661,3327
355,F. Balogun 22/23,Reims,21,0.403,0.041,0.736,0.997,0.537,0.666,0.75,3325
356,Mostafa Mohamed 22/23,Nantes,25,0.111,0.818,0.519,0.549,0.091,0.187,0.131,3319
357,B. Šeško 22/23,Salzburg,19,0.476,0.964,0.906,0.843,0.397,0.36,0.684,3314
358,T. Bradshaw 22/23,Millwall,30,0.137,0.198,0.785,0.749,0.238,0.187,0.354,3300
359,D. Solanke 22/23,Bournemouth,25,0.225,0.395,0.23,0.549,0.446,0.279,0.664,3291
360,S. Hogan 22/23,Birmingham City,31,0.073,0.174,0.388,0.307,0.185,0.048,0.167,3282
361,R. van Wolfswinkel 22/23,Twente,34,0.587,0.603,0.152,0.577,0.582,0.588,0.281,3275
362,V. Castellanos 22/23,Girona,24,0.258,0.8,0.821,0.843,0.582,0.279,0.514,3275
363,H. Diallo 22/23,Strasbourg,27,0.332,0.777,0.846,0.911,0.223,0.522,0.4,3273
364,M. Gregoritsch 22/23,Freiburg,29,0.478,0.884,0.785,0.691,0.312,0.36,0.483,3251
365,T. Moffi 22/23,Nice,24,0.15,0.207,0.919,0.727,0.132,0.36,0.579,3249
366,S. van Hooijdonk 22/23,Heerenveen,23,0.552,0.874,0.846,0.807,0.144,0.102,0.159,3248
367,E. Džeko 22/23,Internazionale,37,0.826,0.894,0.754,0.749,0.788,0.666,0.684,3206
368,B. Dia 22/23,Salernitana,26,0.608,0.369,0.874,0.393,0.286,0.279,0.501,3195
369,T. Kubo 22/23,Real Sociedad,22,0.94,0.488,0.388,0.114,0.914,0.932,0.962,3189
370,André Vidigal 22/23,Marítimo,24,0.522,0.326,0.324,0.091,0.906,0.187,0.783,3177
371,S. Adingra 22/23,Union Saint-Gilloise,21,0.894,0.567,0.545,0.187,0.96,0.957,0.977,3173
372,I. Lidberg 22/23,Go Ahead Eagles,24,0.382,0.879,0.324,0.362,0.489,0.463,0.332,3140
373,F. Caputo 22/23,Empoli,35,0.322,0.273,0.112,0.332,0.144,0.36,0.104,3136
374,L. de Jong 22/23,PSV,32,0.684,0.974,0.846,0.884,0.417,0.666,0.188,3134
375,M. Ducksch 22/23,Werder Bremen,29,0.831,0.425,0.617,0.453,0.873,0.883,0.458,3133
376,M. Nzola 22/23,Spezia,26,0.362,0.2,0.567,0.529,0.337,0.36,0.435,3127
377,R. Sterling 22/23,Chelsea,28,0.96,0.64,0.498,0.423,0.967,0.823,0.884,3119
378,T. Werner 22/23,RB Leipzig,27,0.97,0.015,0.813,0.493,0.881,0.666,0.823,3112
379,T. Campbell 22/23,Stoke City,23,0.76,0.569,0.41,0.187,0.944,0.851,0.94,3108
380,Borja Mayoral 22/23,Getafe,26,0.769,0.291,0.41,0.213,0.597,0.36,0.579,3089
381,A. Douvikas 22/23,Utrecht,23,0.332,0.552,0.906,0.945,0.19,0.588,0.613,3088
382,P. Hofmann 22/23,Bochum,30,0.225,0.927,0.41,0.362,0.483,0.279,0.051,3085
383,M. Thuram 22/23,Borussia M'gladbach,25,0.588,0.78,0.821,0.86,0.388,0.522,0.76,3084
384,D. Gray 22/23,Everton,26,0.841,0.007,0.083,0.137,0.774,0.917,0.922,3075
385,E. Gyasi 22/23,Spezia,29,0.759,0.14,0.013,0.007,0.473,0.279,0.073,3053
386,Mama Baldé 22/23,Troyes,27,0.426,0.408,0.567,0.362,0.223,0.102,0.683,3049
387,Álvaro Morata 22/23,Atlético Madrid,30,0.567,0.921,0.932,0.86,0.223,0.36,0.706,3040
388,E. Demirović 22/23,Augsburg,25,0.18,0.499,0.352,0.393,0.704,0.279,0.43,3036
389,W. Ben Yedder 22/23,Monaco,32,0.817,0.122,0.899,0.983,0.881,0.737,0.74,3035
390,A. Mitrović 22/23,Fulham,28,0.519,0.716,0.856,0.945,0.362,0.279,0.557,3030
391,M. Braithwaite 22/23,Espanyol,32,0.286,0.661,0.519,0.332,0.446,0.36,0.471,3030
392,R. Pepi 22/23,Groningen,20,0.41,0.342,0.835,0.423,0.132,0.279,0.188,3027
393,R. Hojlund 22/23,Atalanta,20,0.375,0.238,0.969,0.785,0.498,0.666,0.76,3010
394,S. Kaba 22/23,Cardiff City,27,0.344,0.899,0.59,0.711,0.203,0.187,0.296,2992
395,N. Füllkrug 22/23,Werder Bremen,30,0.853,0.911,0.707,0.807,0.736,0.78,0.64,2988
396,L. Openda 22/23,Lens,23,0.337,0.517,0.955,0.917,0.808,0.932,0.793,2985
397,K. Onisiwo 22/23,Mainz 05,31,0.278,0.417,0.519,0.213,0.84,0.883,0.869,2981
398,C. Nkunku 22/23,RB Leipzig,25,0.944,0.597,0.947,0.931,0.798,0.917,0.856,2951
399,T. Dallinga 22/23,Toulouse,22,0.623,0.638,0.889,0.769,0.271,0.588,0.2,2942
400,B. Embolo 22/23,Monaco,26,0.34,0.364,0.889,0.769,0.717,0.883,0.704,2933
401,B. Thomas-Asante 22/23,WBA,24,0.271,0.164,0.721,0.896,0.727,0.36,0.858,2925
402,C. Immobile 22/23,Lazio,33,0.902,0.326,0.469,0.83,0.436,0.102,0.63,2924
403,Borja Iglesias 22/23,Real Betis,30,0.537,0.099,0.545,0.749,0.337,0.666,0.382,2919
404,Chris Ramos 22/23,Cádiz,26,0.012,0.983,0.388,0.307,0.106,0.102,0.413,2916
405,M. Antonio 22/23,West Ham,33,0.165,0.431,0.777,0.577,0.564,0.666,0.831,2900
406,R. Živković 22/23,Emmen,26,0.309,0.336,0.23,0.159,0.079,0.048,0.038,2893
407,K. Denkey 22/23,Cercle Brugge,22,0.407,0.332,0.617,0.691,0.818,0.463,0.623,2881
408,L. Trossard 22/23,Arsenal,28,0.979,0.136,0.388,0.091,0.988,0.983,0.894,2866
409,Ferrán Jutglà 22/23,Club Brugge,24,0.747,0.421,0.736,0.884,0.527,0.737,0.8,2863
410,João Félix 22/23,Chelsea,23,0.972,0.63,0.636,0.592,0.942,0.36,0.929,2855
411,J. Coburn 22/23,Bristol Rovers,20,0.038,0.755,0.567,0.493,0.17,0.187,0.284,2838
412,C. Adams 22/23,Southampton,26,0.504,0.509,0.567,0.393,0.519,0.588,0.276,2831
413,D. Núñez 22/23,Liverpool,23,0.683,0.626,0.835,0.86,0.498,0.78,0.86,2830
414,A. Sanabria 22/23,Torino,27,0.755,0.511,0.636,0.592,0.255,0.588,0.101,2814
415,O. Estupiñán 22/23,Hull City,26,0.017,0.246,0.754,0.65,0.015,0.048,0.078,2807
416,L. Boyé 22/23,Elche,27,0.451,0.469,0.302,0.332,0.417,0.522,0.731,2807
417,S. Gallagher 22/23,Blackburn Rovers,27,0.217,0.802,0.302,0.091,0.55,0.187,0.458,2805
418,Sergio Camello 22/23,Rayo Vallecano,22,0.486,0.35,0.324,0.213,0.278,0.588,0.155,2772
419,Gabriel Jesus 22/23,Arsenal,26,0.874,0.41,0.813,0.975,0.788,0.737,0.926,2768
420,André Silva 22/23,RB Leipzig,27,0.812,0.433,0.498,0.749,0.663,0.666,0.699,2760
421,C. Kouamé 22/23,Fiorentina,25,0.921,0.995,0.256,0.256,0.949,0.957,0.802,2752
422,E. Buendía 22/23,Aston Villa,26,0.939,0.179,0.152,0.071,0.932,0.737,0.421,2737
423,T. Ambrose 22/23,Oostende,26,0.712,0.873,0.256,0.577,0.965,0.823,0.99,2735
424,M. Seuntjens 22/23,RKC Waalwijk,31,0.937,0.215,0.093,0.03,0.967,0.917,0.949,2728
425,D. Okereke 22/23,Cremonese,25,0.574,0.233,0.41,0.286,0.655,0.279,0.648,2723
426,Arthur Cabral 22/23,Fiorentina,25,0.213,0.54,0.856,0.896,0.159,0.102,0.4,2722
427,T. Dolan 22/23,Blackburn Rovers,21,0.922,0.013,0.256,0.081,0.853,0.78,0.712,2717
428,P. Dybala 22/23,Roma,29,0.975,0.266,0.721,0.674,0.906,0.987,0.917,2716
429,D. Ward 22/23,Huddersfield Town,32,0.094,0.317,0.188,0.055,0.069,0.279,0.195,2716
430,Paulinho 22/23,Sporting CP,30,0.527,0.812,0.856,0.843,0.446,0.666,0.522,2703
431,Y. Matsuo 22/23,Westerlo,25,0.676,0.121,0.256,0.256,0.909,0.737,0.841,2703
432,G. Del Prete 22/23,Pumas UNAM,26,0.883,0.383,0.443,0.137,0.704,0.851,0.693,2698
433,M. Sarkaria 22/23,Sturm Graz,26,0.835,0.35,0.721,0.65,0.945,0.998,0.904,2687
434,E. Wahi 22/23,Montpellier,20,0.329,0.055,0.97,0.625,0.15,0.588,0.737,2679
435,R. Vermant 22/23,Club Brugge,19,0.202,0.617,0.352,0.592,0.537,0.187,0.598,2663
436,M. El Idrissy 22/23,Ajaccio,24,0.367,0.564,0.256,0.159,0.2,0.048,0.048,2660
437,M. Gabbiadini 22/23,Sampdoria,31,0.663,0.23,0.352,0.307,0.825,0.883,0.377,2651
438,L. Jović 22/23,Fiorentina,25,0.327,0.428,0.785,0.917,0.231,0.36,0.433,2647
439,C. Lang 22/23,Ried,21,0.754,0.337,0.352,0.493,0.858,0.883,0.722,2646
440,O. McBurnie 22/23,Sheffield United,26,0.628,0.856,0.874,0.592,0.544,0.36,0.491,2636
441,Zé Manuel 22/23,Nacional,32,0.463,0.345,0.469,0.213,0.597,0.36,0.388,2618
442,A. Milik 22/23,Juventus,29,0.772,0.448,0.545,0.332,0.321,0.187,0.187,2598
443,D. Gayle 22/23,Stoke City,33,0.506,0.532,0.058,0.187,0.428,0.588,0.055,2589
444,K. Davis 22/23,Watford,25,0.294,0.4,0.352,0.159,0.17,0.36,0.565,2585
445,Iván Romero 22/23,Tenerife,22,0.413,0.448,0.112,0.091,0.446,0.522,0.526,2565
446,J. Strand Larsen 22/23,Celta de Vigo,23,0.094,0.76,0.284,0.332,0.2,0.588,0.18,2559
447,M. Malone 22/23,Wolfsberger AC,22,0.762,0.593,0.59,0.625,0.663,0.737,0.927,2558
448,A. Sarr 22/23,Olympique Lyonnais,22,0.798,0.314,0.302,0.393,0.638,0.737,0.765,2545
449,A. Barnes 22/23,Burnley,33,0.522,0.676,0.388,0.711,0.397,0.279,0.045,2530
450,S. Prevljak 22/23,Eupen,28,0.364,0.307,0.284,0.493,0.231,0.002,0.177,2525
451,I. Ganago 22/23,Nantes,24,0.349,0.841,0.284,0.159,0.62,0.588,0.41,2512
452,Jon Magunazelaia 22/23,Real Sociedad,21,0.893,0.539,0.388,0.03,0.855,0.522,0.612,2498
453,T. Cannon 22/23,Preston North End,20,0.167,0.202,0.874,0.493,0.19,0.588,0.648,2492
454,C. Wilson 22/23,Newcastle United,31,0.078,0.324,0.906,0.987,0.19,0.883,0.435,2490
455,D. Beljo 22/23,Augsburg,21,0.374,0.868,0.636,0.137,0.263,0.588,0.188,2487
456,S. Banza 22/23,Sporting Braga,26,0.233,0.75,0.835,0.769,0.159,0.279,0.488,2482
457,Y. Njie 22/23,Boavista,29,0.39,0.212,0.821,0.843,0.302,0.187,0.557,2477
458,M. Barrow 22/23,Bologna,24,0.969,0.136,0.066,0.007,0.937,0.957,0.783,2476
459,B. Yılmaz 22/23,Fortuna Sittard,37,0.726,0.838,0.066,0.86,0.678,0.463,0.354,2473
460,A. Hunou 22/23,Angers SCO,29,0.934,0.612,0.137,0.213,0.536,0.102,0.167,2451
461,A. Budimir 22/23,Osasuna,31,0.119,0.864,0.498,0.625,0.071,0.002,0.18,2451
462,André Silva 22/23,Vitória Guimarães,25,0.762,0.217,0.302,0.137,0.544,0.666,0.486,2438
463,L. Bailey 22/23,Aston Villa,25,0.646,0.274,0.23,0.091,0.975,0.917,0.969,2431
464,L. Jutkiewicz 22/23,Birmingham City,34,0.088,0.924,0.302,0.286,0.633,0.102,0.256,2430
465,Silas 22/23,Stuttgart,24,0.499,0.722,0.23,0.159,0.818,0.463,0.807,2427
466,Vitinha 22/23,Olympique Marseille,23,0.545,0.545,0.939,0.896,0.655,0.279,0.883,2426
467,K. Piątek 22/23,Salernitana,27,0.385,0.623,0.066,0.453,0.347,0.02,0.089,2425
468,G. Kyei 22/23,Clermont,27,0.445,0.279,0.302,0.843,0.312,0.279,0.565,2423
469,M. Osmajić 22/23,Vizela,23,0.213,0.405,0.519,0.529,0.203,0.048,0.155,2422
470,J. Vardy 22/23,Leicester City,36,0.02,0.626,0.302,0.332,0.122,0.102,0.177,2417
471,T. Parrott 22/23,Preston North End,21,0.666,0.149,0.066,0.081,0.612,0.102,0.588,2411
472,L. Dimata 22/23,NEC,25,0.144,0.914,0.443,0.674,0.122,0.463,0.217,2400
473,L. Foster 22/23,Burnley,22,0.658,0.674,0.707,0.393,0.684,0.522,0.569,2399
474,S. Elisor 22/23,Laval,23,0.142,0.58,0.41,0.592,0.436,0.36,0.636,2393
475,A. Hložek 22/23,Bayer Leverkusen,20,0.701,0.471,0.41,0.159,0.302,0.666,0.468,2391
476,E. Emegha 22/23,Sturm Graz,20,0.068,0.694,0.691,0.769,0.111,0.588,0.307,2387
477,M. Forss 22/23,Middlesbrough,23,0.626,0.023,0.519,0.307,0.55,0.102,0.664,2382
478,Beto 22/23,Udinese,25,0.102,0.891,0.617,0.529,0.088,0.737,0.514,2379
479,J. Cádiz 22/23,Famalicão,27,0.119,0.906,0.636,0.691,0.203,0.102,0.34,2378
480,I. Slimani 22/23,Anderlecht,34,0.821,0.823,0.617,0.727,0.519,0.588,0.089,2372
481,B. Brobbey 22/23,Ajax,21,0.179,0.774,0.899,0.896,0.218,0.666,0.263,2372
482,D. Welbeck 22/23,Brighton,32,0.79,0.851,0.324,0.592,0.255,0.588,0.23,2351
483,D. Fofana 22/23,Chelsea,20,0.264,0.306,0.856,0.992,0.767,0.851,0.995,2346
484,M. Godden 22/23,Coventry City,31,0.299,0.205,0.324,0.592,0.159,0.463,0.046,2341
485,N. Jackson 22/23,Villarreal,21,0.441,0.162,0.856,0.625,0.309,0.78,0.765,2341
486,Evanilson 22/23,Porto,23,0.633,0.549,0.721,0.529,0.203,0.883,0.382,2335
487,K. Gameiro 22/23,Strasbourg,36,0.899,0.195,0.636,0.691,0.788,0.522,0.506,2334
488,A. Kalimuendo 22/23,Rennes,21,0.655,0.033,0.443,0.362,0.367,0.823,0.498,2332
489,Lucas João 22/23,Reading,29,0.122,0.357,0.23,0.256,0.17,0.02,0.021,2319
490,H. Tabaković 22/23,Austria Wien,28,0.45,0.858,0.962,0.959,0.028,0.78,0.382,2316
491,A. Lotti 22/23,Cruz Azul,26,0.455,0.412,0.443,0.187,0.516,0.522,0.212,2314
492,C. Larin 22/23,Real Valladolid,28,0.403,0.331,0.707,0.785,0.17,0.522,0.35,2309
493,N. Pépé 22/23,Nice,27,0.983,0.792,0.256,0.625,0.805,0.823,0.876,2303
494,A. Pinamonti 22/23,Sassuolo,24,0.549,0.26,0.152,0.393,0.498,0.522,0.372,2287
495,R. Lukaku 22/23,Internazionale,30,0.306,0.826,0.874,0.952,0.742,0.945,0.823,2283
496,Nuno Da Costa 22/23,Auxerre,32,0.324,0.684,0.352,0.114,0.498,0.737,0.64,2280
497,A. Ndour 22/23,Zulte-Waregem,25,0.294,0.531,0.721,0.529,0.78,0.588,0.912,2275
498,A. Belotti 22/23,Roma,29,0.364,0.618,0.152,0.286,0.332,0.463,0.269,2266
499,K. N’Dri 22/23,Eupen,22,0.388,0.06,0.469,0.159,0.428,0.36,0.982,2260
500,T. Deeney 22/23,Birmingham City,34,0.188,0.754,0.152,0.362,0.684,0.463,0.04,2256
501,L. Delap 22/23,Man City,20,0.064,0.264,0.256,0.577,0.218,0.463,0.742,2248
502,Rodrigo 22/23,Leeds United,32,0.779,0.311,0.932,0.625,0.818,0.463,0.636,2244
503,T. Conway 22/23,Bristol City,20,0.276,0,0.835,0.213,0.484,0.78,0.607,2243
504,Welinton Júnior 22/23,Portimonense,29,0.579,0.24,0.256,0.529,0.461,0.187,0.574,2241
505,Danilo 22/23,Feyenoord,24,0.688,0.281,0.889,0.931,0.278,0.522,0.421,2238
506,C. Washington 22/23,Rotherham United,31,0.026,0.012,0.352,0.493,0.223,0.463,0.207,2235
507,A. Ceesay 22/23,Lecce,29,0.243,0.615,0.256,0.159,0.489,0.102,0.276,2235
508,N. Štulić 22/23,Charleroi,21,0.307,0.441,0.813,0.577,0.008,0.048,0.104,2233
509,I. Niane 22/23,Angers SCO,24,0.602,0.423,0.152,0.749,0.137,0.279,0.435,2221
510,Toni Martínez 22/23,Porto,25,0.174,0.969,0.899,0.86,0.268,0.883,0.655,2217
511,F. Avenatti 22/23,Kortrijk,30,0.582,0.98,0.498,0.137,0.574,0.36,0.2,2204
512,L. Mikić 22/23,Ried,26,0.693,0.319,0.152,0.091,0.874,0.78,0.945,2198
513,A. Carroll 22/23,Reading,34,0.051,0.987,0.388,0.187,0.088,0.02,0.064,2197
514,L. Ajorque 22/23,Mainz 05,29,0.674,0.76,0.388,0.549,0.544,0.187,0.152,2190
515,S. Lammers 22/23,Sampdoria,26,0.59,0.656,0.033,0.256,0.299,0.36,0.453,2185
516,S. Guirassy 22/23,Stuttgart,27,0.739,0.985,0.835,0.807,0.203,0.048,0.554,2184
517,Hulk 22/23,Atlético Mineiro,36,0.78,0.236,0.59,0.83,0.977,0.969,0.983,2181
518,N. Okafor 22/23,Salzburg,22,0.707,0.031,0.673,0.577,0.957,0.969,0.942,2179
519,E. Ávila 22/23,Osasuna,29,0.795,0.64,0.498,0.453,0.972,0.588,0.831,2173
520,E. Nketiah 22/23,Arsenal,24,0.593,0.526,0.736,0.83,0.238,0.522,0.608,2169
521,E. Choupo-Moting 22/23,Bayern München,34,0.75,0.702,0.99,0.785,0.655,0.36,0.668,2168
522,M. Kramer 22/23,RKC Waalwijk,34,0.704,0.727,0.673,0.549,0.461,0.522,0.074,2165
523,A. Sima 22/23,Angers SCO,21,0.36,0.382,0.388,0.187,0.367,0.279,0.443,2163
524,José Luis Morales 22/23,Villarreal,35,0.699,0.387,0.947,0.884,0.588,0.823,0.861,2162
525,Cassiano 22/23,Estoril,33,0.003,0.493,0.469,0.286,0.159,0.002,0.223,2159
526,T. Arokodare 22/23,Genk,22,0.731,0.942,0.691,0.896,0.238,0.187,0.164,2155
527,K. Behrens 22/23,Union Berlin,32,0.398,0.896,0.754,0.307,0.564,0.187,0.131,2151
528,A. Isak 22/23,Newcastle United,23,0.66,0.559,0.691,0.83,0.696,0.463,0.802,2148
529,Á. Correa 22/23,Atlético Madrid,28,0.95,0.129,0.754,0.592,0.85,0.917,0.879,2144
530,Dany Mota 22/23,Monza,25,0.866,0.554,0.284,0.091,0.808,0.588,0.721,2141
531,Pere Milla 22/23,Elche,30,0.858,0.646,0.188,0.286,0.684,0.279,0.418,2138
532,D. Ings 22/23,West Ham,30,0.473,0.476,0.498,0.625,0.473,0.522,0.207,2137
533,A. Armstrong 22/23,Southampton,26,0.516,0.145,0.093,0.187,0.498,0.463,0.579,2132
534,K. Grant 22/23,WBA,25,0.742,0.172,0.188,0.691,0.574,0.048,0.572,2132
535,Rafa Mújica 22/23,Arouca,24,0.132,0.554,0.835,0.843,0.018,0.048,0.506,2128
536,V. Bayo 22/23,Charleroi,26,0.696,0.833,0.519,0.896,0.498,0.463,0.36,2124
537,L. Höler 22/23,Freiburg,28,0.696,0.912,0.284,0.256,0.633,0.36,0.078,2123
538,N. Dorgeles 22/23,Westerlo,20,0.889,0.226,0.919,0.674,0.793,0.588,0.899,2117
539,J. Gelhardt 22/23,Sunderland,21,0.711,0.058,0.284,0.423,0.443,0.463,0.377,2115
540,J. Siebatcheu 22/23,Union Berlin,27,0.028,0.711,0.284,0.393,0.379,0.187,0.028,2115
541,K. Sowah 22/23,Club Brugge,23,0.959,0.499,0.048,0.013,0.825,0.851,0.294,2115
542,K. Moore 22/23,Bournemouth,30,0.172,0.945,0.41,0.137,0.379,0.02,0.055,2114
543,O. Édouard 22/23,Crystal Palace,25,0.494,0.316,0.519,0.286,0.354,0.187,0.342,2110
544,C. Dessers 22/23,Cremonese,28,0.195,0.106,0.617,0.911,0.417,0.279,0.668,2089
545,R. Longman 22/23,Hull City,22,0.793,0.889,0.048,0.081,0.912,0.279,0.896,2071
546,S. Tigges 22/23,Köln,24,0.193,0.815,0.519,0.393,0.648,0.36,0.342,2068
547,G. Oristanio 22/23,Volendam,20,0.443,0.704,0.008,0.213,0.846,0.588,0.957,2067
548,Y. Wissa 22/23,Brentford,26,0.42,0.664,0.519,0.159,0.574,0.666,0.413,2066
549,C. Robinson 22/23,Cardiff City,28,0.775,0.03,0.41,0.625,0.922,0.78,0.898,2063
550,Juninho 22/23,Chaves,26,0.145,0.502,0.215,0.256,0.102,0.187,0.319,2056
551,E. Manu 22/23,Groningen,29,0.431,0.16,0.785,0.493,0.722,0.588,0.838,2055
552,I. Success 22/23,Udinese,27,0.66,0.572,0.048,0.013,0.866,0.945,0.648,2054
553,A. Delort 22/23,Nantes,31,0.752,0.557,0.093,0.879,0.936,0.36,0.808,2052
554,S. Terodde 22/23,Schalke 04,35,0.013,0.294,0.302,0.423,0.031,0.279,0.028,2046
555,Gabriel Barbosa 22/23,Flamengo,26,0.926,0.797,0.093,0.711,0.898,0.522,0.446,2046
556,C. Wickham 22/23,Cardiff City,30,0.342,0.62,0.545,0.453,0.704,0.02,0.307,2045
557,A. Semenyo 22/23,Bournemouth,23,0.202,0.438,0.785,0.529,0.309,0.588,0.838,2042
558,A. Lookman 22/23,Atalanta,25,0.955,0.076,0.899,0.749,0.972,0.977,0.979,2039
559,L. Suárez 22/23,Almería,25,0.55,0.367,0.545,0.493,0.509,0.737,0.579,2038
560,Wesley 22/23,Levante,26,0.238,0.931,0.215,0.332,0.436,0.36,0.14,2036
561,A. Samatta 22/23,Genk,30,0.423,0.337,0.469,0.159,0.417,0.279,0.4,2019
562,J. Rodriguez 22/23,Burnley,33,0.724,0.34,0.66,0.65,0.354,0.048,0.061,2013
563,G. Cano 22/23,Fluminense,35,0.499,0.296,0.982,0.975,0.19,0.102,0.544,2009
564,B. Sharp 22/23,Sheffield United,37,0.283,0.43,0.093,0.213,0.648,0.187,0.471,2008
565,N. Fernández 22/23,Defensa y Justicia,27,0.545,0.025,0.66,0.807,0.519,0.666,0.742,1990
566,M. Retegui 22/23,Tigre,24,0.245,0.803,0.802,0.931,0.397,0.522,0.367,1983
567,M. Harris 22/23,Cardiff City,24,0.446,0.038,0.112,0.03,0.473,0.522,0.269,1981
568,J. Adamu 22/23,Salzburg,21,0.438,0.607,0.97,0.807,0.696,0.666,0.716,1976
569,Richarlison 22/23,Tottenham,26,0.648,0.379,0.443,0.393,0.663,0.666,0.668,1974
570,P. Onuachu 22/23,Southampton,28,0.42,0.818,0.919,0.942,0.021,0.102,0.393,1973
571,N. Binder 22/23,Austria Klagenfurt,21,0.337,0.651,0.567,0.286,0.337,0.588,0.301,1965
572,A. Adli 22/23,Bayer Leverkusen,23,0.977,0.902,0.567,0.393,0.785,0.666,0.873,1961
573,M. Stroeykens 22/23,Anderlecht,18,0.932,0.14,0.324,0.362,0.808,0.279,0.688,1961
574,S. Weissman 22/23,Granada,27,0.069,0.104,0.215,0.213,0.013,0.048,0.02,1961
575,E. Cavani 22/23,Valencia,36,0.684,0.387,0.324,0.453,0.337,0.048,0.017,1961
576,M. Frey 22/23,Schalke 04,28,0.64,0.74,0.469,0.807,0.674,0.823,0.653,1957
577,F. Niederlechner 22/23,Hertha BSC,32,0.154,0.575,0.324,0.286,0.417,0.048,0.226,1951
578,C. Martin 22/23,Queens Park Rangers,34,0.395,0.636,0.324,0.159,0.407,0.02,0.013,1947
579,N. Prelec 22/23,Cagliari,21,0.289,0.734,0.469,0.362,0.802,0.78,0.668,1945
580,S. Hendriks 22/23,Olympiakos,28,0.289,0.66,0.048,0.332,0.17,0.02,0.269,1936
581,Omar Marmoush 22/23,Wolfsburg,24,0.871,0.94,0.673,0.453,0.754,0.78,0.899,1936
582,Y. Barasi 22/23,AZ,20,0.907,0.387,0.469,0.917,0.833,0.737,0.893,1934
583,R. Mühren 22/23,Volendam,34,0.349,0.524,0.352,0.549,0.641,0.463,0.107,1931
584,A. Gruber 22/23,Austria Wien,27,0.931,0.795,0.821,0.187,0.985,0.969,0.812,1931
585,M. Satriano 22/23,Empoli,22,0.273,0.309,0.048,0.091,0.603,0.187,0.397,1924
586,Rafa Mir 22/23,Sevilla,25,0.458,0.547,0.673,0.83,0.255,0.666,0.21,1924
587,M. Arnautović 22/23,Bologna,34,0.802,0.512,0.59,0.749,0.845,0.522,0.372,1923
588,S. Mounié 22/23,Brest,28,0.398,0.992,0.469,0.711,0.114,0.279,0.276,1921
589,R. Borré 22/23,Eintracht Frankfurt,27,0.912,0.435,0.048,0.307,0.793,0.588,0.474,1921
590,Mario González 22/23,OH Leuven,27,0.132,0.678,0.754,0.674,0.056,0.102,0.17,1917
591,G. Madine 22/23,Blackpool,32,0.102,0.787,0.23,0.307,0.203,0.102,0.01,1916
592,Matheus Babi 22/23,Santa Clara,25,0.117,0.631,0.112,0.362,0.045,0.187,0.098,1908
593,Anderson Silva 22/23,Vitória Guimarães,25,0.015,0.119,0.707,0.549,0.048,0,0.679,1903
594,G. Kakuta 22/23,Amiens SC,31,0.957,0.64,0.59,0.256,0.987,0.969,0.906,1900
595,E. Riis 22/23,Preston North End,24,0.43,0.395,0.23,0.213,0.321,0.187,0.388,1897
596,I. Koné 22/23,Lorient,23,0.377,0.883,0.498,0.493,0.263,0.36,0.088,1893
597,H. Seferović 22/23,Celta de Vigo,31,0.393,0.664,0.388,0.577,0.732,0.522,0.44,1888
598,Roberto Firmino 22/23,Liverpool,31,0.988,0.372,0.962,0.691,0.888,0.823,0.783,1874
599,Róger Guedes 22/23,Corinthians,26,0.909,0.988,0.777,0.453,0.532,0.02,0.626,1871
600,R. Krollis 22/23,Spezia,21,0.777,0.769,0.932,0.955,0.674,0.883,0.754,1865
601,P. Schick 22/23,Bayer Leverkusen,27,0.653,0.607,0.352,0.884,0.302,0.02,0.342,1858
602,Gerard Moreno 22/23,Villarreal,31,0.964,0.843,0.785,0.931,0.979,0.851,0.869,1857
603,H. Cornick 22/23,Bristol City,28,0.559,0.069,0.137,0.256,0.833,0.737,0.458,1848
604,Z. Gano 22/23,Zulte-Waregem,29,0.238,0.957,0.906,0.959,0.066,0.102,0.319,1846
605,B. Romero 22/23,Club Tijuana,31,0.382,0.35,0.352,0.625,0.516,0.102,0.284,1843
606,S. Hamulić 22/23,Toulouse,22,0.086,0.516,0.846,0.577,0.271,0.187,0.835,1843
607,Sergi Guardiola 22/23,Cádiz,32,0.542,0.073,0.137,0.081,0.347,0.102,0.245,1833
608,Rafael Martins 22/23,Casa Pia AC,34,0.595,0.724,0.707,0.286,0.048,0.002,0.069,1830
609,A. Tapsoba 22/23,Sheriff,21,0.347,0.448,0.617,0.549,0.559,0.588,0.765,1830
610,M. Berisha 22/23,Augsburg,25,0.078,0.443,0.636,0.727,0.742,0.883,0.734,1825
611,S. Pierotti 22/23,Colón,22,0.567,0.929,0.137,0.055,0.782,0.187,0.848,1823
612,N. Radonjić 22/23,Torino,27,0.924,0.182,0.256,0.549,0.982,0.917,1,1820
613,C. Tengstedt 22/23,Benfica,23,0.555,0.486,0.988,0.807,0.527,0.957,0.777,1817
614,Hugo Duro 22/23,Valencia,23,0.354,0.293,0.058,0.529,0.023,0.187,0.04,1811
615,J. Hugill 22/23,Rotherham United,30,0.002,0.752,0.256,0.362,0.428,0.048,0.028,1809
616,A. Petagna 22/23,Monza,27,0.531,0.97,0.256,0.453,0.397,0.883,0.425,1808
617,Tiquinho Soares 22/23,Botafogo,32,0.643,0.623,0.856,0.785,0.55,0.666,0.613,1807
618,J. Ngoy 22/23,Mechelen,25,0.008,0.111,0.256,0.187,0.203,0.048,0.562,1805
619,P. Bamford 22/23,Leeds United,29,0.392,0.562,0.519,0.727,0.481,0.279,0.319,1800
620,N. Zaniolo 22/23,Galatasaray,23,0.77,0.448,0.519,0.691,0.866,0.588,0.937,1779
621,K. Lasagna 22/23,Hellas Verona,30,0.16,0.225,0.058,0.393,0.691,0.279,0.474,1777
622,M. Obafemi 22/23,Burnley,22,0.283,0,0.519,0.137,0.185,0.463,0.342,1774
623,I. Bebou 22/23,Hoffenheim,29,0.531,0.25,0.519,0.137,0.557,0.048,0.458,1773
624,Gorka Guruzeta 22/23,Athletic Bilbao,26,0.721,0.504,0.545,0.549,0.446,0.666,0.256,1770
625,B. Messaoudi 22/23,Kortrijk,25,0.526,0.283,0.058,0.114,0.337,0.048,0.884,1767
626,P. Daka 22/23,Leicester City,24,0.583,0.42,0.545,0.453,0.588,0.588,0.397,1761
627,E. Ferguson 22/23,Brighton,18,0.716,0.36,0.932,0.592,0.337,0.588,0.412,1760
628,Matheus Cunha 22/23,Wolverhampton,24,0.625,0.021,0.058,0.091,0.417,0.463,0.626,1753
629,C. Archer 22/23,Middlesbrough,21,0.739,0.01,0.939,0.549,0.117,0.917,0.579,1752
630,Adrián Butzke 22/23,Paços de Ferreira,24,0.345,0.884,0.41,0.711,0.117,0.102,0.14,1749
631,Paulinho 22/23,Atlético Mineiro,22,0.868,0.106,0.939,0.86,0.544,0.463,0.557,1749
632,M. Fuseini 22/23,Sturm Graz,21,0.298,0.003,0.874,0.807,0.752,0.883,0.967,1748
633,Y. Moukoko 22/23,Borussia Dortmund,18,0.248,0.106,0.66,0.727,0.379,0.588,0.757,1743
634,K. Konaté 22/23,Salzburg,19,0.605,0.59,0.997,0.911,0.6,0.666,0.855,1739
635,G. Hirst 22/23,Ipswich Town,24,0.25,0.663,0.567,0.493,0.299,0.522,0.217,1737
636,L. Depoitre 22/23,Gent,34,0.448,0.979,0.545,0.423,0.231,0.36,0.147,1736
637,A. Ayew 22/23,Nottingham Forest,33,0.585,0.448,0.352,0.493,0.527,0.187,0.542,1736
638,B. Białek 22/23,Vitesse,21,0.326,0.22,0.59,0.423,0.436,0.102,0.314,1725
639,Tiago Tomás 22/23,Stuttgart,20,0.691,0.426,0.284,0.071,0.754,0.666,0.932,1721
640,F. Hornby 22/23,Oostende,23,0.651,0.828,0.673,0.577,0.813,0.102,0.579,1720
641,J. Lowe 22/23,Queens Park Rangers,28,0.111,0.111,0.152,0.091,0.641,0.522,0.6,1719
642,B. Sepúlveda 22/23,Barracas Central,30,0.436,0.633,0.284,0.159,0.574,0.102,0.188,1717
643,J. Rhodes 22/23,Huddersfield Town,33,0.221,0.491,0.41,0.592,0.056,0.048,0.131,1715
644,W. Kanga 22/23,Hertha BSC,25,0.043,0.731,0.41,0.307,0.122,0.463,0.319,1714
645,Héctor Hernández 22/23,Chaves,27,0.223,0.559,0.673,0.493,0.012,0.002,0.131,1713
646,Yuri Alberto 22/23,Corinthians,22,0.332,0.326,0.152,0.213,0.152,0.279,0.195,1711
647,D. Watmore 22/23,Millwall,29,0.183,0.081,0.754,0.256,0.278,0.737,0.782,1708
648,L. Colombo 22/23,Lecce,21,0.369,0.068,0.41,0.453,0.321,0.187,0.544,1704
649,A. Martínez 22/23,Instituto,30,0.565,0.192,0.41,0.549,0.122,0.102,0.055,1701
650,N. Ohio 22/23,Standard Liège,20,0.426,0.286,0.673,0.493,0.061,0.588,0.496,1700
651,D. Karlsbakk 22/23,Heerenveen,20,0.031,0.527,0.066,0.187,0.061,0.048,0.245,1697
652,J. Leko 22/23,Milton Keynes Dons,24,0.56,0.018,0.443,0.332,0.846,0.823,0.992,1693
653,G. Rutter 22/23,Leeds United,21,0.251,0.398,0.066,0.362,0.83,0.954,0.987,1691
654,Hee-Chan Hwang 22/23,Wolverhampton,27,0.787,0.096,0.443,0.256,0.701,0.187,0.655,1687
655,J. Magennis 22/23,Wigan Athletic,32,0.05,0.744,0.066,0.081,0.286,0.522,0.094,1687
656,J. Aribo 22/23,Southampton,26,0.825,0.858,0.066,0.03,0.633,0.102,0.35,1684
657,S. Long 22/23,Reading,36,0.149,0.747,0.01,0.046,0.407,0.187,0.018,1684
658,T. Awoniyi 22/23,Nottingham Forest,25,0.066,0.24,0.954,0.83,0.106,0.187,0.127,1678
659,Choco Lozano 22/23,Cádiz,30,0.091,0.446,0.01,0.071,0.255,0.048,0.795,1678
660,S. Lavery 22/23,Blackpool,24,0.078,0.144,0.152,0.055,0.62,0.463,0.617,1677
661,M. Cauteruccio 22/23,Independiente,36,0.098,0.274,0.443,0.926,0.332,0.279,0.283,1677
662,Kike García 22/23,Osasuna,33,0.278,0.534,0.567,0.785,0.375,0.279,0.263,1672
663,L. Suárez 22/23,Grêmio,36,0.947,0.218,0.443,0.959,0.949,0.823,0.874,1671
664,L. Ramazani 22/23,Almería,22,0.592,0.064,0.152,0.114,0.782,0.522,0.954,1670
665,F. Chiesa 22/23,Juventus,25,0.898,0.35,0.302,0.013,0.964,0.932,0.964,1668
666,K. Iheanacho 22/23,Leicester City,26,0.876,0.245,0.691,0.674,0.691,0.954,0.737,1665
667,I. Durdov 22/23,Oostende,22,0.114,0.612,0.691,0.727,0.218,0.36,0.332,1664
668,S. Esposito 22/23,Bari,20,0.864,0.321,0.443,0.256,0.896,0.737,0.818,1664
669,G. Nilsson 22/23,Union Saint-Gilloise,26,0.311,0.975,0.846,0.493,0.375,0.187,0.301,1662
670,R. Uldriķis 22/23,Cambuur,25,0.03,0.936,0.013,0.423,0.099,0.279,0.04,1661
671,N. Cordero 22/23,Huracán,24,0.15,0.84,0.443,0.727,0.091,0.102,0.332,1660
672,Mikel Oyarzabal 22/23,Real Sociedad,26,0.888,0.322,0.066,0.393,0.564,0.945,0.17,1659
673,G. Ávalos 22/23,Argentinos Juniors,32,0.433,0.58,0.691,0.975,0.762,0.737,0.498,1656
674,S. Haller 22/23,Borussia Dortmund,28,0.529,0.917,0.939,0.785,0.071,0.666,0.319,1655
675,G. Raspadori 22/23,Napoli,23,0.98,0.448,0.785,0.493,0.866,0.78,0.699,1654
676,Rui Costa 22/23,Farense,27,0.481,0.724,0.59,0.807,0.884,0.36,0.75,1652
677,M. Niang 22/23,Auxerre,28,0.131,0.808,0.302,0.769,0.094,0.102,0.617,1649
678,P. Gladon 22/23,Fortuna Sittard,31,0.236,0.993,0.59,0.423,0.388,0.102,0.036,1637
679,Willian José 22/23,Real Betis,31,0.83,0.301,0.188,0.332,0.271,0.279,0.094,1633
680,R. Khadra 22/23,Birmingham City,21,0.636,0.076,0.469,0.018,0.927,0.279,0.891,1629
681,M. Cóccaro 22/23,Huracán,25,0.088,0.783,0.013,0.393,0.537,0.279,0.164,1628
682,Bruno Almeida 22/23,Santa Clara,26,0.891,0.005,0.188,0.007,0.979,0.78,0.848,1620
683,D. Zapata 22/23,Atalanta,32,0.679,0.957,0.066,0.213,0.762,0.279,0.777,1613
684,K. Andrić 22/23,Clermont,27,0.676,0.85,0.188,0.332,0.028,0.187,0.112,1610
685,Gonçalo Guedes 22/23,Benfica,26,0.929,0.65,0.302,0.081,0.762,0.851,0.845,1608
686,C. Evans 22/23,Preston North End,34,0.355,0.255,0.856,0.362,0.446,0.279,0.506,1604
687,João Marcos 22/23,Belenenses,23,0.021,0.365,0.617,0.674,0.071,0.02,0.311,1603
688,A. Bareiro 22/23,San Lorenzo,26,0.162,0.655,0.013,0.362,0.484,0.102,0.064,1602
689,Vitor Roque 22/23,Athletico Paranaense,18,0.01,0.159,0.707,0.727,0.071,0.78,0.765,1602
690,J. Recalde 22/23,Newell's Old Boys,31,0.62,0.213,0.188,0.159,0.405,0.522,0.084,1601
691,M. Kean 22/23,Juventus,23,0.274,0.785,0.802,0.86,0.117,0.463,0.788,1595
692,M. Santos 22/23,Talleres Córdoba,30,0.188,0.114,0.962,0.931,0.489,0.78,0.643,1594
693,Sergio León 22/23,Real Valladolid,34,0.048,0.251,0.721,0.307,0.367,0.463,0.458,1587
694,B. Michel 22/23,Arouca,25,0.456,0.797,0.188,0.137,0.051,0.36,0.319,1586
695,B. Dost 22/23,Utrecht,34,0.706,0.997,0.874,0.711,0.367,0.588,0.028,1586
696,Carlos Vinícius 22/23,Fulham,28,0.071,0.145,0.469,0.256,0.461,0.522,0.051,1579
697,J. Wind 22/23,Wolfsburg,24,0.729,0.805,0.617,0.592,0.608,0.737,0.14,1579
698,Clayton Silva 22/23,Casa Pia AC,24,0.21,0.284,0.324,0.453,0.031,0.02,0.519,1578
699,J. Correa 22/23,Internazionale,28,0.876,0.018,0.324,0.187,0.717,0.279,0.562,1576
700,G. Scamacca 22/23,West Ham,24,0.369,0.772,0.813,0.65,0.574,0.102,0.332,1576
701,Jon Karrikaburu 22/23,Leganés,20,0.218,0.61,0.498,0.393,0.053,0.187,0.544,1575
702,Roger Martí 22/23,Cádiz,32,0.453,0.165,0.188,0.159,0.532,0.463,0.212,1575
703,Yago Cariello 22/23,Portimonense,23,0.109,0.686,0.188,0.65,0.122,0.102,0.217,1569
704,H. Veerman 22/23,Volendam,32,0.154,0.534,0.352,0.453,0.094,0.187,0.18,1561
705,R. Yaremchuk 22/23,Club Brugge,27,0.838,0.585,0.083,0.362,0.159,0.522,0.221,1559
706,A. Salama 22/23,Angers SCO,22,0.727,0.221,0.188,0.114,0.663,0.823,0.693,1557
707,S. Perica 22/23,Standard Liège,27,0.258,0.152,0.736,0.917,0.053,0.187,0.245,1553
708,S. Koita 22/23,Salzburg,23,0.843,0.585,0.636,0.65,0.939,0.932,0.742,1552
709,S. Azmoun 22/23,Bayer Leverkusen,28,0.679,0.498,0.324,0.711,0.613,0.463,0.223,1551
710,T. Röcher 22/23,Wolfsberger AC,31,0.785,0.208,0.636,0.256,0.901,0.977,0.866,1544
711,A. Martial 22/23,Man United,27,0.916,0.271,0.821,0.592,0.774,0.36,0.597,1543
712,N. Maupay 22/23,Everton,26,0.496,0.169,0.083,0.529,0.17,0.102,0.084,1543
713,M. Đurić 22/23,Hellas Verona,33,0.261,1,0.013,0.005,0.388,0.187,0,1542
714,K. Vaesen 22/23,Westerlo,22,0.293,0.583,0.636,0.453,0.17,0.048,0.226,1538
715,Y. Meïté 22/23,Reading,27,0.005,0.853,0.324,0.691,0.397,0.102,0.802,1536
716,G. Lo Celso 22/23,Villarreal,27,0.998,0.448,0.083,0.055,0.99,0.917,0.907,1533
717,G. Verón 22/23,Argentinos Juniors,22,0.936,0.896,0.013,0.114,0.797,0.36,0.301,1530
718,D. Dike 22/23,WBA,22,0.078,0.732,0.736,0.785,0.056,0.36,0.289,1526
719,M. Ingvartsen 22/23,Mainz 05,27,0.757,0.413,0.736,0.955,0.312,0.048,0.369,1524
720,F. Tsadjout 22/23,Cremonese,23,0.372,0.793,0.215,0.055,0.036,0.102,0.101,1522
721,Julen Lobete 22/23,RKC Waalwijk,22,0.772,0.192,0.352,0.307,0.514,0.187,0.818,1509
722,Raúl García 22/23,Athletic Bilbao,36,0.828,0.909,0.215,0.625,0.805,0.36,0.504,1506
723,R. Boženík 22/23,Boavista,23,0.317,0.094,0.352,0.332,0.025,0.002,0.2,1504
724,E. Simms 22/23,Everton,22,0.301,0.736,0.835,0.393,0.321,0.78,0.245,1504
725,H. Ekitike 22/23,PSG,20,0.85,0.931,0.352,0.592,0.767,0.666,0.575,1500
726,C. Tarragona 22/23,Gimnasia La Plata,32,0.539,0.084,0.083,0.549,0.461,0.02,0.382,1499
727,L. Cullen 22/23,Swansea City,24,0.555,0.435,0.906,0.769,0.231,0.522,0.129,1497
728,N. Cambiaghi 22/23,Empoli,22,0.845,0.088,0.754,0.213,0.917,0.279,0.993,1496
729,E. Touré 22/23,Almería,21,0.205,0.635,0.754,0.423,0.238,0.187,0.23,1488
730,R. Kharchouch 22/23,Excelsior,27,0.314,0.759,0.23,0.213,0.461,0.463,0.314,1484
731,M. Boselli 22/23,Estudiantes,38,0.438,0.588,0.919,0.965,0.286,0.279,0.116,1483
732,L. Lucca 22/23,Ajax,22,0.321,0.967,0.846,0.749,0.286,0.666,0.413,1482
733,C. Stuani 22/23,Girona,36,0.093,0.825,0.519,0.969,0.066,0.187,0.263,1482
734,E. Ponce 22/23,Elche,26,0.514,0.598,0.66,0.307,0.094,0.36,0.005,1481
735,F. Krüger 22/23,Groningen,24,0.694,0.679,0.352,0.256,0.894,0.851,0.369,1478
736,K. Etete 22/23,Cardiff City,21,0.233,0.775,0.215,0.256,0.114,0.102,0.501,1475
737,J. Lucero 22/23,Fortaleza,31,0.251,0.36,0.919,0.969,0.238,0.187,0.458,1475
738,M. Giménez 22/23,Banfield,26,0.084,0.289,0.215,0.625,0.537,0.048,0.418,1474
739,K. Tagawa 22/23,Santa Clara,24,0.055,0.79,0.083,0.003,0.026,0.36,0.002,1462
740,Everaldo 22/23,Bahia,31,0.329,0.736,0.59,0.807,0.519,0.666,0.519,1462
741,L. Díaz 22/23,Lanús,30,0.157,0.415,0.545,0.86,0.767,0.279,0.446,1451
742,B. Riascos 22/23,Marítimo,28,0.488,0.813,0.23,0.453,0.726,0.932,0.788,1444
743,M. Faal 22/23,WBA,20,0.377,0.922,0.856,0.969,0.203,0.187,0.774,1444
744,Lázaro 22/23,Almería,21,0.833,0.256,0.962,0.727,0.727,0.36,0.754,1442
745,R. Providence 22/23,Hartberg,21,0.745,0.045,0.691,0.307,0.774,0.969,0.974,1440
746,Diego Costa 22/23,Wolverhampton,34,0.268,0.269,0.013,0.256,0.354,0.36,0.23,1437
747,Álvaro Djaló 22/23,Sporting Braga,23,0.722,0.402,0.567,0.286,0.929,0.851,0.932,1437
748,J. Toledo 22/23,Sarmiento,37,0.04,0.831,0.23,0.453,0.673,0.588,0.055,1433
749,I. Salah 22/23,Rennes,21,0.952,0.448,0.388,0.213,0.904,0.883,0.972,1430
750,Thiago Galhardo 22/23,Fortaleza,33,0.805,0.071,0.785,0.884,0.863,0.932,0.812,1428
751,A. Fletcher 22/23,Wigan Athletic,27,0.107,0.349,0.093,0.018,0.362,0.666,0.116,1423
752,Alisson Safira 22/23,Vitória Guimarães,28,0.256,0.957,0.785,0.332,0.312,0.588,0.314,1418
753,S. Kozuki 22/23,Schalke 04,22,0.744,0.182,0.939,0.493,0.932,0.666,0.945,1416
754,B. Raman 22/23,Anderlecht,28,0.544,0.026,0.691,0.393,0.841,0.883,0.428,1415
755,S. Rodríguez 22/23,Godoy Cruz,23,0.139,0.44,0.23,0.213,0.362,0.36,0.245,1415
756,R. Ripart 22/23,Troyes,30,0.901,0.544,0.388,0.332,0.855,0.522,0.319,1414
757,Gerard Deulofeu 22/23,Udinese,29,0.982,0.045,0.093,0.674,0.995,0.993,0.939,1413
758,R. Jiménez 22/23,Wolverhampton,32,0.509,0.876,0.093,0.549,0.696,0.737,0.483,1411
759,A. Idah 22/23,Norwich City,22,0.473,0.653,0.23,0.137,0.641,0.048,0.388,1410
760,Pablo Rodríguez 22/23,Brescia,21,0.463,0.017,0.23,0.114,0.891,0.666,0.965,1410
761,M. Rogers 22/23,Blackpool,20,0.552,0.235,0.013,0.046,0.831,0.932,0.828,1409
762,P. Guèye 22/23,Kortrijk,23,0.228,0.357,0.23,0.213,0.132,0.048,0.124,1403
763,Pedro 22/23,Flamengo,25,0.263,0.155,0.97,0.785,0.509,0.187,0.431,1403
764,F. Stokkers 22/23,Go Ahead Eagles,27,0.58,0.858,0.256,0.549,0.461,0.78,0.274,1399
765,M. Romero 22/23,Racing Club,24,0.045,0.688,0.41,0.137,0.079,0.187,0.048,1398
766,P. Musa 22/23,Benfica,25,0.608,0.916,0.99,0.917,0.509,0.957,0.848,1392
767,F. Druijf 22/23,Rapid Wien,25,0.673,0.845,0.802,0.625,0.702,0.78,0.372,1390
768,A. Modeste 22/23,Borussia Dortmund,35,0.099,0.907,0.093,0.65,0.079,0.102,0.026,1388
769,D. Verde 22/23,Spezia,26,0.954,0.448,0.41,0.213,0.954,0.823,0.828,1388
770,Patrick Fernandes 22/23,Torreense,29,0.534,0.878,0.59,0.453,0.519,0.588,0.364,1370
771,A. Rebić 22/23,Milan,29,0.886,0.598,0.256,0.213,0.992,0.463,0.878,1369
772,M. Abline 22/23,Auxerre,20,0.046,0.074,0.41,0.749,0.144,0.102,0.729,1369
773,B. Dieng 22/23,Lorient,23,0.471,0.55,0.59,0.727,0.106,0.588,0.549,1368
774,D. Ciofani 22/23,Cremonese,37,0.177,0.385,0.59,0.785,0.238,0.02,0.099,1365
775,J. Durán 22/23,Aston Villa,19,0.461,0.937,0.813,0.592,0.198,0.36,0.59,1359
776,T. Kastanaras 22/23,Stuttgart,20,0.655,0.182,0.469,0.65,0.55,0.102,0.121,1358
777,M. Giménez 22/23,Independiente,24,0.481,0.21,0.093,0.727,0.736,0.78,0.643,1357
778,D. Origi 22/23,Milan,28,0.099,0.448,0.093,0.046,0.717,0.279,0.846,1354
779,Oday Dabbagh 22/23,Arouca,24,0.63,0.296,0.987,0.423,0.347,0.102,0.534,1349
780,S. Rodríguez 22/23,Instituto,25,0.884,0.04,0.093,0.023,0.919,0.883,0.952,1348
781,Rony 22/23,Palmeiras,28,0.319,0.129,0.443,0.256,0.498,0.187,0.354,1340
782,A. Elis 22/23,Brest,27,0.395,0.126,0.026,0.055,0.407,0.36,0.716,1330
783,M. Wilks 22/23,Sheffield Wednesday,24,0.385,0.261,0.152,0.055,0.714,0.36,0.909,1328
784,D. Selke 22/23,Köln,28,0.164,0.965,0.736,0.674,0.203,0.588,0.393,1328
785,S. Humphrys 22/23,Hearts,25,0.147,0.504,0.617,0.453,0.407,0.666,0.879,1325
786,E. Dennis 22/23,Nottingham Forest,25,0.615,0.947,0.112,0.362,0.684,0.588,0.959,1325
787,R. Kriwak 22/23,Hartberg,24,0.54,0.937,0.112,0.187,0.56,0.851,0.159,1321
788,N. Servetto 22/23,Platense,27,0.106,0.086,0.617,0.769,0.152,0.102,0.112,1319
789,T. Roberts 22/23,Queens Park Rangers,24,0.81,0.869,0.443,0.332,0.836,0.463,0.689,1310
790,L. Gamba 22/23,Central Córdoba SdE,35,0.564,0.026,0.617,0.007,0.861,0.823,0.256,1307
791,Pablo Durán 22/23,Celta de Vigo,22,0.574,0.577,0.112,0.453,0.6,0.02,0.59,1306
792,S. Adamyan 22/23,Köln,29,0.65,0.248,0.112,0.711,0.85,0.187,0.658,1305
793,G. Defrel 22/23,Sassuolo,31,0.269,0.177,0.112,0.187,0.007,0.002,0.069,1301
794,Y. Malede 22/23,Mechelen,23,0.377,0.243,0,0.091,0.613,0.737,0.922,1299
795,Gilberto 22/23,Cruzeiro,33,0.507,0.165,0.284,0.529,0.159,0.187,0.311,1297
796,Pablo 22/23,Athletico Paranaense,30,0.851,0.693,0.112,0.187,0.722,0.737,0.23,1296
797,Y. Badji 22/23,Charleroi,21,0.491,0.998,0.636,0.691,0.223,0.279,0.15,1292
798,A. Onaiwu 22/23,Toulouse,27,0.765,0.869,0.112,0.03,0.681,0.36,0.015,1288
799,L. Beltrán 22/23,River Plate,22,0.863,0.228,0.754,0.843,0.841,0.957,0.861,1288
800,L. Pratto 22/23,Vélez Sarsfield,35,0.669,0.947,0.112,0.03,0.648,0.463,0.534,1279
801,L. Ruiz 22/23,Rio Ave,27,0.666,0.261,0.469,0.023,0.099,0.187,0.061,1275
802,Asier Villalibre 22/23,Deportivo Alavés,25,0.036,0.972,0.469,0.453,0.045,0.048,0.245,1275
803,D. Calvert-Lewin 22/23,Everton,26,0.127,0.712,0.026,0.453,0.185,0.36,0.296,1273
804,M. Ugalde 22/23,Twente,21,0.499,0.403,0.97,0.982,0.489,0.883,0.474,1271
805,D. Drăguş 22/23,Genoa,23,0.78,0.182,0.469,0.393,0.663,0.187,0.775,1264
806,Henrique Araújo 22/23,Watford,21,0.598,0.507,0.785,0.843,0.407,0.78,0.63,1259
807,F. Bonazzoli 22/23,Salernitana,26,0.912,0.448,0.112,0.114,0.238,0.187,0.068,1259
808,N. Powell 22/23,Stoke City,29,0.942,0.621,0.498,0.423,0.901,0.279,0.284,1258
809,L. Muriel 22/23,Atalanta,32,0.962,0.304,0.112,0.114,0.997,0.983,0.98,1258
810,E. Ben Seghir 22/23,Monaco,18,0.967,0.448,0.498,0.055,0.926,0.588,0.668,1257
811,S. Jovetić 22/23,Hertha BSC,33,0.805,0.483,0.498,0.091,0.949,0.666,0.531,1253
812,B. Armoa 22/23,Tigre,23,0.645,0.278,0.112,0.091,0.911,0.666,0.488,1251
813,T. Boere 22/23,NAC Breda,30,0.301,0.679,0.033,0.03,0.446,0.463,0.003,1248
814,N. Nsingi 22/23,OH Leuven,22,0.174,0.155,0.66,0.362,0.19,0.279,0.658,1247
815,J. Enciso 22/23,Brighton,19,0.84,0.519,0.498,0.592,0.815,0.78,0.985,1245
816,F. Mwepu 22/23,Cádiz,23,0.053,0.884,0.443,0.114,0.443,0.02,0.121,1242
817,D. Loader 22/23,Porto,22,0.765,0.931,0.906,0.711,0.641,0.666,0.902,1239
818,M. Dabbur 22/23,Hoffenheim,31,0.836,0.195,0.947,0.65,0.798,0.883,0.702,1238
819,W. Boving 22/23,Sturm Graz,20,0.615,0.043,0.302,0.213,0.858,0.987,0.911,1238
820,A. Grbić 22/23,Valenciennes,26,0.417,0.481,0.874,0.86,0.407,0.002,0.296,1230
821,Gabriel Veron 22/23,Porto,20,0.815,0.387,0.137,0.453,0.878,0.997,0.821,1228
822,T. Minamino 22/23,Monaco,28,0.945,0.519,0.026,0.332,0.924,0.737,0.689,1227
823,A. Muskwe 22/23,Luton Town,24,0.056,0.079,0.026,0.453,0,0.002,0.089,1218
824,A. Ajeti 22/23,Sturm Graz,26,0.316,0.755,0.519,0.884,0.263,0.823,0.62,1216
825,C. Woodrow 22/23,Luton Town,28,0.902,0.709,0.152,0.674,0.754,0.463,0.364,1210
826,R. Stewart 22/23,Sunderland,26,0.803,0.564,0.982,1,0.079,0.187,0.569,1203
827,Aloísio 22/23,América Mineiro,34,0.46,0.387,0.673,0.952,0.736,0.945,0.889,1203
828,A. Véliz 22/23,Rosario Central,19,0.023,0.729,0.889,0.393,0.079,0.002,0.2,1203
829,M. Luna Diale 22/23,Santa Fe,24,0.607,0.488,0.137,0.046,0.874,0.522,0.59,1201
830,Y. Vertessen 22/23,Union Saint-Gilloise,22,0.207,0.081,0.802,0.493,0.379,0.78,0.711,1200
831,A. Chávez 22/23,Banfield,32,0.018,0.77,0.137,0.691,0.663,0.102,0.668,1200
832,F. Afena-Gyan 22/23,Cremonese,20,0.602,0.102,0.137,0.114,0.152,0.002,0.035,1198
833,C. Wood 22/23,Nottingham Forest,31,0.245,0.706,0.324,0.187,0.111,0.048,0.008,1192
834,K. Schade 22/23,Brentford,21,0.536,0.977,0.033,0.03,0.608,0.78,0.643,1181
835,M. Dembélé 22/23,Olympique Lyonnais,26,0.512,0.716,0.324,0.843,0.678,0.048,0.18,1178
836,Pedro Marques 22/23,NEC,25,0.562,0.529,0.947,0.691,0.036,0.36,0.107,1175
837,L. López 22/23,Sarmiento,40,0.664,0.312,0.137,0.091,0.754,0.78,0.491,1172
838,T. Henry 22/23,Hellas Verona,28,0.122,0.779,0.152,0.03,0.473,0.187,0.023,1160
839,André Pereira 22/23,Rio Ave,28,0.737,0.38,0,0.213,0.286,0.36,0.777,1159
840,Manu Vallejo 22/23,Real Oviedo,26,0.631,0.182,0.324,0.213,0.648,0.187,0.443,1158
841,R. Hamouma 22/23,Ajaccio,36,0.823,0.124,0.152,0.213,0.711,0.977,0.425,1155
842,A. Danjuma 22/23,Tottenham,26,0.633,0.064,0.919,0.807,0.588,0.187,0.835,1150
843,L. Leal 22/23,Arsenal,36,0.198,0.479,0.707,0.213,0.588,0.048,0.506,1149
844,L. Nmecha 22/23,Wolfsburg,24,0.412,0.917,0.545,0.159,0.714,0.187,0.534,1148
845,M. Depay 22/23,Atlético Madrid,29,0.985,0.418,0.919,0.931,0.945,0.666,0.931,1148
846,Pedro Raul 22/23,Vasco da Gama,26,0.007,0.605,0.352,0.529,0.238,0.279,0.23,1146
847,I. Nuhu 22/23,Eupen,21,0.797,0.296,0.152,0.023,0.742,0.279,0.841,1144
848,M. van Duinen 22/23,Excelsior,31,0.06,0.764,0,0.114,0.061,0.02,0.007,1144
849,M. Estigarribia 22/23,Atlético Tucumán,28,0.435,0.944,0.352,0.592,0.417,0.36,0.116,1141
850,M. Waghorn 22/23,Coventry City,33,0.425,0.055,0.033,0.362,0.302,0.522,0.17,1140
851,A. Gaich 22/23,Hellas Verona,24,0.509,0.64,0.567,0.896,0.002,0.048,0.795,1135
852,G. Kelly 22/23,Rotherham United,26,0.035,0.602,0.721,0.926,0.031,0.522,0.245,1129
853,D. Benedetto 22/23,Boca Juniors,33,0.278,0.689,0.567,0.493,0.825,0.36,0.124,1124
854,A. Nusa 22/23,Club Brugge,18,0.949,0.088,0.152,0.046,0.899,0.588,0.97,1120
855,Y. Chermiti 22/23,Sporting CP,19,0.157,0.542,0.352,0.807,0.137,0.048,0.319,1116
856,J. Ramírez 22/23,Marítimo,25,0.074,0.846,0.152,0.159,0.312,0.102,0.712,1115
857,A. Schmid 22/23,Austria Lustenau,24,0,0.127,0.736,0.749,0.036,0.36,0.742,1114
858,E. Botheim 22/23,Salernitana,23,0.407,0.372,0.033,0,0.137,0.36,0.012,1110
859,B. Róchez 22/23,Portimonense,28,0.033,0.745,0.033,0.65,0.036,0.048,0.195,1106
860,S. Mara 22/23,Southampton,20,0.197,0.253,0.152,0.03,0.036,0.102,0.514,1105
861,P. Aubameyang 22/23,Chelsea,33,0.714,0.256,0.59,0.86,0.564,0.883,0.491,1104
862,F. Jensen 22/23,Augsburg,25,0.641,0.671,0.188,0.018,0.878,0.666,0.152,1101
863,Y. Sor 22/23,Genk,22,0.783,0.088,0.59,0.213,0.704,0.36,0.342,1101
864,J. Antiste 22/23,Amiens SC,20,0.896,0.818,0.152,0.307,0.613,0.666,0.469,1099
865,M. Merentiel 22/23,Boca Juniors,27,0.402,0.045,0.736,0.749,0.379,0.36,0.377,1098
866,Matheus Peixoto 22/23,Goiás,27,0.116,0.648,0.033,0.65,0.002,0.279,0.139,1096
867,J. Mateta 22/23,Crystal Palace,25,0.041,0.537,0.152,0.493,0.008,0.048,0.241,1091
868,I. Ugbo 22/23,Troyes,24,0.025,0.051,0.188,0.114,0.005,0.102,0.14,1089
869,M. Broschinski 22/23,Bochum,22,0.349,0.268,0.736,0.307,0.388,0.36,0.474,1088
870,E. Shomurodov 22/23,Spezia,27,0.521,0.476,0.188,0.423,0.461,0.102,0.36,1085
871,Luiz Adriano 22/23,Internacional,36,0.218,0.139,0.388,0.529,0.144,0.102,0.023,1085
872,D. Undav 22/23,Brighton,26,0.869,0.699,0.979,0.931,0.588,0.666,0.693,1084
873,J. Calleri 22/23,São Paulo,29,0.192,0.926,0.59,0.307,0.625,0.36,0.534,1077
874,R. Nteka 22/23,Elche,25,0.813,0.788,0,0.055,0.473,0.279,0.289,1077
875,Jesé Rodríguez 22/23,Sampdoria,30,0.716,0.036,0.66,0.159,0.802,0.883,0.698,1076
876,Pablo Moreno 22/23,Marítimo,21,0.621,0.129,0,0.002,0.63,0.36,0.453,1072
877,K. Volland 22/23,Monaco,30,0.8,0.574,0.856,0.423,0.891,0.36,0.661,1070
878,T. Hara 22/23,Sint-Truiden,24,0.167,0.742,0.033,0.453,0.071,0.102,0.263,1067
879,M. Bayo 22/23,Lille,25,0.355,0.519,0.874,0.549,0.278,0.932,0.4,1067
880,R. Vučić 22/23,Austria Wien,20,0.23,0.117,0.033,0.423,0.286,0.957,0.078,1065
881,Eduardo Sasha 22/23,Red Bull Bragantino,31,0.808,0.221,0.777,0.362,0.732,0.977,0.159,1056
882,L. Zeefuik 22/23,Volendam,18,0.139,0.954,0.66,0.711,0.122,0.737,0.868,1051
883,B. Afobe 22/23,Millwall,30,0.056,0.473,0.188,0.769,0.159,0.36,0.24,1050
884,J. Vale 22/23,Blackburn Rovers,22,0.734,0.061,0.188,0.114,0.638,0.463,0.44,1049
885,S. Sow 22/23,Go Ahead Eagles,26,0.57,0.096,0.23,0.187,0.484,0.102,0.446,1047
886,J. Forst 22/23,WSG Tirol,20,0.074,0.17,0.636,0.286,0.17,0.522,0.453,1035
887,K. Dolberg 22/23,Hoffenheim,25,0.359,0.855,0.41,0.055,0.17,0.279,0.256,1025
888,A. Osorio 22/23,Vélez Sarsfield,20,0.129,0.347,0.215,0.023,0.238,0.187,0.608,1025
889,R. Šimić 22/23,Zürich,19,0.2,0.764,0.41,0.592,0.238,0.666,0.332,1022
890,G. Mikautadze 22/23,Metz,22,0.82,0.15,0.821,0.65,0.613,0.823,0.942,3521
891,Average 22/23,Club,26,0.608,0.482,0.549,0.554,0.606,0.588,0.575,2127