Player,Position,Team within selected timeframe,Minutes played
K. Nikiema,Goalkeeper,ADO Den Haag,577
J. De Busser,Goalkeeper,AZ,574
Ewerton,Goalkeeper,Académico de Viseu F.C.,589
M. ter Stegen,Goalkeeper,Ajax,489
Matheus Mendes,Goalkeeper,Alverca,592
A. Lopes,Goalkeeper,Angers SCO,397
I. de Arruabarrena,Goalkeeper,Arouca,582
David Raya,Goalkeeper,Arsenal,397
Z. Suzuki,Goalkeeper,Aston Villa,296
M. Carnesecchi,Goalkeeper,Atalanta,389
Unai Simón,Goalkeeper,Athletic Club,491
J. Oblak,Goalkeeper,Atlético Madrid,505
Finn Dahmen,Goalkeeper,Augsburg,285
M. Diop,Goalkeeper,Auxerre,406
Joan García,Goalkeeper,Barcelona,503
M. Flekken,Goalkeeper,Bayer Leverkusen,289
Samuel Soares,Goalkeeper,Benfica,582
Ł. Skorupski,Goalkeeper,Bologna,299
G. Kobel,Goalkeeper,Borussia Dortmund,292
Moritz Nicolas,Goalkeeper,Borussia Mgladbach,289
D. Petrović,Goalkeeper,Bournemouth,395
C. Kelleher,Goalkeeper,Brentford,398
Egil Selvik,Goalkeeper,Brest,399
B. Verbruggen,Goalkeeper,Brighton,391
E. Caprile,Goalkeeper,Cagliari,393
T. Jansen,Goalkeeper,Cambuur,579
André Gomes,Goalkeeper,Casa Pia AC,418
A. Radu,Goalkeeper,Celta de Vigo,589
E. Martínez,Goalkeeper,Chelsea,298
J. Butez,Goalkeeper,Como,294
C. Rushworth,Goalkeeper,Coventry City,388
D. Henderson,Goalkeeper,Crystal Palace,295
Antonio Sivera,Goalkeeper,Deportivo Alavés,502
Leo Román,Goalkeeper,Deportivo La Coruña,487
N. Atubolu,Goalkeeper,Eintracht Frankfurt,294
M. Dituro,Goalkeeper,Elche,493
Nicolas Kristof,Goalkeeper,Elversberg,293
M. Dmitrović,Goalkeeper,Espanyol,493
Joel Robles,Goalkeeper,Estoril,480
Léo Linck,Goalkeeper,Estrela Amadora,483
J. Pickford,Goalkeeper,Everton,393
S. van Gassel,Goalkeeper,Excelsior,572
L. Carević,Goalkeeper,Famalicão,701
T. Ernst,Goalkeeper,Feyenoord,574
David de Gea,Goalkeeper,Fiorentina,387
M. Branderhorst,Goalkeeper,Fortuna Sittard,586
M. Backhaus,Goalkeeper,Freiburg,284
L. Palmisani,Goalkeeper,Frosinone,399
B. Leno,Goalkeeper,Fulham,384
J. Bijlow,Goalkeeper,Genoa,388
David Soria,Goalkeeper,Getafe,504
Lucão,Goalkeeper,Gil Vicente,489
K. Haug,Goalkeeper,Go Ahead Eagles,571
E. Vaessen,Goalkeeper,Groningen,581
D. Heuer Fernandes,Goalkeeper,Hamburger SV,286
B. Klaverboer,Goalkeeper,Heerenveen,572
Oliver Baumann,Goalkeeper,Hoffenheim,297
K. Tzolakis,Goalkeeper,Hull City,389
Josep Martínez,Goalkeeper,Internazionale,388
K. Scherpen,Goalkeeper,Ipswich Town,395
G. Vicario,Goalkeeper,Juventus,390
Marvin Schwäbe,Goalkeeper,Köln,289
C. Mandas,Goalkeeper,Lazio,399
L. Mpasi,Goalkeeper,Le Havre,297
Ewan Hatfout,Goalkeeper,Le Mans,219
W. Falcone,Goalkeeper,Lecce,390
J. Trafford,Goalkeeper,Leeds United,382
R. Risser,Goalkeeper,Lens,398
M. Ryan,Goalkeeper,Levante,498
B. Özer,Goalkeeper,Lille,392
Alisson,Goalkeeper,Liverpool,393
Y. Mvogo,Goalkeeper,Lorient,382
G. Donnarumma,Goalkeeper,Manchester City,387
S. Lammens,Goalkeeper,Manchester United,396
Alfonso Pastor,Goalkeeper,Marítimo,492
M. Maignan,Goalkeeper,Milan,388
L. Hrádecký,Goalkeeper,Monaco,394
D. Thiam,Goalkeeper,Monza,291
André Ferreira,Goalkeeper,Moreirense,494
Alfonso Herrero,Goalkeeper,Málaga,488
G. Crettaz,Goalkeeper,NEC,433
R. Bellucci Marin,Goalkeeper,Nacional,585
Alex Meret,Goalkeeper,Napoli,298
L. Horníček,Goalkeeper,Newcastle United,391
Y. Diouf,Goalkeeper,Nice,388
M. Sels,Goalkeeper,Nottingham Forest,393
D. Greif,Goalkeeper,Olympique Lyonnais,295
J. de Lange,Goalkeeper,Olympique Marseille,389
Sergio Herrera,Goalkeeper,Osasuna,492
J. Schendelaar,Goalkeeper,PEC Zwolle,577
M. Safonov,Goalkeeper,PSG,390
M. Kovář,Goalkeeper,PSV,576
N. Noll,Goalkeeper,Paderborn,286
K. Trapp,Goalkeeper,Paris,385
E. Corvi,Goalkeeper,Parma,392
Diogo Costa,Goalkeeper,Porto,593
M. Vandevoordt,Goalkeeper,RB Leipzig,292
Julen Agirrezabala,Goalkeeper,Racing Santander,501
Dani Cárdenas,Goalkeeper,Rayo Vallecano,240
Álvaro Valles,Goalkeeper,Real Betis,505
T. Courtois,Goalkeeper,Real Madrid,493
Álex Remiro,Goalkeeper,Real Sociedad,484
B. Samba,Goalkeeper,Rennes,291
E. van der Gouw,Goalkeeper,Rio Ave,481
M. Svilar,Goalkeeper,Roma,387
Lucas França,Goalkeeper,Santa Clara,705
A. Murić,Goalkeeper,Sassuolo,389
L. Karius,Goalkeeper,Schalke 04,295
O. Vlachodimos,Goalkeeper,Sevilla,518
F. Bednarek,Goalkeeper,Sparta Rotterdam,395
M. Brouwer,Goalkeeper,Sparta Rotterdam,285
Bernardo,Goalkeeper,Sporting Braga,394
Rui Silva,Goalkeeper,Sporting CP,573
F. Jörgensen,Goalkeeper,Strasbourg,400
F. Bredlow,Goalkeeper,Stuttgart,292
R. Roefs,Goalkeeper,Sunderland,396
R. Koeman,Goalkeeper,Telstar,587
A. Kinský,Goalkeeper,Tottenham Hotspur,382
G. Restes,Goalkeeper,Toulouse,271
P. Beach,Goalkeeper,Troyes,390
L. Unnerstall,Goalkeeper,Twente,474
M. Okoye,Goalkeeper,Udinese,391
F. Rønnow,Goalkeeper,Union Berlin,200
V. Barkas,Goalkeeper,Utrecht,480
S. Dimitrievski,Goalkeeper,Valencia,503
F. Stanković,Goalkeeper,Venezia,392
Luiz Júnior,Goalkeeper,Villarreal,397
Oliwier Zych,Goalkeeper,Vitória Guimarães,593
K. Hein,Goalkeeper,Werder Bremen,291
P. Mulder,Centre-back,ADO Den Haag,555
M. Waem,Centre-back,ADO Den Haag,281
M. Hokke,Centre-back,ADO Den Haag,556
W. Goes,Centre-back,AZ,574
L. Schouten,Centre-back,AZ,574
A. Correia,Centre-back,Académico de Viseu F.C.,589
N. Michelis,Centre-back,Académico de Viseu F.C.,432
Y. Baas,Centre-back,Ajax,421
A. Bouwman,Centre-back,Ajax,376
Sergi Gómez,Centre-back,Alverca,207
Bojang Yaya,Centre-back,Alverca,556
I. James,Centre-back,Alverca,553
S. Baseya,Centre-back,Alverca,494
J. Lefort,Centre-back,Angers SCO,397
O. Camara,Centre-back,Angers SCO,397
José Fontán,Centre-back,Arouca,582
Javi Sánchez,Centre-back,Arouca,462
E. Konsa,Centre-back,Arsenal,219
Gabriel Magalhaes,Centre-back,Arsenal,397
V. Lindelöf,Centre-back,Aston Villa,396
Pau Torres,Centre-back,Aston Villa,205
O. Kossounou,Centre-back,Atalanta,389
G. Scalvini,Centre-back,Atalanta,389
Aymeric Laporte,Centre-back,Athletic Club,430
Yeray Álvarez,Centre-back,Athletic Club,347
Aitor Paredes,Centre-back,Athletic Club,222
D. Hancko,Centre-back,Atlético Madrid,505
Marc Pubill,Centre-back,Atlético Madrid,370
Calvin Brackelmann,Centre-back,Augsburg,280
Noahkai Banks,Centre-back,Augsburg,285
Chrislain Matsima,Centre-back,Augsburg,285
S. Diomandé,Centre-back,Auxerre,206
C. Makosso,Centre-back,Auxerre,236
Pau Cubarsí,Centre-back,Barcelona,371
A. Christensen,Centre-back,Barcelona,283
Gerard Martín,Centre-back,Barcelona,352
E. Tapsoba,Centre-back,Bayer Leverkusen,289
D. Upamecano,Centre-back,Bayern München,289
Tomás Araújo,Centre-back,Benfica,549
C. Lenglet,Centre-back,Benfica,582
E. Helland,Centre-back,Bologna,200
T. Heggem,Centre-back,Bologna,397
J. Gadou,Centre-back,Borussia Dortmund,260
W. Anton,Centre-back,Borussia Dortmund,292
D. Svensson,Centre-back,Borussia Dortmund,292
 Ko Itakura,Centre-back,Borussia Mgladbach,289
Kevin Diks,Centre-back,Borussia Mgladbach,289
António Silva,Centre-back,Bournemouth,395
J. Hill,Centre-back,Bournemouth,395
K. Ajer,Centre-back,Brentford,398
N. Collins,Centre-back,Brentford,209
G. Lloris,Centre-back,Brest,289
R. Le Guen,Centre-back,Brest,399
L. Vušković,Centre-back,Brighton,372
L. Dunk,Centre-back,Brighton,391
A. Deiola,Centre-back,Cagliari,381
J. Rodríguez,Centre-back,Cagliari,363
J. Amofa,Centre-back,Cambuur,473
I. Baouf,Centre-back,Cambuur,516
B. van Duijl,Centre-back,Cambuur,296
Kaly,Centre-back,Casa Pia AC,205
João Goulart,Centre-back,Casa Pia AC,399
David Sousa,Centre-back,Casa Pia AC,590
Yoel Lago,Centre-back,Celta de Vigo,542
Javi Rodríguez,Centre-back,Celta de Vigo,257
C. Starfelt,Centre-back,Celta de Vigo,240
Marcos Alonso,Centre-back,Celta de Vigo,450
M. Lacroix,Centre-back,Chelsea,305
L. Colwill,Centre-back,Chelsea,269
W. Fofana,Centre-back,Chelsea,258
J. Acheampong,Centre-back,Chelsea,224
T. Chalobah,Centre-back,Como,294
Jacobo Ramón,Centre-back,Como,389
A. Amenda,Centre-back,Coventry City,388
B. Thomas,Centre-back,Coventry City,371
E. Pinnock,Centre-back,Coventry City,211
J. Canvot,Centre-back,Crystal Palace,295
C. Richards,Centre-back,Crystal Palace,396
V. Koski,Centre-back,Deportivo Alavés,483
N. Tenaglia,Centre-back,Deportivo Alavés,448
Jonny Otto,Centre-back,Deportivo Alavés,459
L. Noubi,Centre-back,Deportivo La Coruña,487
B. Ede,Centre-back,Deportivo La Coruña,215
J. Giménez,Centre-back,Deportivo La Coruña,215
Robin Koch,Centre-back,Eintracht Frankfurt,294
J. Maluze,Centre-back,Eintracht Frankfurt,200
D. Affengruber,Centre-back,Elche,296
Víctor Chust,Centre-back,Elche,493
F. Redondo,Centre-back,Elche,247
Lukas Pinckert,Centre-back,Elversberg,293
Maximilian Rohr,Centre-back,Elversberg,279
Unai Núñez,Centre-back,Espanyol,382
C. Riedel,Centre-back,Espanyol,279
Ismael Sierra,Centre-back,Estoril,480
Ferro,Centre-back,Estoril,480
Luan Patrick,Centre-back,Estrela Amadora,483
S. Leković,Centre-back,Estrela Amadora,389
J. Branthwaite,Centre-back,Everton,393
J. Tarkowski,Centre-back,Everton,393
R. Meissen,Centre-back,Excelsior,572
C. Widell,Centre-back,Excelsior,497
J. Plug,Centre-back,Excelsior,572
F. van Breemen,Centre-back,Famalicão,701
L. Realpe,Centre-back,Famalicão,472
T. Watanabe,Centre-back,Feyenoord,419
J. St. Juste,Centre-back,Feyenoord,464
R. Drăgușin,Centre-back,Fiorentina,387
Viery,Centre-back,Fiorentina,229
J. Hubner,Centre-back,Fortuna Sittard,586
S. van Ottele,Centre-back,Fortuna Sittard,307
Rodrigo Guth,Centre-back,Fortuna Sittard,298
P. Brittijn,Centre-back,Fortuna Sittard,571
M. Ginter,Centre-back,Freiburg,284
P. Lienhart,Centre-back,Freiburg,260
G. Cittadini,Centre-back,Frosinone,254
I. Monterisi,Centre-back,Frosinone,236
G. Calvani,Centre-back,Frosinone,379
C. Bassey,Centre-back,Fulham,384
A. Marcandalli,Centre-back,Genoa,378
L. Østigård,Centre-back,Genoa,360
J. Vásquez,Centre-back,Genoa,355
Z. Romero,Centre-back,Getafe,389
N. Gudelj,Centre-back,Getafe,217
Djené,Centre-back,Getafe,487
M. Elimbi,Centre-back,Gil Vicente,481
Jonathan Buatu,Centre-back,Gil Vicente,489
J. Kramer,Centre-back,Go Ahead Eagles,571
J. Dirksen,Centre-back,Go Ahead Eagles,422
M. Csinger,Centre-back,Groningen,368
T. Blokzijl,Centre-back,Groningen,581
J. Torunarigha,Centre-back,Hamburger SV,227
N. Capaldo,Centre-back,Hamburger SV,286
M. Willemsen,Centre-back,Heerenveen,572
S. Kersten,Centre-back,Heerenveen,518
Albian Hajdari,Centre-back,Hoffenheim,289
Ozan Kabak,Centre-back,Hoffenheim,283
N. Mendy,Centre-back,Hull City,262
S. Ajayi,Centre-back,Hull City,358
J. Egan,Centre-back,Hull City,389
M. Akanji,Centre-back,Internazionale,342
Y. Bisseck,Centre-back,Internazionale,208
A. Bastoni,Centre-back,Internazionale,347
I. Diop,Centre-back,Ipswich Town,395
J. Greaves,Centre-back,Ipswich Town,388
J. Lucumí,Centre-back,Juventus,228
Bremer,Centre-back,Juventus,397
Luka Lochoshvili,Centre-back,Köln,289
Jahmai Simpson-Pusey,Centre-back,Köln,289
O. Provstgaard,Centre-back,Lazio,399
D. Doekhi,Centre-back,Lazio,302
J. Mwanga,Centre-back,Le Havre,244
A. Seko,Centre-back,Le Havre,398
A. Touba,Centre-back,Le Havre,300
 Théo Eyoum,Centre-back,Le Mans,206
Noa Boissé,Centre-back,Le Mans,350
Harold Voyer,Centre-back,Le Mans,302
J. Siebert,Centre-back,Lecce,321
Tiago Gabriel,Centre-back,Lecce,264
Kialonda Gaspar,Centre-back,Lecce,264
T. Muharemović,Centre-back,Leeds United,382
J. Justin,Centre-back,Leeds United,382
N. Elvedi,Centre-back,Leeds United,249
I. Ganiou,Centre-back,Lens,280
S. Sagnan,Centre-back,Lens,269
Adrián de la Fuente,Centre-back,Levante,471
A. Mandi,Centre-back,Levante,498
Alexsandro,Centre-back,Lille,392
N. Ngoy,Centre-back,Lille,392
V. van Dijk,Centre-back,Liverpool,393
J. Jacquet,Centre-back,Liverpool,345
D. Sylla,Centre-back,Lorient,361
N. Adjei,Centre-back,Lorient,382
M. Talbi,Centre-back,Lorient,382
Fabio Gruber,Centre-back,Mainz 05,286
Kacper Potulski,Centre-back,Mainz 05,206
Marc Guéhi,Centre-back,Manchester City,387
Rúben Dias,Centre-back,Manchester City,387
L. Martínez,Centre-back,Manchester United,298
H. Maguire,Centre-back,Manchester United,396
Romain Correia,Centre-back,Marítimo,492
Rafael Fernandes,Centre-back,Marítimo,483
S. Pavlović,Centre-back,Milan,388
K. De Winter,Centre-back,Milan,388
Mario Gila,Centre-back,Milan,354
E. Dier,Centre-back,Monaco,394
S. Sané,Centre-back,Monaco,394
L. Lucchesi,Centre-back,Monza,347
Eddy Kouadio,Centre-back,Monza,371
A. Carboni,Centre-back,Monza,371
Gilberto Batista,Centre-back,Moreirense,494
Maracás,Centre-back,Moreirense,378
Einar Galilea,Centre-back,Málaga,404
Ángel Recio,Centre-back,Málaga,488
B. Pereira,Centre-back,NEC,207
T. Storm,Centre-back,NEC,483
D. Fonville,Centre-back,NEC,227
B. Nuytinck,Centre-back,NEC,218
A. Kabar,Centre-back,NEC,236
Léo Santos,Centre-back,Nacional,440
Zé Vitor,Centre-back,Nacional,585
Matheus Dias,Centre-back,Nacional,496
A. Rrahmani,Centre-back,Napoli,396
Rafa Marín,Centre-back,Napoli,382
S. Botman,Centre-back,Newcastle United,391
M. Thiaw,Centre-back,Newcastle United,391
Mohamed Abdelmonem,Centre-back,Nice,267
X. Mandza Tsiendi,Centre-back,Nice,382
Y. Ndayishimiye,Centre-back,Nice,388
N. Milenković,Centre-back,Nottingham Forest,292
Murillo,Centre-back,Nottingham Forest,390
Jair Cunha,Centre-back,Nottingham Forest,292
F. Bacher,Centre-back,Olympique Lyonnais,383
M. Niakhaté,Centre-back,Olympique Lyonnais,295
C. Egan-Riley,Centre-back,Olympique Marseille,366
N. Aguerd,Centre-back,Olympique Marseille,222
Alejandro Catena,Centre-back,Osasuna,492
S. Graves,Centre-back,PEC Zwolle,577
N. Viergever,Centre-back,PEC Zwolle,577
W. Pacho,Centre-back,PSG,390
Marquinhos,Centre-back,PSG,390
A. Obispo,Centre-back,PSV,548
R. Flamingo,Centre-back,PSV,408
M. Hansen,Centre-back,Paderborn,251
J. ter Horst,Centre-back,Paderborn,274
T. Scheller,Centre-back,Paderborn,286
H. Traoré,Centre-back,Paris,205
S. Chergui,Centre-back,Paris,290
D. Coppola,Centre-back,Paris,385
M. Troilo,Centre-back,Parma,380
J. Kiwior,Centre-back,Porto,593
J. Bednarek,Centre-back,Porto,539
W. Orbán,Centre-back,RB Leipzig,292
Manu Hernando,Centre-back,Racing Santander,336
Pablo Ramón,Centre-back,Racing Santander,324
P. Ciss,Centre-back,Rayo Vallecano,511
F. Lejeune,Centre-back,Rayo Vallecano,511
Marc Bartra,Centre-back,Real Betis,365
Natan,Centre-back,Real Betis,404
I. Konaté,Centre-back,Real Madrid,397
Dean Huijsen,Centre-back,Real Madrid,395
Igor Zubeldía,Centre-back,Real Sociedad,427
Jon Martín,Centre-back,Real Sociedad,390
A. Ait Boudlal,Centre-back,Rennes,204
C. Cresswell,Centre-back,Rennes,399
Gustavo Mancha,Centre-back,Rio Ave,398
F. Petrasso,Centre-back,Rio Ave,465
G. Mancini,Centre-back,Roma,353
Mario Hermoso,Centre-back,Roma,363
Emanuel Fernandes,Centre-back,Santa Clara,606
Pedro Pacheco,Centre-back,Santa Clara,705
F. Leysen,Centre-back,Sassuolo,314
J. Idzes,Centre-back,Sassuolo,278
N. Katić,Centre-back,Schalke 04,278
H. Kuruçay,Centre-back,Schalke 04,246
T. Becker,Centre-back,Schalke 04,295
Kike Salas,Centre-back,Sevilla,406
A. Sanganté,Centre-back,Sevilla,248
Andrés Castrín,Centre-back,Sevilla,341
N. Verschuren,Centre-back,Sparta Rotterdam,404
M. Young,Centre-back,Sparta Rotterdam,562
B. Martins Indi,Centre-back,Sparta Rotterdam,428
Sergio Barcia,Centre-back,Sporting Braga,244
Vitor Carvalho,Centre-back,Sporting Braga,394
G. Lagerbielke,Centre-back,Sporting Braga,394
Z. Debast,Centre-back,Sporting CP,360
Eduardo Quaresma,Centre-back,Sporting CP,213
Gonçalo Inácio,Centre-back,Sporting CP,477
J. Mitchell,Centre-back,Strasbourg,303
F. Jeltsch,Centre-back,Stuttgart,292
J. Chabot,Centre-back,Stuttgart,271
K. Danso,Centre-back,Sunderland,204
D. Ballard,Centre-back,Sunderland,396
S. Valk,Centre-back,Telstar,388
M. Peersman,Centre-back,Telstar,574
A. Soualhia,Centre-back,Telstar,587
Saúl Coco,Centre-back,Torino,329
Pietro Comuzzo,Centre-back,Torino,356
Eray Cömert,Centre-back,Torino,267
J. van Hecke,Centre-back,Tottenham Hotspur,382
M. van de Ven,Centre-back,Tottenham Hotspur,287
M. McKenzie,Centre-back,Toulouse,389
R. Nicolaisen,Centre-back,Toulouse,293
J. Diaz,Centre-back,Troyes,390
A. Monfray,Centre-back,Troyes,390
R. Pröpper,Centre-back,Twente,493
R. Nijstad,Centre-back,Twente,471
M. Bruns,Centre-back,Twente,386
E. Ebosse,Centre-back,Udinese,316
O. Solet,Centre-back,Udinese,234
J. Abankwah,Centre-back,Udinese,371
F. Uduokhai,Centre-back,Union Berlin,200
L. Querfeld,Centre-back,Union Berlin,209
G. Offerhaus,Centre-back,Utrecht,298
S. Horemans,Centre-back,Utrecht,501
M. Didden,Centre-back,Utrecht,338
Arnau Martínez,Centre-back,Valencia,257
Pepelu,Centre-back,Valencia,429
César Tárrega,Centre-back,Valencia,361
M. Diakhaby,Centre-back,Valencia,318
J. Schingtienne,Centre-back,Venezia,392
R. Haps,Centre-back,Venezia,278
A. Bella-Kotchap,Centre-back,Venezia,213
Renato Veiga,Centre-back,Villarreal,494
J. Foyth,Centre-back,Villarreal,299
Óscar Rivas,Centre-back,Vitória Guimarães,422
Thiago Balieiro,Centre-back,Vitória Guimarães,593
M. Friedl,Centre-back,Werder Bremen,291
A. Pieper,Centre-back,Werder Bremen,291
F. Stam,Centre-back,Willem II,476
J. Hoogma,Centre-back,Willem II,239
Sekou Sylla,Full-back,ADO Den Haag,410
O. Raterink,Full-back,ADO Den Haag,404
E. Dijkstra,Full-back,AZ,522
M. Chávez,Full-back,AZ,491
Gu Costa,Full-back,Académico de Viseu F.C.,287
Robinho,Full-back,Académico de Viseu F.C.,555
Caio Henrique,Full-back,Ajax,479
A. Gaaei,Full-back,Ajax,293
Nabil Touaizi,Full-back,Alverca,316
Francisco Chissumba,Full-back,Alverca,300
C. Arcus,Full-back,Angers SCO,267
J. Kalulu,Full-back,Angers SCO,299
O. Lebedenko,Full-back,Arouca,500
Tiago Esgaio,Full-back,Arouca,576
R. Calafiori,Full-back,Arsenal,355
B. White,Full-back,Arsenal,344
I. Maatsen,Full-back,Aston Villa,364
M. Cash,Full-back,Aston Villa,265
S. Kolašinac,Full-back,Atalanta,245
R. Bellanova,Full-back,Atalanta,214
D. Zappacosta,Full-back,Atalanta,217
Jesús Areso,Full-back,Athletic Club,316
Yuri Berchiche,Full-back,Athletic Club,305
Álex Grimaldo,Full-back,Atlético Madrid,404
Marcos Llorente,Full-back,Atlético Madrid,321
Hennes Behrens,Full-back,Augsburg,285
Marius Wolf,Full-back,Augsburg,243
L. Sy,Full-back,Auxerre,405
C. Akpa,Full-back,Auxerre,406
Eric García,Full-back,Barcelona,320
Xavi Espart,Full-back,Barcelona,485
M. Gutiérrez,Full-back,Bayer Leverkusen,279
A. Bah,Full-back,Benfica,293
S. Dahl,Full-back,Benfica,565
E. Holm,Full-back,Bologna,298
Juan Miranda,Full-back,Bologna,251
J. Ryerson,Full-back,Borussia Dortmund,255
M. Beier,Full-back,Borussia Dortmund,205
A. Truffert,Full-back,Bournemouth,395
A. Smith,Full-back,Bournemouth,395
K. Lewis-Potter,Full-back,Brentford,357
M. Kayode,Full-back,Brentford,246
K. Lala,Full-back,Brest,318
B. Locko,Full-back,Brest,394
O. Boscagli,Full-back,Brighton,371
F. Kadıoğlu,Full-back,Brighton,275
A. Obert,Full-back,Cagliari,384
Zé Pedro,Full-back,Cagliari,334
L. Jetten,Full-back,Cambuur,349
M. Costarelli,Full-back,Cambuur,360
Pedro Rosas,Full-back,Casa Pia AC,362
Abdu Conté,Full-back,Casa Pia AC,245
André Geraldes,Full-back,Casa Pia AC,590
Javi Galán,Full-back,Celta de Vigo,226
Javi Rueda,Full-back,Celta de Vigo,347
Sergio Carreira,Full-back,Celta de Vigo,452
Pedro Neto,Full-back,Chelsea,261
M. Gusto,Full-back,Chelsea,293
J. Hato,Full-back,Chelsea,278
Álex Valle,Full-back,Como,294
Yan Couto,Full-back,Como,345
J. Dasilva,Full-back,Coventry City,380
M. van Ewijk,Full-back,Coventry City,388
A. Khalaili,Full-back,Crystal Palace,320
T. Mitchell,Full-back,Crystal Palace,360
Á. Pérez,Full-back,Deportivo Alavés,413
A. Rebbach,Full-back,Deportivo Alavés,449
Ximo Navarro,Full-back,Deportivo La Coruña,476
G. Quagliata,Full-back,Deportivo La Coruña,487
Keita Kosugi,Full-back,Eintracht Frankfurt,294
Elias Baum,Full-back,Eintracht Frankfurt,264
Tete Morente,Full-back,Elche,333
Buba Sangaré,Full-back,Elche,465
Germán Valera,Full-back,Elche,447
Lasse Günther,Full-back,Elversberg,273
Jan Gyamerah,Full-back,Elversberg,266
Roger Hinojo,Full-back,Espanyol,477
O. El Hilali,Full-back,Espanyol,468
Ricard Sánchez,Full-back,Estoril,368
Fernando Medrano,Full-back,Estoril,423
M. Scholze,Full-back,Estrela Amadora,384
Rafa Soares,Full-back,Estrela Amadora,477
V. Mykolenko,Full-back,Everton,393
M. Röhl,Full-back,Everton,267
S. Janssen,Full-back,Excelsior,425
E. da Silva Moreira,Full-back,Excelsior,241
Rodrigo Pinheiro,Full-back,Famalicão,701
Pedro Bondo,Full-back,Famalicão,488
G. Read,Full-back,Feyenoord,504
Mika Mármol,Full-back,Feyenoord,574
Álex Jiménez,Full-back,Fiorentina,213
Víctor Valdepeñas,Full-back,Fiorentina,209
S. Wylin,Full-back,Fortuna Sittard,218
J. Dahlhaus,Full-back,Fortuna Sittard,467
Ivo Pinto,Full-back,Fortuna Sittard,539
P. Treu,Full-back,Freiburg,203
J. Makengo,Full-back,Freiburg,284
A. Oyono,Full-back,Frosinone,328
G. Bracaglia,Full-back,Frosinone,357
T. Castagne,Full-back,Fulham,335
A. Robinson,Full-back,Fulham,361
M. Ellertsson,Full-back,Genoa,373
J. Mojica,Full-back,Getafe,402
Andrés García,Full-back,Getafe,342
David Moreira,Full-back,Gil Vicente,203
Weverson,Full-back,Gil Vicente,236
Ricardo Esgaio,Full-back,Gil Vicente,457
A. Sampsted,Full-back,Go Ahead Eagles,501
D. James,Full-back,Go Ahead Eagles,505
W. Prins,Full-back,Groningen,500
J. Schreuders,Full-back,Groningen,533
O. Braude,Full-back,Heerenveen,439
V. Zagaritis,Full-back,Heerenveen,572
Vladimír Coufal,Full-back,Hoffenheim,271
R. Giles,Full-back,Hull City,379
L. Coyle,Full-back,Hull City,270
A. Diouf,Full-back,Internazionale,271
F. Dimarco,Full-back,Internazionale,284
D. O'Shea,Full-back,Ipswich Town,395
L. Davis,Full-back,Ipswich Town,395
P. Kalulu,Full-back,Juventus,397
Z. Çelik,Full-back,Juventus,360
Gideon Mensah,Full-back,Köln,289
Alessio Castro-Montes,Full-back,Köln,255
Nuno Tavares,Full-back,Lazio,284
R. Floriani Mussolini,Full-back,Lazio,355
E. Jelert,Full-back,Le Havre,204
T. Pembélé,Full-back,Le Havre,217
Lucas Buadés,Full-back,Le Mans,206
Lucas Calodat,Full-back,Le Mans,263
R. Bamba,Full-back,Le Mans,292
Danilo Veiga,Full-back,Lecce,390
A. Gallo,Full-back,Lecce,247
J. Bogle,Full-back,Leeds United,315
M. Skóraś,Full-back,Lens,275
R. Aguilar,Full-back,Lens,204
M. Udol,Full-back,Lens,330
Nacho,Full-back,Levante,323
J. Toljan,Full-back,Levante,200
Manu Sánchez,Full-back,Levante,471
Tiago Santos,Full-back,Lille,392
R. Perraud,Full-back,Lille,327
M. Kerkez,Full-back,Liverpool,322
R. Araújo,Full-back,Liverpool,216
T. Le Bris,Full-back,Lorient,214
A. Kouassi,Full-back,Lorient,382
Anthony Caci,Full-back,Mainz 05,221
Phillipp Mwene,Full-back,Mainz 05,266
J. Gvardiol,Full-back,Manchester City,368
A. Khusanov,Full-back,Manchester City,283
L. Shaw,Full-back,Manchester United,269
Diogo Dalot,Full-back,Manchester United,277
Igor Julião,Full-back,Marítimo,477
Paulo Henrique,Full-back,Marítimo,492
S. Chukwueze,Full-back,Milan,325
P. Estupiñán,Full-back,Milan,220
Nazinho,Full-back,Monaco,381
Vanderson,Full-back,Monaco,347
Ricardo Mangas,Full-back,Monza,336
S. Birindelli,Full-back,Monza,375
Leandro Santos,Full-back,Moreirense,238
Dinis Pinto,Full-back,Moreirense,313
Kiko,Full-back,Moreirense,476
Landerson,Full-back,Moreirense,377
R. Garrido Hierro,Full-back,Málaga,461
Carlos Puga,Full-back,Málaga,292
José Salinas,Full-back,Málaga,243
C. Bischoff,Full-back,NEC,416
A. Tahaui,Full-back,NEC,330
W. Kokolo,Full-back,Nacional,312
Wesley Gasolina,Full-back,Nacional,507
M. Jensen,Full-back,Nacional,393
G. Di Lorenzo,Full-back,Napoli,396
L. Spinazzola,Full-back,Napoli,334
L. Hall,Full-back,Newcastle United,385
A. Dedić,Full-back,Newcastle United,354
J. Clauss,Full-back,Nice,353
O. Aina,Full-back,Nottingham Forest,327
N. Williams,Full-back,Nottingham Forest,393
Abner,Full-back,Olympique Lyonnais,214
Z. Athekame,Full-back,Olympique Lyonnais,392
Emerson Palmieri,Full-back,Olympique Marseille,384
T. Weah,Full-back,Olympique Marseille,389
Íñigo Arguibide,Full-back,Osasuna,437
Abel Bretones,Full-back,Osasuna,445
S. Floranus,Full-back,PEC Zwolle,235
D. van der Haar,Full-back,PEC Zwolle,328
O. Aertssen,Full-back,PEC Zwolle,563
W. Zaire-Emery,Full-back,PSG,308
A. Hakimi,Full-back,PSG,331
S. Dest,Full-back,PSV,476
Mauro Júnior,Full-back,PSV,532
L. Curda,Full-back,Paderborn,259
R. Obermair,Full-back,Paderborn,286
A. Camara,Full-back,Paris,385
S. Britschgi,Full-back,Parma,249
E. Del Prato,Full-back,Parma,392
E. Valeri,Full-back,Parma,392
A. Costa,Full-back,Porto,381
Z. Sanusi,Full-back,Porto,312
Martim Fernandes,Full-back,Porto,209
D. Raum,Full-back,RB Leipzig,292
Álvaro Mantilla,Full-back,Racing Santander,495
J. Salinas,Full-back,Racing Santander,501
Adrià Pedrosa,Full-back,Rayo Vallecano,239
I. Balliu,Full-back,Rayo Vallecano,237
A. Rațiu,Full-back,Rayo Vallecano,412
Fran García,Full-back,Real Betis,441
Héctor Bellerín,Full-back,Real Betis,429
Marc Cucurella,Full-back,Real Madrid,277
D. Dumfries,Full-back,Real Madrid,348
Álvaro Carreras,Full-back,Real Madrid,223
Sergio Gómez,Full-back,Real Sociedad,562
Jon Aramburu,Full-back,Real Sociedad,548
M. Nagida,Full-back,Rennes,229
P. Frankowski,Full-back,Rennes,366
G. Liavas,Full-back,Rio Ave,472
Nelson Abbey,Full-back,Rio Ave,275
Wesley,Full-back,Roma,256
E. Lulli,Full-back,Roma,336
Guilherme Romão,Full-back,Santa Clara,705
Lucas Soares,Full-back,Santa Clara,204
Calila,Full-back,Santa Clara,501
S. Cinquegrano,Full-back,Sassuolo,389
J. Doig,Full-back,Sassuolo,338
G. Suazo,Full-back,Sevilla,518
Juan Iglesias,Full-back,Sevilla,518
L. Martes,Full-back,Sparta Rotterdam,581
B. Kuipers,Full-back,Sparta Rotterdam,581
Víctor Gómez,Full-back,Sporting Braga,346
Diogo Travassos,Full-back,Sporting Braga,220
Gabriel Silva,Full-back,Sporting Braga,222
Iván Fresneda,Full-back,Sporting CP,406
M. Araújo,Full-back,Sporting CP,464
Oso,Full-back,Strasbourg,201
G. Antwi,Full-back,Strasbourg,382
L. Hogsberg,Full-back,Strasbourg,200
J. Vagnoman,Full-back,Stuttgart,277
M. Mittelstädt,Full-back,Stuttgart,275
Reinildo,Full-back,Sunderland,393
N. Mukiele,Full-back,Sunderland,299
T. Meunier,Full-back,Sunderland,341
J. Hardeveld,Full-back,Telstar,471
G. Alders,Full-back,Telstar,392
Niccolò Fortini,Full-back,Torino,235
Alessio Cacciamani,Full-back,Torino,292
A. Gray,Full-back,Tottenham Hotspur,243
A. Robertson,Full-back,Tottenham Hotspur,293
C. Tape,Full-back,Toulouse,379
L. Maronnier,Full-back,Troyes,226
A. Ouzenadji,Full-back,Troyes,390
A. Adelgaard,Full-back,Twente,336
B. van Rooij,Full-back,Twente,537
M. Vojvoda,Full-back,Udinese,361
H. Kamara,Full-back,Udinese,391
J. Juranović,Full-back,Union Berlin,283
T. Rothe,Full-back,Union Berlin,303
N. Vesterlund,Full-back,Utrecht,430
A. Zagré,Full-back,Utrecht,521
José Gayá,Full-back,Valencia,201
Jesús Vázquez,Full-back,Valencia,374
A. Hainaut,Full-back,Venezia,383
Carlos Romero,Full-back,Villarreal,396
S. Mouriño,Full-back,Villarreal,339
Tony Strata,Full-back,Vitória Guimarães,474
João Mendes,Full-back,Vitória Guimarães,593
O. Deman,Full-back,Werder Bremen,291
H. ter Avest,Full-back,Willem II,309
N. Tjoe-A-On,Full-back,Willem II,444
P. Van Loon,Full-back,Willem II,266
E. Rottier,Midfielder,ADO Den Haag,476
J. Kilo,Midfielder,ADO Den Haag,577
K. Smit,Midfielder,AZ,307
D. Kwakman,Midfielder,AZ,486
P. Koopmeiners,Midfielder,AZ,567
C. Kahraman,Midfielder,Académico de Viseu F.C.,439
Luís Silva,Midfielder,Académico de Viseu F.C.,276
Alejandro Mestanza,Midfielder,Académico de Viseu F.C.,286
S. Messeguem,Midfielder,Académico de Viseu F.C.,571
O. Gloukh,Midfielder,Ajax,284
J. Mokio,Midfielder,Ajax,287
J. Brandt,Midfielder,Ajax,310
D. Klaassen,Midfielder,Ajax,338
Ian Luccas,Midfielder,Alverca,483
Rayan Lucas,Midfielder,Alverca,267
Davy Gui,Midfielder,Alverca,364
Y. Belkhdim,Midfielder,Angers SCO,388
B. van den Boomen,Midfielder,Angers SCO,397
Pablo Gozálbez,Midfielder,Arouca,265
Lee Hyun-Ju,Midfielder,Arouca,209
T. Fukui,Midfielder,Arouca,569
E. van Ee,Midfielder,Arouca,426
D. Rice,Midfielder,Arsenal,338
M. Lewis-Skelly,Midfielder,Arsenal,287
M. Ødegaard,Midfielder,Arsenal,319
R. Barkley,Midfielder,Aston Villa,321
B. Kamara,Midfielder,Aston Villa,396
E. Buendía,Midfielder,Aston Villa,338
L. Samardžić,Midfielder,Atalanta,214
G. Gaetano,Midfielder,Atalanta,292
Éderson,Midfielder,Atalanta,343
Peio Canales ,Midfielder,Athletic Club,227
Iñigo Ruiz de Galarreta,Midfielder,Athletic Club,212
Oihan Sancet,Midfielder,Athletic Club,464
Beñat Gerenabarrena,Midfielder,Athletic Club,402
M. Hjulmand,Midfielder,Atlético Madrid,374
Koke,Midfielder,Atlético Madrid,251
Pablo Barrios,Midfielder,Atlético Madrid,338
Fabian Rieder,Midfielder,Augsburg,275
Han-Noah Massengo,Midfielder,Augsburg,274
N. Ahamada,Midfielder,Auxerre,272
A. Piedfort,Midfielder,Auxerre,363
K. Danois,Midfielder,Auxerre,406
Pedri,Midfielder,Barcelona,387
Marc Bernal,Midfielder,Barcelona,285
Rodri,Midfielder,Barcelona,236
Fermín López,Midfielder,Barcelona,416
I. Maza,Midfielder,Bayer Leverkusen,289
Aleix García,Midfielder,Bayer Leverkusen,289
E. Fernández,Midfielder,Bayer Leverkusen,205
J. Kimmich,Midfielder,Bayern München,220
A. Pavlović,Midfielder,Bayern München,262
E. Barrenechea,Midfielder,Benfica,270
João Palhinha,Midfielder,Benfica,289
G. Sudakov,Midfielder,Benfica,301
Leandro Barreiro,Midfielder,Benfica,495
L. Ferguson,Midfielder,Bologna,397
J. Odgaard,Midfielder,Bologna,248
J. Bellingham,Midfielder,Borussia Dortmund,292
Hugo Bolin,Midfielder,Borussia Mgladbach,241
Philipp Sander,Midfielder,Borussia Mgladbach,289
J. Kluivert,Midfielder,Bournemouth,311
T. Adams,Midfielder,Bournemouth,214
A. Scott,Midfielder,Bournemouth,387
M. Damsgaard,Midfielder,Brentford,221
V. Janelt,Midfielder,Brentford,398
M. Sangaré,Midfielder,Brentford,328
K. Doumbia,Midfielder,Brest,331
J. Chotard,Midfielder,Brest,383
Y. Ayari,Midfielder,Brighton,262
M. Yalcouyé,Midfielder,Brighton,246
P. Groß,Midfielder,Brighton,391
A. Romano,Midfielder,Cagliari,393
H. Winks,Midfielder,Cagliari,355
D. Maldini,Midfielder,Cagliari,320
S. Vink,Midfielder,Cambuur,233
R. El Arguioui,Midfielder,Cambuur,579
N. Souren,Midfielder,Cambuur,579
S. Pérez,Midfielder,Casa Pia AC,240
L. Ofori,Midfielder,Casa Pia AC,590
João Rêgo,Midfielder,Casa Pia AC,275
Silvi Clúa,Midfielder,Casa Pia AC,424
Ilaix Moriba,Midfielder,Celta de Vigo,441
Miguel Román,Midfielder,Celta de Vigo,542
R. Lavia,Midfielder,Chelsea,274
C. Palmer,Midfielder,Chelsea,382
R. James,Midfielder,Chelsea,324
M. Rogers,Midfielder,Chelsea,377
L. da Cunha,Midfielder,Como,282
Luis Milla,Midfielder,Como,226
M. Perrone,Midfielder,Como,269
Nico Paz,Midfielder,Como,341
F. Onyeka,Midfielder,Coventry City,237
M. Grimes,Midfielder,Coventry City,376
J. Rudoni,Midfielder,Coventry City,238
D. Kamada,Midfielder,Crystal Palace,379
A. Wharton,Midfielder,Crystal Palace,377
Yéremy Pino,Midfielder,Crystal Palace,241
Denis Suárez,Midfielder,Deportivo Alavés,248
Antonio Blanco,Midfielder,Deportivo Alavés,465
Pablo Ibáñez,Midfielder,Deportivo Alavés,448
L. Amatucci,Midfielder,Deportivo La Coruña,487
Mario Soriano,Midfielder,Deportivo La Coruña,404
Raphael Onyedika,Midfielder,Eintracht Frankfurt,294
Marc Aguado,Midfielder,Elche,217
Javi Morcillo,Midfielder,Elche,246
Gonzalo Villar,Midfielder,Elche,451
F. Buonanotte,Midfielder,Elche,226
Lukasz Poreba,Midfielder,Elversberg,293
Felix Keidel,Midfielder,Elversberg,273
Urko González,Midfielder,Espanyol,341
Edu Expósito,Midfielder,Espanyol,448
Javi Hernández,Midfielder,Espanyol,422
João Carvalho,Midfielder,Estoril,480
A. Tsoungui,Midfielder,Estoril,398
L. Zvonarek,Midfielder,Estrela Amadora,478
Robinho,Midfielder,Estrela Amadora,223
E. Doué,Midfielder,Estrela Amadora,479
K. Dewsbury-Hall,Midfielder,Everton,391
H. Armstrong,Midfielder,Everton,384
J. Garner,Midfielder,Everton,257
I. Yegoian,Midfielder,Excelsior,554
L. Hartjes,Midfielder,Excelsior,541
D. van Vianen,Midfielder,Excelsior,265
M. De Amorim,Midfielder,Famalicão,684
Pedro Santos,Midfielder,Famalicão,206
Paulo Moreira,Midfielder,Famalicão,246
Marcos Peña,Midfielder,Famalicão,254
T. Szűcs,Midfielder,Famalicão,258
T. van de Looi,Midfielder,Famalicão,408
Óscar Aranda,Midfielder,Famalicão,270
O. Targhalline,Midfielder,Feyenoord,289
C. Vanhoutte,Midfielder,Feyenoord,421
G. Zechiël,Midfielder,Feyenoord,561
L. Valente,Midfielder,Feyenoord,533
C. Ndour,Midfielder,Fiorentina,327
A. Atta,Midfielder,Fiorentina,285
N. Fagioli,Midfielder,Fiorentina,293
Y. Oukili,Midfielder,Fortuna Sittard,256
M. Ihattaren,Midfielder,Fortuna Sittard,419
E. Michut,Midfielder,Fortuna Sittard,467
Shiloh 't Zand,Midfielder,Fortuna Sittard,369
M. Eggestein,Midfielder,Freiburg,284
Y. Engelhardt,Midfielder,Freiburg,273
Y. Suzuki,Midfielder,Freiburg,244
P. Masini,Midfielder,Frosinone,334
G. Calò,Midfielder,Frosinone,378
R. Schmid,Midfielder,Frosinone,299
S. Berge,Midfielder,Fulham,286
S. Charles,Midfielder,Fulham,228
A. Iwobi,Midfielder,Fulham,355
J. King,Midfielder,Fulham,366
T. Baldanzi,Midfielder,Genoa,267
M. Frendrup,Midfielder,Genoa,388
Vitinha,Midfielder,Genoa,234
D. Sow,Midfielder,Genoa,242
O. Mangala,Midfielder,Getafe,500
Ramón Terrats,Midfielder,Getafe,487
Mario Martín,Midfielder,Getafe,269
Francho Serrano,Midfielder,Getafe,205
A. Lausen,Midfielder,Gil Vicente,297
Diogo Prioste,Midfielder,Gil Vicente,225
Santi García,Midfielder,Gil Vicente,241
Zé Carlos,Midfielder,Gil Vicente,247
V. Edvardsen,Midfielder,Go Ahead Eagles,518
E. Linthorst,Midfielder,Go Ahead Eagles,530
M. Meulensteen,Midfielder,Go Ahead Eagles,438
T. de Jonge,Midfielder,Groningen,566
T. van Bergen,Midfielder,Groningen,581
T. Land,Midfielder,Groningen,528
N. Remberg,Midfielder,Hamburger SV,286
A. Grønbæk,Midfielder,Hamburger SV,286
D. Proper,Midfielder,Heerenveen,430
N. Courtens,Midfielder,Heerenveen,294
M. Linday,Midfielder,Heerenveen,288
R. Meerveld,Midfielder,Heerenveen,474
Wouter Burger,Midfielder,Hoffenheim,283
Adam Hlozek,Midfielder,Hoffenheim,220
Leon Avdullahu,Midfielder,Hoffenheim,297
R. Slater,Midfielder,Hull City,389
P. Zieliński,Midfielder,Internazionale,273
N. Barella,Midfielder,Internazionale,388
S. Lukić,Midfielder,Ipswich Town,353
J. Enciso,Midfielder,Ipswich Town,373
E. Palacios,Midfielder,Ipswich Town,219
Douglas Luiz,Midfielder,Juventus,358
M. Locatelli,Midfielder,Juventus,301
Tom Krauß,Midfielder,Köln,274
Ísak Jóhannesson,Midfielder,Köln,223
R. Belahyane,Midfielder,Lazio,256
D. Frattesi,Midfielder,Lazio,326
K. Taylor,Midfielder,Lazio,378
A. Richardson,Midfielder,Le Havre,398
S. Ebonog,Midfielder,Le Havre,369
R. Ndiaye,Midfielder,Le Havre,248
Adil Bourabaa,Midfielder,Le Mans,327
Alexandre Lauray,Midfielder,Le Mans,299
L. Coulibaly,Midfielder,Lecce,390
O. Ngom,Midfielder,Lecce,248
A. Stach,Midfielder,Leeds United,376
E. Ampadu,Midfielder,Leeds United,382
M. Cuisance,Midfielder,Lens,234
Y. Titraoui,Midfielder,Lens,265
F. Thauvin,Midfielder,Lens,398
E. Bardeli,Midfielder,Levante,335
Oriol Rey,Midfielder,Levante,429
Jon Ander Olasagasti,Midfielder,Levante,452
N. Bentaleb,Midfielder,Lille,370
H. Haraldsson,Midfielder,Lille,326
N. Mukau,Midfielder,Lille,257
D. Szoboszlai,Midfielder,Liverpool,393
A. Mac Allister,Midfielder,Liverpool,238
F. Wirtz,Midfielder,Liverpool,352
A. Avom,Midfielder,Lorient,244
J. Makengo,Midfielder,Lorient,362
N. Cadiou,Midfielder,Lorient,376
G. Bernardeau,Midfielder,Lorient,277
Kaishu Sano,Midfielder,Mainz 05,281
Lee Jae-Sung,Midfielder,Mainz 05,207
Nadiem Amiri,Midfielder,Mainz 05,277
R. Cherki,Midfielder,Manchester City,229
E. Anderson,Midfielder,Manchester City,342
Bruno Fernandes,Midfielder,Manchester United,396
K. Mainoo,Midfielder,Manchester United,296
Y. Tielemans,Midfielder,Manchester United,338
V. Danilović,Midfielder,Marítimo,483
Raphael Guzzo,Midfielder,Marítimo,534
Rodrigo Andrade,Midfielder,Marítimo,528
A. Rabiot,Midfielder,Milan,232
Y. Musah,Midfielder,Milan,340
L. Modrić,Midfielder,Milan,247
R. Loftus-Cheek,Midfielder,Milan,203
A. Cissè,Midfielder,Milan,245
A. Golovin,Midfielder,Monaco,369
D. Zakaria,Midfielder,Monaco,394
L. Camara,Midfielder,Monaco,394
E. Akinsanmiro,Midfielder,Monza,223
Michael Folorunsho,Midfielder,Monza,234
A. Colpani,Midfielder,Monza,262
Nile John,Midfielder,Moreirense,451
Rodri Alonso,Midfielder,Moreirense,332
M. Bebiano Mendonça,Midfielder,Moreirense,330
João Veloso,Midfielder,Moreirense,239
Guilherme Liberato,Midfielder,Moreirense,311
M. Stjepanović,Midfielder,Moreirense,287
Pablo Martínez,Midfielder,Málaga,210
Dani Lorenzo,Midfielder,Málaga,315
Izan Merino,Midfielder,Málaga,383
Carlos Dotor,Midfielder,Málaga,334
D. Tadić,Midfielder,NEC,471
D. Nejašmić,Midfielder,NEC,309
T. Chery,Midfielder,NEC,452
Jamiro Monteiro,Midfielder,NEC,344
N. Lebreton,Midfielder,NEC,416
Daniel Júnior,Midfielder,Nacional,398
Filipe Soares,Midfielder,Nacional,274
Liziero,Midfielder,Nacional,367
S. Lobotka,Midfielder,Napoli,380
F. Anguissa,Midfielder,Napoli,255
J. Willock,Midfielder,Newcastle United,221
L. Miley,Midfielder,Newcastle United,323
S. Diop,Midfielder,Nice,256
A. Witsel,Midfielder,Nice,240
G. Hein,Midfielder,Nice,322
D. Coulibaly,Midfielder,Nice,388
D. Ndoye,Midfielder,Nottingham Forest,272
M. Gibbs-White,Midfielder,Nottingham Forest,393
J. McAtee,Midfielder,Nottingham Forest,355
X. Schlager,Midfielder,Nottingham Forest,318
P. Šulc,Midfielder,Olympique Lyonnais,218
C. Tolisso,Midfielder,Olympique Lyonnais,321
M. Bidstrup,Midfielder,Olympique Lyonnais,320
T. Morton,Midfielder,Olympique Lyonnais,312
P. Højbjerg,Midfielder,Olympique Marseille,389
H. Abdelli,Midfielder,Olympique Marseille,301
A. Gomes,Midfielder,Olympique Marseille,318
Iker Muñoz,Midfielder,Osasuna,420
Jon Moncayola,Midfielder,Osasuna,439
T. Sommer,Midfielder,PEC Zwolle,554
T. Oosting,Midfielder,PEC Zwolle,394
R. Thomas,Midfielder,PEC Zwolle,458
Vitinha1,Midfielder,PSG,365
João Neves,Midfielder,PSG,259
Fabián Ruiz,Midfielder,PSG,245
G. Til,Midfielder,PSV,519
P. Wanner,Midfielder,PSV,342
K. Sano,Midfielder,PSV,418
N. Fernandez,Midfielder,PSV,296
L. Ulrich,Midfielder,Paderborn,231
G. Vidović,Midfielder,Paderborn,259
S. Castañeda,Midfielder,Paderborn,286
P. Lees-Melou,Midfielder,Paris,385
P. Pagis,Midfielder,Paris,303
M. López,Midfielder,Paris,318
C. Ordoñez,Midfielder,Parma,214
M. Keita,Midfielder,Parma,371
S. Lontani,Midfielder,Parma,263
V. Froholdt,Midfielder,Porto,480
P. Rosario,Midfielder,Porto,529
Gabri Veiga,Midfielder,Porto,482
E. Banzuzi,Midfielder,RB Leipzig,279
G. Puerta,Midfielder,Racing Santander,288
Iván Martín,Midfielder,Racing Santander,355
Sergio Canales,Midfielder,Racing Santander,415
Unai López,Midfielder,Rayo Vallecano,447
Óscar Valentín,Midfielder,Rayo Vallecano,320
Pedro Díaz,Midfielder,Rayo Vallecano,234
Isco,Midfielder,Real Betis,265
Marc Roca,Midfielder,Real Betis,374
N. Deossa,Midfielder,Real Betis,203
F. Bernal,Midfielder,Real Betis,329
E. Camavinga,Midfielder,Real Madrid,248
F. Valverde,Midfielder,Real Madrid,411
Bernardo Silva,Midfielder,Real Madrid,295
J. Bellingham1,Midfielder,Real Madrid,457
L. Sučić,Midfielder,Real Sociedad,495
Carlos Soler,Midfielder,Real Sociedad,408
Y. Herrera,Midfielder,Real Sociedad,398
Beñat Turrientes,Midfielder,Real Sociedad,273
V. Rongier,Midfielder,Rennes,367
S. Szymański,Midfielder,Rennes,239
A. Thomasson,Midfielder,Rennes,318
M. Camara,Midfielder,Rennes,241
J. Blesa,Midfielder,Rio Ave,461
A. Ntoi,Midfielder,Rio Ave,269
T. Nikitscher,Midfielder,Rio Ave,408
Diogo Nascimento,Midfielder,Rio Ave,269
M. Soulé,Midfielder,Roma,202
B. Cristante,Midfielder,Roma,354
M. Koné,Midfielder,Roma,282
Tiago Ribeiro,Midfielder,Santa Clara,394
Pedro Ferreira,Midfielder,Santa Clara,705
Dani Borges,Midfielder,Santa Clara,307
José Tavares,Midfielder,Santa Clara,481
D. Bakola,Midfielder,Sassuolo,234
V. Adžić,Midfielder,Sassuolo,215
N. Matić,Midfielder,Sassuolo,348
A. Aouchiche,Midfielder,Schalke 04,269
S. Tanaka,Midfielder,Schalke 04,201
S. El-Faouzi,Midfielder,Schalke 04,295
Jon Guridi,Midfielder,Sevilla,293
L. Agoumé,Midfielder,Sevilla,518
J. Baas,Midfielder,Sparta Rotterdam,408
J. Toornstra,Midfielder,Sparta Rotterdam,246
S. Mito,Midfielder,Sparta Rotterdam,446
E. Tıknaz,Midfielder,Sporting Braga,334
Mario Dorgeles,Midfielder,Sporting Braga,266
João Moutinho,Midfielder,Sporting Braga,297
Sergi Altimira,Midfielder,Sporting CP,568
I. Doumbia,Midfielder,Sporting CP,514
Rodrigo Zalazar,Midfielder,Sporting CP,463
P. Diop,Midfielder,Strasbourg,333
Diogo Sousa,Midfielder,Strasbourg,321
G. Reyna,Midfielder,Strasbourg,266
A. Stiller,Midfielder,Stuttgart,215
G. Prömel,Midfielder,Stuttgart,292
E. Le Fée,Midfielder,Sunderland,377
N. Sadiki,Midfielder,Sunderland,374
G. Xhaka,Midfielder,Sunderland,396
Rui Mendes,Midfielder,Telstar,410
P. Brouwer,Midfielder,Telstar,587
N. Rossen,Midfielder,Telstar,519
T. Owusu,Midfielder,Telstar,509
Gvidas Gineitis,Midfielder,Torino,287
 Kian Fitz-Jim,Midfielder,Torino,351
R. Mandragora,Midfielder,Torino,225
S. Tonali,Midfielder,Tottenham Hotspur,365
R. Bentancur,Midfielder,Tottenham Hotspur,305
Mateus Fernandes,Midfielder,Tottenham Hotspur,220
N. Schmidt,Midfielder,Toulouse,231
T. Jørgensen,Midfielder,Toulouse,372
C. Cásseres,Midfielder,Toulouse,389
D. Karim,Midfielder,Troyes,204
A. Mille,Midfielder,Troyes,284
M. Diop,Midfielder,Troyes,369
D. Rots,Midfielder,Twente,313
D. Weidmann,Midfielder,Twente,392
Younes Taha,Midfielder,Twente,363
R. Zerrouki,Midfielder,Twente,550
L. Miller,Midfielder,Udinese,215
J. Karlström,Midfielder,Udinese,391
J. Ekkelenkamp,Midfielder,Udinese,366
M. Aebischer,Midfielder,Union Berlin,219
R. Khedira,Midfielder,Union Berlin,303
D. van den Berg,Midfielder,Utrecht,416
D. de Wit,Midfielder,Utrecht,541
Javi Guerra,Midfielder,Valencia,421
A. Dieng,Midfielder,Valencia,266
F. Ugrinić,Midfielder,Valencia,417
G. Busio,Midfielder,Venezia,340
Kike Pérez,Midfielder,Venezia,355
P. Gueye,Midfielder,Villarreal,421
Santi Comesaña,Midfielder,Villarreal,345
Lohann Doucet,Midfielder,Vitória Guimarães,353
Gonçalo Nogueira,Midfielder,Vitória Guimarães,362
Beni,Midfielder,Vitória Guimarães,377
Samu Silva,Midfielder,Vitória Guimarães,561
L. Reis,Midfielder,Werder Bremen,258
Chuki,Midfielder,Werder Bremen,279
U. van Aalst,Midfielder,Willem II,476
K. Boogaard,Midfielder,Willem II,366
C. Twigt,Midfielder,Willem II,311
A. Ciranni,Midfielder,Willem II,201
D. van Mieghem,Winger,ADO Den Haag,367
E. Rottier,Winger,ADO Den Haag,476
I. de Ruijter,Winger,ADO Den Haag,219
J. Hawkins,Winger,ADO Den Haag,228
N. Thomas,Winger,ADO Den Haag,241
C. Stengs,Winger,AZ,256
R. Daal,Winger,AZ,531
Weslley Patati,Winger,AZ,318
K. Smit,Winger,AZ,307
João Guilherme,Winger,Académico de Viseu F.C.,568
Á. Zamora,Winger,Académico de Viseu F.C.,244
Lorougnon Gohi,Winger,Académico de Viseu F.C.,282
A. Ouazane,Winger,Ajax,254
S. Berghuis,Winger,Ajax,364
Chiquinho,Winger,Alverca,345
Figueiredo,Winger,Alverca,522
J. Allevinah,Winger,Angers SCO,305
A. Sbaï,Winger,Angers SCO,360
N. Djouahra,Winger,Arouca,544
Lee Hyun-Ju,Winger,Arouca,209
A. Trezza,Winger,Arouca,488
Pablo Gozálbez,Winger,Arouca,265
M. Ødegaard,Winger,Arsenal,319
C. Tzolis,Winger,Arsenal,308
B. Saka,Winger,Arsenal,365
E. Buendía,Winger,Aston Villa,338
G. Hemmings,Winger,Aston Villa,296
J. McGinn,Winger,Aston Villa,383
C. De Ketelaere,Winger,Atalanta,286
Nico Williams,Winger,Athletic Club,299
Álex Berenguer,Winger,Athletic Club,284
Robert Navarro,Winger,Athletic Club,253
Oihan Sancet,Winger,Athletic Club,464
G. Simeone,Winger,Atlético Madrid,406
Robin Fellhauer,Winger,Augsburg,217
R. Labeau-Lascary,Winger,Auxerre,215
Lamine Yamal,Winger,Barcelona,445
A. Gordon,Winger,Barcelona,336
I. Maza,Winger,Bayer Leverkusen,289
Afonso Moreira,Winger,Bayer Leverkusen,258
L. Díaz,Winger,Bayern München,220
M. Olise,Winger,Bayern München,230
G. Prestianni,Winger,Benfica,526
A. Schjelderup,Winger,Benfica,302
G. Sudakov,Winger,Benfica,301
Rafa Silva,Winger,Benfica,432
F. Bernardeschi,Winger,Bologna,309
J. Odgaard,Winger,Bologna,248
N. Cambiaghi,Winger,Bologna,316
Hugo Bolin,Winger,Borussia Mgladbach,241
J. Kluivert,Winger,Bournemouth,311
M. Tavernier,Winger,Bournemouth,376
Rayan,Winger,Bournemouth,370
K. Schade,Winger,Brentford,393
J. Anthony,Winger,Brentford,210
M. Damsgaard,Winger,Brentford,221
K. Doumbia,Winger,Brest,331
P. Mboup,Winger,Brest,337
D. Gómez,Winger,Brighton,370
M. Yalcouyé,Winger,Brighton,246
M. De Cuyper,Winger,Brighton,359
J. Fazzini,Winger,Cagliari,248
M. Adopo,Winger,Cagliari,393
D. Maldini,Winger,Cagliari,320
F. Kvam,Winger,Cambuur,240
I. Henstra,Winger,Cambuur,368
I. Hamache,Winger,Cambuur,424
R. El Arguioui,Winger,Cambuur,579
Rochinha,Winger,Casa Pia AC,307
K. Prieto,Winger,Casa Pia AC,205
W. Swedberg,Winger,Celta de Vigo,259
Hugo González,Winger,Celta de Vigo,202
Hugo Álvarez,Winger,Celta de Vigo,209
Iago Aspas,Winger,Celta de Vigo,248
M. Rogers,Winger,Chelsea,377
C. Palmer,Winger,Chelsea,382
M. Baturina,Winger,Como,234
Nico Paz,Winger,Como,341
Assane Diao,Winger,Como,260
J. Rudoni,Winger,Coventry City,238
Yéremy Pino,Winger,Crystal Palace,241
Luismi Cruz,Winger,Deportivo La Coruña,329
Can Uzun,Winger,Eintracht Frankfurt,248
F. Buonanotte,Winger,Elche,226
Ali Houary,Winger,Elche,202
Lukas Petkov,Winger,Elversberg,283
T. Dolan,Winger,Espanyol,441
Álex Calatrava,Winger,Espanyol,332
Javi Hernández,Winger,Espanyol,422
João Carvalho,Winger,Estoril,480
André Lacximicant,Winger,Estoril,382
R. Guitane,Winger,Estoril,262
I. Stoica,Winger,Estrela Amadora,339
M. Ayomide,Winger,Estrela Amadora,479
T. George,Winger,Everton,319
K. Dewsbury-Hall,Winger,Everton,391
A. Sliti,Winger,Excelsior,317
Á. Thorsteinsson,Winger,Excelsior,291
Óscar Aranda,Winger,Famalicão,270
Sorriso,Winger,Famalicão,632
Pedro Santos,Winger,Famalicão,206
Gil Dias,Winger,Famalicão,311
R. Beney,Winger,Famalicão,338
G. Diarra,Winger,Feyenoord,318
L. Valente,Winger,Feyenoord,533
A. Hadj-Moussa,Winger,Feyenoord,458
F. Mastantuono,Winger,Fiorentina,302
Y. Suzuki,Winger,Freiburg,244
D. Scherhant,Winger,Freiburg,238
J. Beste,Winger,Freiburg,207
G. Kvernadze,Winger,Frosinone,391
R. Schmid,Winger,Frosinone,299
César Palacios,Winger,Fulham,218
O. Bobb,Winger,Fulham,288
J. King,Winger,Fulham,366
Vitinha,Winger,Genoa,234
T. Baldanzi,Winger,Genoa,267
Santi García,Winger,Gil Vicente,241
Murilo,Winger,Gil Vicente,259
Gil Martins,Winger,Gil Vicente,367
Joelson Fernandes,Winger,Gil Vicente,303
M. Suray,Winger,Go Ahead Eagles,543
S. Tengstedt,Winger,Go Ahead Eagles,527
V. Edvardsen,Winger,Go Ahead Eagles,518
D. van der Werff,Winger,Groningen,505
P. Clement,Winger,Groningen,516
T. van Bergen,Winger,Groningen,581
A. Grønbæk,Winger,Hamburger SV,286
J. Trenskow,Winger,Heerenveen,548
M. Rivera,Winger,Heerenveen,323
R. Meerveld,Winger,Heerenveen,474
Adam Hlozek,Winger,Hoffenheim,220
Adam Daghim,Winger,Hoffenheim,289
M. Belloumi,Winger,Hull City,328
E. Stroud,Winger,Hull City,261
A. Fatawu,Winger,Ipswich Town,305
D. Maeda,Winger,Ipswich Town,261
J. Enciso,Winger,Ipswich Town,373
Francisco Conceicão,Winger,Juventus,307
M. Cancellieri,Winger,Lazio,222
M. Zaccagni,Winger,Lazio,395
R. Ndiaye,Winger,Le Havre,248
I. N'Dri,Winger,Lecce,203
S. Pierotti,Winger,Lecce,303
N. Okafor,Winger,Leeds United,237
F. Thauvin,Winger,Lens,398
E. Bardeli,Winger,Levante,335
Roger Brugué,Winger,Levante,385
T. Fernández,Winger,Levante,239
Victor García,Winger,Levante,224
E. Mbappé,Winger,Lille,222
H. Haraldsson,Winger,Lille,326
C. Gakpo,Winger,Liverpool,308
Victor Muñoz,Winger,Liverpool,262
F. Wirtz,Winger,Liverpool,352
J. Makengo,Winger,Lorient,362
G. Bernardeau,Winger,Lorient,277
I. Ndiaye,Winger,Manchester City,338
P. Foden,Winger,Manchester City,233
R. Cherki,Winger,Manchester City,229
A. Semenyo,Winger,Manchester City,387
Bruno Fernandes,Winger,Manchester United,396
B. Mbeumo,Winger,Manchester United,396
M. Rashford,Winger,Manchester United,290
Martín Tejón,Winger,Marítimo,532
Raphael Guzzo,Winger,Marítimo,534
Simo Bouzaidi,Winger,Marítimo,233
B. Limbombe,Winger,Marítimo,200
A. Cissè,Winger,Milan,245
R. Loftus-Cheek,Winger,Milan,203
A. Rabiot,Winger,Milan,232
A. Golovin,Winger,Monaco,369
M. Coulibaly,Winger,Monaco,219
S. Idumbo,Winger,Monaco,337
A. Colpani,Winger,Monza,262
Rodri Alonso,Winger,Moreirense,332
M. Bebiano Mendonça,Winger,Moreirense,330
João Veloso,Winger,Moreirense,239
Joaquín Muñoz,Winger,Málaga,310
Juan Cruz,Winger,Málaga,219
David Larrubia,Winger,Málaga,430
D. Tadić,Winger,NEC,471
T. Chery,Winger,NEC,452
Daniel Júnior,Winger,Nacional,398
Miguel Baeza,Winger,Nacional,480
S. Gavriel,Winger,Nacional,247
M. Politano,Winger,Napoli,284
J. Willock,Winger,Newcastle United,221
A. Elanga,Winger,Newcastle United,242
H. Barnes,Winger,Newcastle United,390
G. Hein,Winger,Nice,322
S. Diop,Winger,Nice,256
M. Gibbs-White,Winger,Nottingham Forest,393
D. Ndoye,Winger,Nottingham Forest,272
P. Šulc,Winger,Olympique Lyonnais,218
A. Harit,Winger,Olympique Marseille,374
A. Gomes,Winger,Olympique Marseille,318
Igor Paixão,Winger,Olympique Marseille,259
Moi Gómez,Winger,Osasuna,262
Rubén García,Winger,Osasuna,292
D. Mbayo,Winger,PEC Zwolle,497
E. Sørensen,Winger,PEC Zwolle,274
I. Cissoko,Winger,PEC Zwolle,267
T. Oosting,Winger,PEC Zwolle,394
Ferrán Torres,Winger,PSG,237
K. Kvaratskhelia,Winger,PSG,240
M. Akliouche,Winger,PSG,214
D. Doué,Winger,PSG,236
R. van Bommel,Winger,PSV,392
G. Til,Winger,PSV,519
A. Santos,Winger,PSV,282
I. Perišić,Winger,PSV,410
L. Koleosho,Winger,Paris,203
P. Pagis,Winger,Paris,303
I. Kebbal,Winger,Paris,347
S. Lontani,Winger,Parma,263
Pepê,Winger,Porto,558
William Gomes,Winger,Porto,422
A. Nusa,Winger,RB Leipzig,264
Andrés Martín,Winger,Racing Santander,260
Iñigo Vicente,Winger,Racing Santander,459
Sergio Canales,Winger,Racing Santander,415
Pablo Garcia,Winger,Racing Santander,230
Jorge de Frutos,Winger,Rayo Vallecano,348
Álvaro García,Winger,Rayo Vallecano,402
Isco,Winger,Real Betis,265
Antony,Winger,Real Betis,414
Rodrigo Riquelme,Winger,Real Betis,304
Pablo Fornals,Winger,Real Betis,416
J. Bellingham,Winger,Real Madrid,457
A. Güler,Winger,Real Madrid,247
Vinícius Júnior,Winger,Real Madrid,476
Ander Barrenetxea,Winger,Real Sociedad,301
T. Kubo,Winger,Real Sociedad,241
L. Sučić,Winger,Real Sociedad,495
Mousa Al Tamari,Winger,Rennes,264
I. Soumaré,Winger,Rennes,222
L. Blas,Winger,Rennes,214
Diogo Bezerra,Winger,Rio Ave,392
J. Blesa,Winger,Rio Ave,461
R. Galčík,Winger,Rio Ave,216
M. Soulé,Winger,Roma,202
Sorriso1,Winger,Santa Clara,312
Vinícius Lopes,Winger,Santa Clara,453
Welinton Torrão,Winger,Santa Clara,246
Brenner,Winger,Santa Clara,327
José Tavares,Winger,Santa Clara,481
A. Laurienté,Winger,Sassuolo,389
A. Aouchiche,Winger,Schalke 04,269
C. Ejuke,Winger,Sevilla,221
M. Sierra,Winger,Sevilla,355
M. van Bergen,Winger,Sparta Rotterdam,348
C. Terho,Winger,Sparta Rotterdam,326
S. Mito,Winger,Sparta Rotterdam,446
Mario Dorgeles,Winger,Sporting Braga,266
Rodrigo Zalazar,Winger,Sporting CP,463
Geny Catamo,Winger,Sporting CP,430
Flávio Gonçalves,Winger,Sporting CP,424
S. Nanasi,Winger,Strasbourg,330
G. Yassine,Winger,Strasbourg,374
T. Hume,Winger,Sunderland,209
E. Le Fée,Winger,Sunderland,377
N. Angulo,Winger,Sunderland,269
Rui Mendes,Winger,Telstar,410
P. Brouwer,Winger,Telstar,587
Mateus Fernandes,Winger,Tottenham Hotspur,220
M. Tel,Winger,Tottenham Hotspur,275
T. Jørgensen,Winger,Toulouse,372
K. Diawara,Winger,Troyes,218
M. Ifnaoui,Winger,Troyes,253
H. Picard,Winger,Troyes,310
D. Rots,Winger,Twente,313
Younes Taha,Winger,Twente,363
M. Pjaca,Winger,Twente,349
S. Ørjasæter,Winger,Twente,432
J. Ekkelenkamp,Winger,Udinese,366
R. Khedira,Winger,Union Berlin,303
Ángel Alarcón,Winger,Utrecht,465
A. Blake,Winger,Utrecht,234
Y. Cathline,Winger,Utrecht,369
R. Sato,Winger,Valencia,328
Javi Guerra,Winger,Valencia,421
David Otorbi,Winger,Valencia,227
N. Pépé,Winger,Villarreal,438
Alberto Moleiro,Winger,Villarreal,264
T. Buchanan,Winger,Villarreal,232
Oumar Camara,Winger,Vitória Guimarães,292
Miguel Nogueira,Winger,Vitória Guimarães,292
Samu Silva,Winger,Vitória Guimarães,561
Gustavo Silva,Winger,Vitória Guimarães,555
Chuki,Winger,Werder Bremen,279
M. Grüll,Winger,Werder Bremen,283
U. van Aalst,Winger,Willem II,476
J. Slory,Winger,Willem II,454
E. Gürbüz,Winger,Willem II,266
Y. Eduardo,Striker,ADO Den Haag,429
J. Bal,Striker,ADO Den Haag,233
M. Meerdink,Striker,AZ,510
Andre Clóvis,Striker,Académico de Viseu F.C.,481
T. Arokodare,Striker,Ajax,266
Vivaldo Semedo,Striker,Alverca,366
A. El Ouazzani,Striker,Angers SCO,318
Iván Barbero,Striker,Arouca,440
K. Havertz,Striker,Arsenal,380
N. Jackson,Striker,Aston Villa,206
G. Scamacca,Striker,Atalanta,245
Iñaki Williams,Striker,Athletic Club,345
Lee Kang-In,Striker,Atlético Madrid,311
A. Aylola Lookman,Striker,Atlético Madrid,401
Álex Baena,Striker,Atlético Madrid,325
Michael Gregoritsch,Striker,Augsburg,243
D. Namaso,Striker,Auxerre,342
Raphinha,Striker,Barcelona,452
H. Kane,Striker,Bayern München,231
V. Pavlidis,Striker,Benfica,499
R. Piccoli,Striker,Bologna,284
S. Guirassy,Striker,Borussia Dortmund,285
Tim Kleindienst,Striker,Borussia Mgladbach,230
Evanilson,Striker,Bournemouth,357
Igor Thiago,Striker,Brentford,391
L. Ajorque,Striker,Brest,399
C. Kostoulas,Striker,Brighton,296
P. Mendy,Striker,Cagliari,284
S. Bouhoudane,Striker,Cambuur,342
N. Binder,Striker,Cambuur,240
A. Jatta,Striker,Casa Pia AC,264
Henrique Araújo,Striker,Casa Pia AC,381
Pablo Durán,Striker,Celta de Vigo,223
Ferrán Jutglà,Striker,Celta de Vigo,350
João Pedro,Striker,Chelsea,394
A. Douvikas,Striker,Como,298
T. Awoniyi,Striker,Coventry City,248
J. Strand Larsen,Striker,Crystal Palace,235
M. Díaz,Striker,Deportivo Alavés,261
Toni Martínez,Striker,Deportivo Alavés,293
L. Boyé,Striker,Deportivo Alavés,339
B. Nsongo Tonfack,Striker,Deportivo La Coruña,299
P. Aubameyang,Striker,Deportivo La Coruña,482
Younes Ebnoutalib,Striker,Eintracht Frankfurt,206
Jonathan Burkardt,Striker,Eintracht Frankfurt,245
Fer Niño,Striker,Elche,412
David Mokwa,Striker,Elversberg,246
Roberto Fernández,Striker,Espanyol,467
Y. Begraoui,Striker,Estoril,480
L. Antonetti,Striker,Estrela Amadora,456
T. Barry,Striker,Everton,349
D. Garden,Striker,Excelsior,439
G. Koutsias,Striker,Famalicão,486
A. Ueda,Striker,Feyenoord,319
M. Pellegrino,Striker,Fiorentina,308
L. Zeefuik,Striker,Fortuna Sittard,497
A. Descotte,Striker,Fortuna Sittard,298
O. Romenij,Striker,Fortuna Sittard,264
I. Matanović,Striker,Freiburg,248
A. Raimondo,Striker,Frosinone,352
Gonzalo García,Striker,Fulham,366
L. Colombo,Striker,Genoa,319
M. Osmajić,Striker,Genoa,224
M. Satriano,Striker,Getafe,444
E. Ünal,Striker,Getafe,456
Héctor Hernández,Striker,Gil Vicente,341
S. Sigurdarson,Striker,Go Ahead Eagles,324
E. Flataker,Striker,Go Ahead Eagles,242
B. Willumsson,Striker,Groningen,440
D. Vente,Striker,Heerenveen,547
O. McBurnie,Striker,Hull City,374
P. Esposito,Striker,Internazionale,307
L. Martínez,Striker,Internazionale,253
Emersonn,Striker,Ipswich Town,253
R. Kolo Muani,Striker,Juventus,397
M. Samatta,Striker,Le Havre,366
J. Maja,Striker,Le Havre,201
Louis Mafouta,Striker,Le Mans,366
Dame Gueye,Striker,Le Mans,272
N. Štulić,Striker,Lecce,236
D. Calvert-Lewin,Striker,Leeds United,345
A. Sima,Striker,Lens,341
Iván Romero,Striker,Levante,342
O. Giroud,Striker,Lille,249
A. Isak,Striker,Liverpool,362
M. Koné,Striker,Lorient,232
Sheraldo Becker,Striker,Mainz 05,215
Phillip Tietz,Striker,Mainz 05,286
E. Haaland,Striker,Manchester City,387
Matheus Cunha,Striker,Manchester United,335
Adrián Butzke,Striker,Marítimo,519
Gonçalo Ramos,Striker,Milan,378
P. Brunner,Striker,Monaco,319
Gustavo Varela,Striker,Monza,257
A. Parsemain,Striker,Moreirense,470
Chupe,Striker,Málaga,488
K. Sierhuis,Striker,NEC,250
B. Linssen,Striker,NEC,318
Pablo Ruan,Striker,Nacional,503
Rasmus Højlund,Striker,Napoli,319
Y. Wissa,Striker,Newcastle United,374
E. Wahi,Striker,Nice,218
L. Delap,Striker,Nottingham Forest,201
Igor Jesus,Striker,Nottingham Forest,251
L. Openda,Striker,Olympique Lyonnais,276
E. Nuamah,Striker,Olympique Lyonnais,241
A. Gouiri,Striker,Olympique Marseille,381
A. Budimir,Striker,Osasuna,421
Raul García,Striker,Osasuna,301
K. Kostons,Striker,PEC Zwolle,548
S. Mijnans,Striker,PSV,225
R. Pepi,Striker,PSV,440
Marvin Pieringer,Striker,Paderborn,272
L. Sinayoko,Striker,Paris,364
E. Touré,Striker,Parma,338
André Silva,Striker,Porto,434
Y. Zabiri,Striker,Racing Santander,309
Sergio Camello,Striker,Rayo Vallecano,361
C. Hernández,Striker,Real Betis,362
K. Mbappé,Striker,Real Madrid,493
Mikel Oyarzabal,Striker,Real Sociedad,438
O. Óskarsson,Striker,Real Sociedad,306
E. Lepaul,Striker,Rennes,376
Tamble Monteiro,Striker,Rio Ave,399
P. Dybala,Striker,Roma,330
D. Malen,Striker,Roma,262
Gonçalo Paciência,Striker,Santa Clara,467
Fernando,Striker,Santa Clara,252
K. Bowie,Striker,Sassuolo,291
R. Ure,Striker,Sevilla,352
M. Zonneveld,Striker,Sparta Rotterdam,341
Pau Víctor,Striker,Sporting Braga,279
Fran Navarro,Striker,Sporting Braga,222
L. Suárez,Striker,Sporting CP,392
F. Ioannidis,Striker,Sporting CP,231
Jacobo Ortega,Striker,Strasbourg,265
D. Pejčinović,Striker,Stuttgart,261
B. Brobbey,Striker,Sunderland,339
J. Seedorf,Striker,Telstar,331
N. Thórisson,Striker,Telstar,376
Nikola Vlašić,Striker,Torino,388
Ché Adams,Striker,Torino,210
Giovanni Simeone,Striker,Torino,266
Omar Marmoush,Striker,Tottenham Hotspur,260
J. Russell-Rowe,Striker,Toulouse,272
R. Ripart,Striker,Troyes,266
W. Weghorst,Striker,Twente,538
K. Davis,Striker,Udinese,232
E. Latte Lath,Striker,Union Berlin,210
M. Ljubičić,Striker,Union Berlin,243
A. Stepanov,Striker,Utrecht,421
A. Danjuma,Striker,Valencia,386
J. Yeboah,Striker,Venezia,314
A. Adams,Striker,Venezia,366
Ayoze Pérez,Striker,Villarreal,242
Gerard Moreno,Striker,Villarreal,293
G. Mikautadze,Striker,Villarreal,400
Alioune Ndoye,Striker,Vitória Guimarães,440
N. Füllkrug,Striker,Werder Bremen,223
D. Haen,Striker,Willem II,476
