1,Arsenal,Premier League,26/27,0.74,0.746,0.744,0.267,0.954,0.424,0.511
2,Aston Villa,Premier League,26/27,0.046,0.092,0.507,0.267,0.412,0.351,0.076
3,Bournemouth,Premier League,26/27,0.435,0.466,0.261,0.534,0.443,0.408,0.45
4,Brentford,Premier League,26/27,0.565,0.789,0.357,0.534,0.813,0.584,0.977
5,Brighton,Premier League,26/27,0.924,0.822,0.895,0.534,0.588,0.603,1.0
6,Chelsea,Premier League,26/27,0.924,0.73,0.174,0.809,0.118,0.542,0.107
7,Coventry City,Premier League,26/27,0.046,0.094,0.304,0.809,0.542,0.145,0.176
8,Crystal Palace,Premier League,26/27,0.435,0.29,0.391,0.534,0.122,0.553,0.092
9,Everton,Premier League,26/27,0.565,0.601,0.362,0.534,0.649,0.611,0.466
10,Fulham,Premier League,26/27,0.435,0.735,0.899,0.115,0.309,0.122,0.779
11,Hull City,Premier League,26/27,0.282,0.127,0.008,0.115,0.844,0.485,0.031
12,Ipswich Town,Premier League,26/27,0.435,0.338,0.24,0.534,0.088,0.344,0.206
13,Leeds United,Premier League,26/27,0.282,0.303,0.073,0.809,0.71,0.427,0.626
14,Liverpool,Premier League,26/27,0.74,0.73,0.827,0.115,0.588,0.347,0.985
15,Manchester City,Premier League,26/27,0.824,0.83,0.953,0.534,0.79,0.752,0.863
16,Manchester United,Premier League,26/27,0.824,0.865,0.875,0.534,0.309,0.584,0.595
17,Newcastle United,Premier League,26/27,0.74,0.224,0.247,0.809,0.382,0.366,0.901
18,Nottingham Forest,Premier League,26/27,0.183,0.242,0.11,0.809,0.744,0.565,0.382
19,Sunderland,Premier League,26/27,0.282,0.387,0.54,0.267,0.84,0.771,0.832
20,Tottenham Hotspur,Premier League,26/27,0.046,0.313,0.637,0.267,0.492,0.088,0.878
21,Angers SCO,Ligue 1,26/27,0.435,0.575,0.371,0.534,0.229,0.611,0.267
22,Auxerre,Ligue 1,26/27,0.435,0.504,0.44,0.908,0.015,0.378,0.374
23,Brest,Ligue 1,26/27,0.74,0.901,0.406,0.267,0.542,0.714,0.824
24,Le Havre,Ligue 1,26/27,0.183,0.489,0.417,0.809,0.324,0.595,0.931
25,Le Mans,Ligue 1,26/27,0.565,0.338,0.148,0.267,0.26,0.233,0.481
26,Lens,Ligue 1,26/27,0.74,0.842,0.693,0.534,0.443,0.534,0.634
27,Lille,Ligue 1,26/27,0.565,0.478,0.307,0.267,0.637,0.408,0.168
28,Lorient,Ligue 1,26/27,0.183,0.402,0.624,0.267,0.79,0.58,0.16
29,Monaco,Ligue 1,26/27,0.565,0.412,0.263,0.534,0.695,0.805,0.198
30,Nice,Ligue 1,26/27,0.107,0.252,0.866,0.267,0.66,0.805,0.588
31,Olympique Lyonnais,Ligue 1,26/27,0.74,0.784,0.713,0.534,0.79,0.153,0.649
32,Olympique Marseille,Ligue 1,26/27,0.74,0.639,0.925,0.809,0.443,0.599,0.695
33,Paris,Ligue 1,26/27,0.74,0.519,0.635,0.809,0.718,0.42,0.084
34,PSG,Ligue 1,26/27,0.565,0.771,0.983,0.534,0.569,0.534,0.87
35,Rennes,Ligue 1,26/27,0.824,0.766,0.511,0.908,0.492,0.653,0.137
36,Strasbourg,Ligue 1,26/27,0.924,0.707,0.569,0.809,0.126,0.137,0.153
37,Toulouse,Ligue 1,26/27,0.183,0.613,0.58,0.534,0.374,0.676,0.794
38,Troyes,Ligue 1,26/27,0.435,0.565,0.331,0.534,0.183,0.905,0.038
39,Augsburg,Bundesliga,26/27,0.985,0.883,0.235,0.115,0.546,0.664,0.29
40,Bayer Leverkusen,Bundesliga,26/27,0.947,0.924,0.911,0.115,0.615,0.324,0.885
41,Bayern München,Bundesliga,26/27,0.885,0.903,0.977,0.115,0.901,0.897,0.954
42,Borussia Dortmund,Bundesliga,26/27,0.885,0.71,0.466,0.351,0.618,0.95,0.664
43,Borussia Mgladbach,Bundesliga,26/27,0.489,0.674,0.573,0.809,0.011,0.622,0.893
44,Eintracht Frankfurt,Bundesliga,26/27,0.74,0.695,0.589,0.809,0.015,0.653,0.763
45,Elversberg,Bundesliga,26/27,0.985,0.756,0.159,0.939,0.37,0.298,0.534
46,Freiburg,Bundesliga,26/27,0.885,0.659,0.502,0.115,0.901,0.355,0.214
47,Hamburger SV,Bundesliga,26/27,0.046,0.053,0.34,0.115,0.038,0.122,0.611
48,Hoffenheim,Bundesliga,26/27,0.74,0.669,0.713,0.809,0.187,0.317,0.908
49,Köln,Bundesliga,26/27,0.74,0.59,0.272,0.985,0.13,0.248,0.13
50,Mainz 05,Bundesliga,26/27,0.885,0.817,0.518,0.351,0.989,0.695,0.672
51,Paderborn,Bundesliga,26/27,0.046,0.145,0.609,0.351,0.603,0.515,0.344
52,RB Leipzig,Bundesliga,26/27,0.74,0.959,0.815,0.115,0.405,0.55,0.809
53,Schalke 04,Bundesliga,26/27,0.046,0.155,0.026,1.0,0.256,0.561,0.015
54,Stuttgart,Bundesliga,26/27,0.885,0.743,0.481,0.115,0.073,0.782,0.656
55,Union Berlin,Bundesliga,26/27,0.489,0.42,0.231,0.351,0.088,0.473,0.527
56,Werder Bremen,Bundesliga,26/27,0.74,0.196,0.185,0.809,0.34,0.767,0.237
57,Atalanta,Serie A,26/27,0.435,0.219,0.475,0.908,0.385,0.332,0.023
58,Bologna,Serie A,26/27,0.183,0.672,0.876,0.534,0.588,0.237,0.771
59,Cagliari,Serie A,26/27,0.13,0.13,0.507,0.115,0.752,0.37,0.069
60,Como,Serie A,26/27,0.824,0.781,0.814,0.534,0.821,0.592,0.405
61,Fiorentina,Serie A,26/27,0.107,0.626,0.446,0.908,0.13,0.279,0.397
62,Frosinone,Serie A,26/27,0.74,0.509,0.066,0.267,0.641,0.63,0.947
63,Genoa,Serie A,26/27,0.107,0.178,0.54,0.809,0.309,0.088,0.115
64,Internazionale,Serie A,26/27,0.924,0.919,0.939,0.115,0.649,0.821,0.435
65,Juventus,Serie A,26/27,0.435,0.753,0.708,0.809,0.954,0.363,0.992
66,Lazio,Serie A,26/27,0.282,0.27,0.38,0.809,0.889,0.355,0.702
67,Lecce,Serie A,26/27,0.282,0.221,0.049,1.0,0.164,0.214,0.053
68,Milan,Serie A,26/27,0.565,0.501,0.759,0.534,0.813,0.561,0.504
69,Monza,Serie A,26/27,0.435,0.539,0.331,0.534,0.309,0.401,0.328
70,Napoli,Serie A,26/27,0.565,0.573,0.522,0.267,0.374,0.767,0.061
71,Parma,Serie A,26/27,0.107,0.168,0.325,0.115,0.42,0.324,0.42
72,Roma,Serie A,26/27,0.962,0.987,0.922,0.809,0.847,0.901,0.84
73,Sassuolo,Serie A,26/27,0.565,0.763,0.614,0.267,0.374,0.656,0.008
74,Torino,Serie A,26/27,0.435,0.201,0.658,0.908,0.324,0.115,0.244
75,Udinese,Serie A,26/27,0.74,0.448,0.424,0.351,0.347,0.618,0.58
76,Venezia,Serie A,26/27,0.183,0.491,0.554,0.534,0.168,0.744,0.786
77,ADO Den Haag,Eredivisie,26/27,0.321,0.16,0.376,0.122,0.061,0.29,0.443
78,Ajax,Eredivisie,26/27,0.794,0.863,0.792,0.939,0.515,0.447,0.305
79,AZ,Eredivisie,26/27,0.954,0.906,0.739,0.809,0.782,0.622,0.71
80,Cambuur,Eredivisie,26/27,0.321,0.377,0.531,0.924,0.038,0.511,0.427
81,Excelsior,Eredivisie,26/27,0.885,0.557,0.382,0.115,0.76,0.279,0.321
82,Feyenoord,Eredivisie,26/27,0.893,0.901,0.727,0.809,0.679,0.687,0.565
83,Fortuna Sittard,Eredivisie,26/27,0.763,0.31,0.031,0.832,0.256,0.111,0.282
84,Go Ahead Eagles,Eredivisie,26/27,0.931,0.626,0.612,0.863,0.382,0.122,0.351
85,Groningen,Eredivisie,26/27,0.763,0.684,0.534,0.954,0.153,0.66,0.099
86,Heerenveen,Eredivisie,26/27,0.443,0.608,0.641,0.809,0.263,0.592,0.229
87,NEC,Eredivisie,26/27,0.794,0.786,0.727,0.595,0.573,0.687,0.939
88,PEC Zwolle,Eredivisie,26/27,0.321,0.461,0.076,0.954,0.187,0.344,0.366
89,PSV,Eredivisie,26/27,0.992,0.939,0.896,0.832,0.683,0.973,0.802
90,Sparta Rotterdam,Eredivisie,26/27,0.618,0.601,0.481,0.282,0.458,0.553,0.412
91,Telstar,Eredivisie,26/27,0.351,0.359,0.195,0.168,0.153,0.405,0.458
92,Twente,Eredivisie,26/27,0.794,0.906,0.838,0.351,0.676,0.599,0.519
93,Utrecht,Eredivisie,26/27,0.489,0.295,0.085,0.115,0.011,0.237,0.55
94,Willem II,Eredivisie,26/27,0.282,0.282,0.118,0.168,0.038,0.282,0.252
95,Académico de Viseu F.C.,Liga Portugal,26/27,0.282,0.135,0.385,0.595,0.366,0.302,0.389
96,Alverca,Liga Portugal,26/27,0.282,0.165,0.15,0.611,0.252,0.424,0.359
97,Arouca,Liga Portugal,26/27,0.603,0.232,0.432,0.595,0.668,0.687,0.191
98,Benfica,Liga Portugal,26/27,0.985,0.972,0.885,0.977,0.885,0.595,0.969
99,Casa Pia AC,Liga Portugal,26/27,0.046,0.066,0.278,0.282,0.214,0.87,0.557
100,Estoril,Liga Portugal,26/27,0.13,0.308,0.266,0.809,0.527,0.424,0.336
101,Estrela Amadora,Liga Portugal,26/27,0.794,0.483,0.339,0.809,0.279,0.321,0.542
102,Famalicão,Liga Portugal,26/27,0.198,0.201,0.707,0.382,0.737,0.462,0.847
103,Gil Vicente,Liga Portugal,26/27,0.282,0.176,0.67,0.267,0.966,0.473,0.473
104,Marítimo,Liga Portugal,26/27,0.321,0.232,0.2,0.382,0.389,0.302,0.718
105,Moreirense,Liga Portugal,26/27,0.282,0.081,0.056,0.168,0.328,0.405,0.26
106,Nacional,Liga Portugal,26/27,0.321,0.117,0.313,0.924,0.389,0.687,0.496
107,Porto,Liga Portugal,26/27,0.763,0.819,0.658,0.832,0.95,0.561,0.748
108,Rio Ave,Liga Portugal,26/27,0.115,0.023,0.266,0.382,0.206,0.641,0.122
109,Santa Clara,Liga Portugal,26/27,0.618,0.463,0.311,0.611,0.893,0.676,0.679
110,Sporting Braga,Liga Portugal,26/27,0.565,0.58,0.834,0.809,0.744,0.737,0.962
111,Sporting CP,Liga Portugal,26/27,0.939,0.697,0.827,0.382,0.809,0.687,0.74
112,Vitória Guimarães,Liga Portugal,26/27,0.137,0.542,0.592,0.809,0.809,0.355,0.924
113,Athletic Club,La Liga,26/27,0.489,0.511,0.424,0.168,0.515,0.702,0.313
114,Atlético Madrid,La Liga,26/27,0.603,0.59,0.789,0.351,0.553,0.508,0.618
115,Barcelona,La Liga,26/27,1.0,0.962,0.928,0.863,0.901,0.718,0.817
116,Celta de Vigo,La Liga,26/27,0.069,0.033,0.692,0.168,0.618,0.084,0.046
117,Deportivo Alavés,La Liga,26/27,0.885,0.489,0.214,0.595,0.698,0.603,0.725
118,Deportivo La Coruña,La Liga,26/27,0.74,0.148,0.388,0.595,0.553,0.565,0.298
119,Elche,La Liga,26/27,0.282,0.458,0.757,0.908,0.218,0.569,0.855
120,Espanyol,La Liga,26/27,0.489,0.275,0.429,0.351,0.515,0.21,0.687
121,Getafe,La Liga,26/27,0.107,0.064,0.292,0.115,0.538,0.634,0.573
122,Levante,La Liga,26/27,0.351,0.364,0.334,0.809,0.466,0.225,0.221
123,Málaga,La Liga,26/27,0.069,0.142,0.736,0.809,0.382,0.092,0.145
124,Osasuna,La Liga,26/27,0.351,0.384,0.366,0.595,0.691,0.496,0.183
125,Racing Santander,La Liga,26/27,0.603,0.471,0.29,0.863,0.198,0.573,0.733
126,Rayo Vallecano,La Liga,26/27,0.603,0.438,0.168,0.863,0.221,0.408,0.641
127,Real Betis,La Liga,26/27,0.351,0.496,0.682,0.168,0.466,0.927,0.275
128,Real Madrid,La Liga,26/27,0.885,0.959,0.875,0.977,0.794,0.744,0.489
129,Real Sociedad,La Liga,26/27,0.191,0.458,0.67,0.977,0.382,0.416,0.603
130,Sevilla,La Liga,26/27,0.603,0.321,0.195,0.595,0.492,0.252,0.756
131,Valencia,La Liga,26/27,0.069,0.193,0.389,0.351,0.263,0.611,0.0
132,Villarreal,La Liga,26/27,0.489,0.802,0.867,0.595,0.523,0.779,0.916
133,Arsenal,Premier League,25/26,0.847,0.842,0.8,0.725,0.989,0.756,0.8471
134,Aston Villa,Premier League,25/26,0.641,0.654,0.624,0.557,0.626,0.332,0.458
135,Bournemouth,Premier League,25/26,0.672,0.738,0.455,0.794,0.504,0.324,0.786
136,Brentford,Premier League,25/26,0.634,0.562,0.374,0.725,0.496,0.573,0.695
137,Brighton,Premier League,25/26,0.534,0.682,0.693,0.374,0.729,0.576,0.908
138,Burnley,Premier League,25/26,0.145,0.079,0.208,0.214,0.042,0.256,0.13
139,Chelsea,Premier League,25/26,0.672,0.697,0.844,0.878,0.603,0.534,0.588
140,Crystal Palace,Premier League,25/26,0.229,0.455,0.281,0.511,0.615,0.668,0.176
141,Everton,Premier League,25/26,0.427,0.392,0.308,0.725,0.599,0.87,0.389
142,Fulham,Premier League,25/26,0.427,0.504,0.623,0.214,0.683,0.63,0.382
143,Leeds United,Premier League,25/26,0.481,0.524,0.366,0.374,0.511,0.573,0.496
144,Liverpool,Premier League,25/26,0.756,0.748,0.879,0.924,0.611,0.637,0.733
145,Manchester City,Premier League,25/26,0.916,0.903,0.944,0.466,0.905,0.775,0.763
146,Manchester United,Premier League,25/26,0.832,0.852,0.669,1,0.737,0.55,0.58
147,Newcastle United,Premier League,25/26,0.58,0.634,0.635,0.557,0.443,0.828,0.756
148,Nottingham Forest,Premier League,25/26,0.443,0.486,0.482,0.672,0.576,0.492,0.328
149,Sunderland,Premier League,25/26,0.267,0.196,0.26,0.176,0.58,0.202,0.504
150,Tottenham Hotspur,Premier League,25/26,0.443,0.42,0.505,0.16,0.557,0.523,0.794
151,West Ham United,Premier League,25/26,0.382,0.377,0.148,0.924,0.164,0.458,0.206
152,Wolverhampton,Premier League,25/26,0.023,0.137,0.191,0.305,0.179,0.454,0.252
153,Angers SCO,Ligue 1,25/26,0.084,0.074,0.319,0.664,0.286,0.473,0
154,Auxerre,Ligue 1,25/26,0.145,0.158,0.253,0.817,0.55,0.496,0.221
155,Brest,Ligue 1,25/26,0.458,0.198,0.232,0.092,0.29,0.489,0.405
156,Le Havre,Ligue 1,25/26,0.122,0.17,0.272,0.191,0.653,0.786,0.71
157,Lens,Ligue 1,25/26,0.893,0.891,0.718,0.618,0.885,0.836,0.595
158,Lille,Ligue 1,25/26,0.679,0.751,0.829,0.496,0.893,0.439,0.634
159,Lorient,Ligue 1,25/26,0.595,0.361,0.502,0.779,0.561,0.603,0.023
160,Metz,Ligue 1,25/26,0.122,0.107,0.569,0.664,0.05,0.378,0.031
161,Monaco,Ligue 1,25/26,0.809,0.718,0.728,0.779,0.305,0.588,0.916
162,Nantes,Ligue 1,25/26,0.092,0.188,0.105,0.901,0.286,0.469,0.107
163,Nice,Ligue 1,25/26,0.26,0.359,0.463,0.496,0.141,0.29,0.237
164,Olympique Lyonnais,Ligue 1,25/26,0.71,0.659,0.719,0.443,0.76,0.122,0.603
165,Olympique Marseille,Ligue 1,25/26,0.84,0.794,0.887,0.779,0.683,0.5,0.649
166,Paris,Ligue 1,25/26,0.557,0.466,0.606,0.351,0.595,0.408,0.092
167,PSG,Ligue 1,25/26,0.954,0.967,0.998,0.702,0.931,0.786,0.977
168,Rennes,Ligue 1,25/26,0.802,0.725,0.701,0.84,0.485,0.542,0.626
169,Strasbourg,Ligue 1,25/26,0.771,0.603,0.8,0.092,0.45,0.412,0.366
170,Toulouse,Ligue 1,25/26,0.603,0.509,0.344,0.473,0.626,0.645,0.26
171,Augsburg,Bundesliga,25/26,0.519,0.583,0.243,0.939,0.164,0.233,0.076
172,Bayer Leverkusen,Bundesliga,25/26,0.901,0.835,0.93,0.817,0.389,0.676,0.466
173,Bayern München,Bundesliga,25/26,1,1,0.992,0.939,0.885,0.733,0.878
174,Borussia Dortmund,Bundesliga,25/26,0.931,0.794,0.762,0.397,0.878,0.485,0.641
175,Borussia Mgladbach,Bundesliga,25/26,0.397,0.379,0.441,0.947,0.198,0.531,0.115
176,Eintracht Frankfurt,Bundesliga,25/26,0.817,0.644,0.768,0.237,0.156,0.565,0.511
177,Freiburg,Bundesliga,25/26,0.649,0.56,0.522,0.321,0.237,0.569,0.244
178,Hamburger SV,Bundesliga,25/26,0.336,0.483,0.281,0.977,0.221,0.523,0.122
179,Heidenheim,Bundesliga,25/26,0.351,0.31,0.125,0.496,0.053,0.618,0.038
180,Hoffenheim,Bundesliga,25/26,0.87,0.809,0.69,0.847,0.397,0.737,0.931
181,Köln,Bundesliga,25/26,0.626,0.664,0.498,0.893,0.21,0.752,0.069
182,Mainz 05,Bundesliga,25/26,0.504,0.662,0.249,0.702,0.26,0.618,0.214
183,RB Leipzig,Bundesliga,25/26,0.893,0.908,0.812,0.397,0.656,0.786,0.351
184,St. Pauli,Bundesliga,25/26,0.084,0.112,0.35,0.107,0.111,0.58,0.008
185,Stuttgart,Bundesliga,25/26,0.939,0.88,0.834,0.321,0.385,0.863,0.748
186,Union Berlin,Bundesliga,25/26,0.504,0.369,0.133,0.702,0.344,0.779,0.061
187,Werder Bremen,Bundesliga,25/26,0.26,0.435,0.663,0.954,0.137,0.844,0.168
188,Wolfsburg,Bundesliga,25/26,0.519,0.453,0.299,0.702,0.031,0.202,0.443
189,Atalanta,Serie A,25/26,0.527,0.776,0.803,0.427,0.809,0.637,0.473
190,Bologna,Serie A,25/26,0.481,0.369,0.656,0.023,0.786,0.752,0.771
191,Cagliari,Serie A,25/26,0.191,0.142,0.275,0.634,0.405,0.225,0.084
192,Como,Serie A,25/26,0.779,0.761,0.881,0.466,0.954,0.668,0.947
193,Cremonese,Serie A,25/26,0.069,0.064,0.217,0.595,0.256,0.229,0.191
194,Fiorentina,Serie A,25/26,0.229,0.359,0.574,0.756,0.466,0.08,0.481
195,Genoa,Serie A,25/26,0.229,0.244,0.362,0.046,0.599,0.504,0.817
196,Hellas Verona,Serie A,25/26,0,0.158,0.073,0.924,0.42,0.443,0.565
197,Internazionale,Serie A,25/26,0.969,0.929,0.924,0.824,0.943,0.74,0.832
198,Juventus,Serie A,25/26,0.733,0.926,0.901,0.756,0.962,0.668,0.809
199,Lazio,Serie A,25/26,0.229,0.316,0.644,0.267,0.763,0.351,0.053
200,Lecce,Serie A,25/26,0.038,0.046,0.136,0.305,0.573,0.542,0.412
201,Milan,Serie A,25/26,0.58,0.664,0.742,0.863,0.851,0.573,0.145
202,Napoli,Serie A,25/26,0.672,0.669,0.887,0.328,0.927,0.454,0.397
203,Parma,Serie A,25/26,0.038,0.046,0.211,0.069,0.66,0.615,0.229
204,Pisa,Serie A,25/26,0.015,0.107,0.05,0.427,0.172,0.473,0.313
205,Roma,Serie A,25/26,0.702,0.791,0.75,0.305,0.916,0.492,0.893
206,Sassuolo,Serie A,25/26,0.382,0.328,0.415,0.756,0.431,0.042,0.16
207,Torino,Serie A,25/26,0.321,0.288,0.298,0.427,0.302,0.374,0.305
208,Udinese,Serie A,25/26,0.344,0.316,0.322,0.855,0.763,0.725,0.519
209,Ajax,Eredivisie,25/26,0.824,0.814,0.824,0.87,0.664,0.729,0.557
210,AZ,Eredivisie,25/26,0.771,0.865,0.667,0.275,0.385,0.26,0.664
211,Excelsior,Eredivisie,25/26,0.458,0.455,0.429,0.977,0.134,0.389,0.45
212,Feyenoord,Eredivisie,25/26,0.931,0.919,0.663,0.664,0.74,0.828,0.687
213,Fortuna Sittard,Eredivisie,25/26,0.626,0.501,0.179,0.84,0.053,0.485,0.702
214,Go Ahead Eagles,Eredivisie,25/26,0.725,0.595,0.467,0.061,0.187,0.008,0.542
215,Groningen,Eredivisie,25/26,0.588,0.728,0.522,0.359,0.561,0.324,0.725
216,Heerenveen,Eredivisie,25/26,0.802,0.86,0.574,0.817,0.187,0.309,0.55
217,Heracles,Eredivisie,25/26,0.183,0.226,0.156,0.008,0,0.523,0.573
218,NAC Breda,Eredivisie,25/26,0.145,0.468,0.359,0.099,0.145,0.622,0.672
219,NEC,Eredivisie,25/26,0.962,0.919,0.637,0.153,0.26,0.515,0.992
220,PEC Zwolle,Eredivisie,25/26,0.504,0.181,0.153,0.351,0.015,0.191,0.282
221,PSV,Eredivisie,25/26,0.992,0.982,0.927,0.893,0.668,0.962,0.924
222,Sparta Rotterdam,Eredivisie,25/26,0.336,0.534,0.339,0.733,0.073,0.718,0.359
223,Telstar,Eredivisie,25/26,0.626,0.646,0.202,0.664,0.111,0.26,0.374
224,Twente,Eredivisie,25/26,0.802,0.954,0.695,0.618,0.832,0.332,0.855
225,Utrecht,Eredivisie,25/26,0.748,0.738,0.373,0.573,0.531,0.943,0.344
226,Volendam,Eredivisie,25/26,0.183,0.216,0.171,0.153,0.118,0.351,0.137
227,Alverca,Liga Portugal,25/26,0.183,0.132,0.183,0.191,0.397,0.45,0.099
228,Arouca,Liga Portugal,25/26,0.557,0.109,0.482,0.237,0.195,0.107,0.527
229,AVS ,Liga Portugal,25/26,0.053,0.048,0.014,0.397,0.092,0.305,0.275
230,Benfica,Liga Portugal,25/26,0.954,0.947,0.809,0.038,0.969,0.916,0.969
231,Casa Pia AC,Liga Portugal,25/26,0.099,0.038,0.023,0.618,0.263,0.55,0.718
232,Estoril,Liga Portugal,25/26,0.725,0.364,0.556,0.137,0.328,0.359,0.87
233,Estrela Amadora,Liga Portugal,25/26,0.275,0.125,0.154,0.137,0.336,0.637,0.489
234,Famalicão,Liga Portugal,25/26,0.397,0.55,0.44,0.115,0.889,0.462,0.84
235,Gil Vicente,Liga Portugal,25/26,0.557,0.412,0.371,0.038,0.828,0.145,0.679
236,Moreirense,Liga Portugal,25/26,0.26,0.046,0.47,0.092,0.435,0.107,0.198
237,Nacional,Liga Portugal,25/26,0.26,0.333,0.166,0.565,0.553,0.263,0.885
238,Porto,Liga Portugal,25/26,0.893,0.837,0.76,0.137,1,0.683,1
239,Rio Ave,Liga Portugal,25/26,0.183,0.196,0.278,0.168,0.195,0.424,0.29
240,Santa Clara,Liga Portugal,25/26,0.122,0.094,0.261,0.443,0.821,0.24,0.656
241,Sporting Braga,Liga Portugal,25/26,0.855,0.718,0.934,0.061,0.863,0.565,0.939
242,Sporting CP,Liga Portugal,25/26,0.985,0.959,0.927,0.351,0.969,0.779,0.954
243,Tondela,Liga Portugal,25/26,0.053,0.153,0.118,0.519,0.202,0.126,0.427
244,Vitória Guimarães,Liga Portugal,25/26,0.298,0.394,0.516,0.237,0.355,0.332,0.824
245,Athletic Club,La Liga,25/26,0.29,0.651,0.481,0.023,0.531,0.435,0.779
246,Atlético Madrid,La Liga,25/26,0.74,0.74,0.8,0.557,0.802,0.744,0.534
247,Barcelona,La Liga,25/26,0.977,0.972,0.969,0.794,0.866,0.92,0.985
248,Celta de Vigo,La Liga,25/26,0.58,0.361,0.647,0.466,0.634,0.015,0.153
249,Deportivo Alavés,La Liga,25/26,0.321,0.338,0.408,0.427,0.55,0.26,0.611
250,Elche,La Liga,25/26,0.481,0.318,0.769,0.252,0.389,0.462,0.901
251,Espanyol,La Liga,25/26,0.29,0.425,0.157,0.557,0.336,0.088,0.42
252,Getafe,La Liga,25/26,0.069,0.008,0.078,0,0.76,0.366,0.74
253,Girona,La Liga,25/26,0.153,0.461,0.675,0.267,0.393,0.092,0.183
254,Levante,La Liga,25/26,0.427,0.377,0.121,0.634,0.187,0.275,0.267
255,Mallorca,La Liga,25/26,0.427,0.354,0.382,0.305,0.321,0.447,0.435
256,Osasuna,La Liga,25/26,0.321,0.392,0.371,0.214,0.538,0.546,0.298
257,Rayo Vallecano,La Liga,25/26,0.229,0.55,0.547,0.595,0.752,0.202,0.962
258,Real Betis,La Liga,25/26,0.702,0.634,0.626,0.992,0.553,0.573,0.015
259,Real Madrid,La Liga,25/26,0.916,0.936,0.939,0.985,0.916,0.92,0.618
260,Real Oviedo,La Liga,25/26,0.015,0.092,0.344,0.252,0.206,0.63,0.336
261,Real Sociedad,La Liga,25/26,0.702,0.489,0.598,0.595,0.366,0.603,0.863
262,Sevilla,La Liga,25/26,0.382,0.262,0.458,0.511,0.447,0.649,0.802
263,Valencia,La Liga,25/26,0.382,0.316,0.412,0.557,0.534,0.294,0.321
264,Villarreal,La Liga,25/26,0.863,0.626,0.398,0.962,0.714,0.328,0.046
265,Arsenal,Premier League,24/25,0.809,0.852,0.882,0.55,0.924,0.508,0.847
266,Aston Villa,Premier League,24/25,0.634,0.649,0.589,0.595,0.576,0.279,0.427
267,Bournemouth,Premier League,24/25,0.634,0.822,0.435,0.656,0.538,0.282,0.916
268,Brentford,Premier League,24/25,0.779,0.679,0.394,0.878,0.198,0.645,0.527
269,Brighton,Premier League,24/25,0.779,0.814,0.719,0.176,0.489,0.641,0.84
270,Chelsea,Premier League,24/25,0.763,0.911,0.831,0.954,0.71,0.351,0.603
271,Crystal Palace,Premier League,24/25,0.496,0.626,0.177,0.802,0.58,0.401,0.252
272,Everton,Premier League,24/25,0.321,0.328,0.206,0.435,0.645,0.668,0.122
273,Fulham,Premier League,24/25,0.534,0.667,0.719,0.931,0.519,0.389,0.313
274,Ipswich Town,Premier League,24/25,0.153,0.153,0.165,0.046,0.046,0.462,0.115
275,Leicester City,Premier League,24/25,0.099,0.115,0.371,0.046,0.065,0.16,0.198
276,Liverpool,Premier League,24/25,0.962,0.952,0.878,0.878,0.821,0.389,0.885
277,Manchester City,Premier League,24/25,0.855,0.913,0.962,0.168,0.813,0.515,0.443
278,Manchester United,Premier League,24/25,0.389,0.654,0.731,0.687,0.595,0.702,0.656
279,Newcastle United,Premier League,24/25,0.794,0.761,0.592,0.908,0.542,0.336,0.817
280,Nottingham Forest,Premier League,24/25,0.634,0.545,0.162,0.977,0.565,0.321,0.16
281,Southampton,Premier League,24/25,0.023,0.16,0.559,0.099,0.015,0.336,0.13
282,Tottenham Hotspur,Premier League,24/25,0.763,0.738,0.675,0.863,0.168,0.172,0.71
283,West Ham United,Premier League,24/25,0.412,0.448,0.537,0.344,0.214,0.401,0.519
284,Wolverhampton,Premier League,24/25,0.534,0.425,0.499,0.733,0.244,0.42,0.618
285,Angers SCO,Ligue 1,24/25,0.145,0.104,0.235,0.618,0.16,0.069,0.008
286,Auxerre,Ligue 1,24/25,0.511,0.384,0.218,0.55,0.24,0.565,0.038
287,Brest,Ligue 1,24/25,0.649,0.565,0.508,0.702,0.328,0.771,0.458
288,Le Havre,Ligue 1,24/25,0.405,0.285,0.266,0.618,0.084,0.805,0.084
289,Lens,Ligue 1,24/25,0.443,0.695,0.748,0.405,0.683,0.569,0.908
290,Lille,Ligue 1,24/25,0.649,0.774,0.887,0.489,0.809,0.737,0.901
291,Monaco,Ligue 1,24/25,0.824,0.906,0.734,0.855,0.74,0.504,0.947
292,Montpellier,Ligue 1,24/25,0.008,0.176,0.354,0.702,0.019,0.263,0.191
293,Nantes,Ligue 1,24/25,0.359,0.369,0.261,0.962,0.347,0.366,0.015
294,Nice,Ligue 1,24/25,0.878,0.86,0.545,0.84,0.527,0.821,0.473
295,Olympique Lyonnais,Ligue 1,24/25,0.863,0.88,0.852,0.672,0.374,0.084,0.786
296,Olympique Marseille,Ligue 1,24/25,0.947,0.845,0.937,0.786,0.58,0.748,0.573
297,PSG,Ligue 1,24/25,0.985,0.992,0.994,0.748,0.878,0.939,0.977
298,Reims,Ligue 1,24/25,0.168,0.318,0.365,0.901,0.309,0.206,0.107
299,Rennes,Ligue 1,24/25,0.595,0.692,0.687,0.565,0.489,0.763,0.679
300,Saint-Étienne,Ligue 1,24/25,0.359,0.349,0.508,0.832,0.015,0.29,0.275
301,Strasbourg,Ligue 1,24/25,0.74,0.455,0.612,0.489,0.389,0.863,0.305
302,Toulouse,Ligue 1,24/25,0.481,0.667,0.388,0.809,0.76,0.382,0.145
303,Augsburg,Bundesliga,24/25,0.237,0.349,0.348,0.092,0.336,0.55,0.153
304,Bayer Leverkusen,Bundesliga,24/25,0.939,0.865,0.928,0.748,0.679,0.752,0.405
305,Bayern München,Bundesliga,24/25,0.992,0.977,0.992,0.153,0.95,0.981,0.87
306,Bochum,Bundesliga,24/25,0.145,0.425,0.203,0.763,0.21,0.573,0.687
307,Borussia Dortmund,Bundesliga,24/25,0.924,0.837,0.889,0.992,0.435,0.702,0.756
308,Borussia Mgladbach,Bundesliga,24/25,0.687,0.662,0.516,0.924,0.107,0.573,0.053
309,Eintracht Frankfurt,Bundesliga,24/25,0.893,0.83,0.614,0.893,0.374,0.706,0.168
310,Freiburg,Bundesliga,24/25,0.557,0.539,0.565,0.198,0.351,0.649,0.298
311,Heidenheim,Bundesliga,24/25,0.29,0.377,0.212,0.298,0.13,0.595,0.031
312,Hoffenheim,Bundesliga,24/25,0.504,0.578,0.498,0.282,0.099,0.641,0.435
313,Holstein Kiel,Bundesliga,24/25,0.557,0.346,0.127,0.565,0.011,0.454,0.229
314,Mainz 05,Bundesliga,24/25,0.725,0.593,0.492,0.664,0.527,0.584,0.878
315,RB Leipzig,Bundesliga,24/25,0.679,0.585,0.673,0.893,0.389,0.393,0.672
316,St. Pauli,Bundesliga,24/25,0.076,0.26,0.333,0.092,0.618,0.508,0.069
317,Stuttgart,Bundesliga,24/25,0.847,0.883,0.855,0.366,0.454,0.679,0.832
318,Union Berlin,Bundesliga,24/25,0.275,0.361,0.142,0.641,0.5,0.561,0.092
319,Werder Bremen,Bundesliga,24/25,0.695,0.631,0.556,0.939,0.24,0.74,0.237
320,Wolfsburg,Bundesliga,24/25,0.74,0.539,0.363,0.641,0.298,0.588,0.183
321,Atalanta,Serie A,24/25,0.908,0.86,0.826,0.718,0.786,0.931,0.695
322,Bologna,Serie A,24/25,0.595,0.573,0.736,0.389,0.817,0.256,0.985
323,Cagliari,Serie A,24/25,0.26,0.221,0.183,0.389,0.481,0.443,0.076
324,Como,Serie A,24/25,0.466,0.562,0.696,0.344,0.649,0.37,0.641
325,Empoli,Serie A,24/25,0.099,0.059,0.067,0.771,0.42,0.214,0.45
326,Fiorentina,Serie A,24/25,0.656,0.471,0.456,0.725,0.802,0.401,0.321
327,Genoa,Serie A,24/25,0.176,0.178,0.253,0.229,0.55,0.523,0.595
328,Hellas Verona,Serie A,24/25,0.115,0.043,0.063,0.504,0.244,0.34,0.267
329,Internazionale,Serie A,24/25,0.916,0.855,0.889,0.847,0.878,0.87,0.718
330,Juventus,Serie A,24/25,0.634,0.656,0.861,0.55,0.92,0.344,0.794
331,Lazio,Serie A,24/25,0.71,0.774,0.773,0.687,0.771,0.092,0.466
332,Lecce,Serie A,24/25,0.038,0.112,0.189,0.55,0.279,0.752,0.351
333,Milan,Serie A,24/25,0.71,0.761,0.73,0.985,0.76,0.622,0.221
334,Monza,Serie A,24/25,0.061,0.02,0.441,0.29,0.179,0.229,0.214
335,Napoli,Serie A,24/25,0.672,0.634,0.766,0.229,0.992,0.641,0.504
336,Parma,Serie A,24/25,0.389,0.333,0.29,0.802,0.405,0.317,0.099
337,Roma,Serie A,24/25,0.573,0.588,0.773,0.718,0.798,0.427,0.412
338,Torino,Serie A,24/25,0.229,0.229,0.432,0.13,0.534,0.153,0.374
339,Udinese,Serie A,24/25,0.267,0.295,0.438,0.305,0.527,0.588,0.382
340,Venezia,Serie A,24/25,0.084,0.163,0.151,0.55,0.309,0.053,0.366
341,Ajax,Eredivisie,24/25,0.885,0.845,0.892,0.031,0.87,0.878,0.282
342,Almere City,Eredivisie,24/25,0.008,0.303,0.237,0.252,0.088,0.324,0.336
343,AZ,Eredivisie,24/25,0.802,0.863,0.711,0.817,0.893,0.439,0.626
344,Feyenoord,Eredivisie,24/25,0.954,0.911,0.802,0.405,0.817,0.702,0.733
345,Fortuna Sittard,Eredivisie,24/25,0.305,0.3,0.166,0.122,0.24,0.443,0.489
346,Go Ahead Eagles,Eredivisie,24/25,0.748,0.728,0.595,0.366,0.176,0.405,0.176
347,Groningen,Eredivisie,24/25,0.405,0.303,0.4,0.092,0.374,0.729,0.359
348,Heerenveen,Eredivisie,24/25,0.427,0.517,0.696,0.061,0.187,0.439,0.893
349,Heracles,Eredivisie,24/25,0.443,0.356,0.269,0.122,0.073,0.466,0.481
350,NAC Breda,Eredivisie,24/25,0.214,0.361,0.22,0.458,0.137,0.752,0.26
351,NEC,Eredivisie,24/25,0.603,0.532,0.466,0.496,0.34,0.496,0.542
352,PEC Zwolle,Eredivisie,24/25,0.458,0.382,0.504,0.282,0.324,0.469,0.565
353,PSV,Eredivisie,24/25,1,0.997,0.95,0.366,0.859,0.924,0.962
354,RKC Waalwijk,Eredivisie,24/25,0.481,0.366,0.253,0.053,0.027,0.645,0
355,Sparta Rotterdam,Eredivisie,24/25,0.359,0.641,0.554,0.786,0.508,0.618,0.55
356,Twente,Eredivisie,24/25,0.832,0.791,0.666,0.26,0.546,0.634,0.702
357,Utrecht,Eredivisie,24/25,0.817,0.702,0.391,0.618,0.504,0.863,0.206
358,Willem II,Eredivisie,24/25,0.214,0.056,0.275,0.145,0.134,0.29,0.023
359,Arouca,Liga Portugal,24/25,0.214,0.333,0.427,0.58,0.557,0.103,0.763
360,AVS ,Liga Portugal,24/25,0.069,0.031,0.13,0.023,0.195,0.389,0.328
361,Benfica,Liga Portugal,24/25,0.931,0.931,0.795,0.229,0.897,0.947,0.824
362,Boavista,Liga Portugal,24/25,0.053,0.163,0.044,0.237,0.179,0.271,0.29
363,Casa Pia AC,Liga Portugal,24/25,0.359,0.079,0.173,0.16,0.45,0.29,0.634
364,Estoril,Liga Portugal,24/25,0.565,0.204,0.376,0.191,0.416,0.393,0.74
365,Estrela Amadora,Liga Portugal,24/25,0.053,0.036,0.07,0.58,0.42,0.408,0.809
366,Famalicão,Liga Portugal,24/25,0.489,0.374,0.319,0.45,0.744,0.733,0.748
367,Farense,Liga Portugal,24/25,0.031,0.122,0.064,0.191,0.569,0.328,0.863
368,Gil Vicente,Liga Portugal,24/25,0.214,0.125,0.435,0.015,0.71,0.775,0.664
369,Moreirense,Liga Portugal,24/25,0.42,0.178,0.232,0.473,0.538,0.233,0.588
370,Nacional,Liga Portugal,24/25,0.16,0.267,0.18,0.427,0.458,0.214,0.779
371,Porto,Liga Portugal,24/25,0.87,0.83,0.884,0.45,0.977,0.553,1
372,Rio Ave,Liga Portugal,24/25,0.359,0.198,0.238,0.122,0.168,0.511,0.649
373,Santa Clara,Liga Portugal,24/25,0.29,0.331,0.133,0.473,0.92,0.637,0.802
374,Sporting Braga,Liga Portugal,24/25,0.718,0.715,0.785,0.427,0.874,0.313,0.969
375,Sporting CP,Liga Portugal,24/25,0.969,0.969,0.908,0.924,0.989,0.763,0.931
376,Vitória Guimarães,Liga Portugal,24/25,0.542,0.56,0.681,0.137,0.87,0.492,0.954
377,Athletic Club,La Liga,24/25,0.534,0.481,0.479,0.267,0.969,0.324,0.611
378,Atlético Madrid,La Liga,24/25,0.794,0.695,0.748,0.656,0.935,0.786,0.137
379,Barcelona,La Liga,24/25,0.977,0.969,0.966,0.954,0.916,0.889,0.992
380,Celta de Vigo,La Liga,24/25,0.672,0.588,0.734,0.344,0.519,0.16,0.389
381,Deportivo Alavés,La Liga,24/25,0.214,0.293,0.142,0.389,0.74,0.344,0.771
382,Espanyol,La Liga,24/25,0.26,0.025,0.044,0.756,0.359,0.378,0.061
383,Getafe,La Liga,24/25,0.115,0.163,0.127,0.008,0.863,0.492,0.855
384,Girona,La Liga,24/25,0.389,0.377,0.84,0.344,0.363,0.141,0.496
385,Las Palmas,La Liga,24/25,0.26,0.252,0.472,0.412,0.237,0.34,0.557
386,Leganés,La Liga,24/25,0.229,0.053,0.122,0.244,0.347,0.023,0.344
387,Mallorca,La Liga,24/25,0.13,0.127,0.299,0,0.588,0.412,0.42
388,Osasuna,La Liga,24/25,0.45,0.361,0.27,0.626,0.374,0.733,0.511
389,Rayo Vallecano,La Liga,24/25,0.298,0.397,0.496,0.55,0.603,0.332,0.939
390,Real Betis,La Liga,24/25,0.595,0.69,0.653,0.824,0.656,0.336,0.725
391,Real Madrid,La Liga,24/25,0.908,0.947,0.931,1,0.87,0.84,0.58
392,Real Sociedad,La Liga,24/25,0.13,0.3,0.605,0.344,0.744,0.592,0.924
393,Real Valladolid,La Liga,24/25,0.023,0.025,0.189,0.229,0.05,0.321,0.046
394,Sevilla,La Liga,24/25,0.321,0.341,0.515,0.595,0.565,0.71,0.534
395,Valencia,La Liga,24/25,0.389,0.267,0.444,0.069,0.553,0.366,0.397
396,Villarreal,La Liga,24/25,0.84,0.776,0.51,0.969,0.492,0.695,0.244
397,Arsenal,Premier League,23/24,0.954,0.939,0.905,0.687,0.981,0.531,0.908
398,Aston Villa,Premier League,23/24,0.824,0.761,0.638,0.771,0.393,0.122,0.145
399,Bournemouth,Premier League,23/24,0.542,0.753,0.33,0.863,0.256,0.252,0.863
400,Brentford,Premier League,23/24,0.618,0.669,0.281,0.519,0.294,0.473,0.84
401,Brighton,Premier League,23/24,0.588,0.789,0.892,0.015,0.42,0.515,0.733
402,Chelsea,Premier League,23/24,0.832,0.837,0.852,0.885,0.305,0.405,0.74
403,Crystal Palace,Premier League,23/24,0.656,0.466,0.304,0.687,0.561,0.782,0.298
404,Everton,Premier League,23/24,0.206,0.511,0.198,0.534,0.527,0.794,0.305
405,Fulham,Premier League,23/24,0.588,0.606,0.594,0.916,0.302,0.615,0.198
406,Burnley,Premier League,23/24,0.229,0.321,0.427,0.153,0.08,0.221,0.321
407,Luton Town,Premier League,23/24,0.511,0.354,0.186,0.008,0.038,0.5,0.313
408,Liverpool,Premier League,23/24,0.901,0.975,0.913,0.985,0.79,0.561,0.977
409,Manchester City,Premier League,23/24,0.962,0.975,0.994,0.229,0.931,0.847,0.779
410,Manchester United,Premier League,23/24,0.656,0.761,0.635,0.977,0.294,0.347,0.557
411,Newcastle United,Premier League,23/24,0.893,0.87,0.629,0.626,0.275,0.496,0.756
412,Nottingham Forest,Premier League,23/24,0.458,0.392,0.217,0.908,0.355,0.611,0.015
413,Sheffield United,Premier League,23/24,0.099,0.069,0.014,0.473,0.004,0.153,0
414,Tottenham Hotspur,Premier League,23/24,0.794,0.87,0.889,0.84,0.466,0.324,0.969
415,West Ham United,Premier League,23/24,0.71,0.433,0.273,0.229,0.084,0.496,0.023
416,Wolverhampton,Premier League,23/24,0.466,0.433,0.528,0.809,0.21,0.431,0.603
417,Clermont,Ligue 1,23/24,0.023,0.15,0.51,0.389,0.137,0.324,0.382
418,Lorient,Ligue 1,23/24,0.443,0.298,0.524,0.244,0.111,0.504,0.046
419,Brest,Ligue 1,23/24,0.702,0.611,0.711,0.107,0.809,0.87,0.855
420,Le Havre,Ligue 1,23/24,0.176,0.191,0.365,0.641,0.496,0.294,0.176
421,Lens,Ligue 1,23/24,0.481,0.735,0.708,0.725,0.729,0.45,0.679
422,Lille,Ligue 1,23/24,0.679,0.677,0.776,0.504,0.844,0.427,0.641
423,Monaco,Ligue 1,23/24,0.824,0.88,0.731,0.901,0.615,0.473,0.939
424,Montpellier,Ligue 1,23/24,0.443,0.509,0.29,1,0.382,0.26,0.275
425,Nantes,Ligue 1,23/24,0.076,0.361,0.368,0.992,0.469,0.153,0.076
426,Nice,Ligue 1,23/24,0.344,0.628,0.748,0.244,0.927,0.718,0.595
427,Olympique Lyonnais,Ligue 1,23/24,0.565,0.728,0.728,0.557,0.34,0.378,0.443
428,Olympique Marseille,Ligue 1,23/24,0.679,0.7,0.722,0.855,0.756,0.576,0.649
429,PSG,Ligue 1,23/24,0.947,0.883,0.976,0.947,0.725,0.485,0.947
430,Reims,Ligue 1,23/24,0.412,0.43,0.58,0.664,0.63,0.481,0.656
431,Rennes,Ligue 1,23/24,0.702,0.74,0.719,0.832,0.546,0.275,0.527
432,Metz,Ligue 1,23/24,0.191,0.043,0.04,0.962,0.229,0.111,0.008
433,Strasbourg,Ligue 1,23/24,0.298,0.165,0.38,0.695,0.592,0.656,0.183
434,Toulouse,Ligue 1,23/24,0.412,0.443,0.511,0.832,0.595,0.58,0.504
435,Augsburg,Bundesliga,23/24,0.595,0.519,0.31,0.435,0.233,0.347,0.511
436,Bayer Leverkusen,Bundesliga,23/24,0.977,0.952,0.966,0.954,0.954,0.889,0.45
437,Bayern München,Bundesliga,23/24,0.969,0.962,0.973,0.702,0.744,0.954,0.611
438,Bochum,Bundesliga,23/24,0.389,0.56,0.258,0.527,0.076,0.66,0.916
439,Borussia Dortmund,Bundesliga,23/24,0.855,0.837,0.837,0.786,0.672,0.76,0.588
440,Borussia Mgladbach,Bundesliga,23/24,0.74,0.598,0.469,0.298,0.115,0.656,0.069
441,Darmstadt 98,Bundesliga,23/24,0.084,0.094,0.337,0.191,0.031,0.58,0.244
442,Eintracht Frankfurt,Bundesliga,23/24,0.656,0.514,0.626,0.855,0.538,0.653,0.29
443,Freiburg,Bundesliga,23/24,0.489,0.494,0.417,0.16,0.347,0.504,0.099
444,Heidenheim,Bundesliga,23/24,0.626,0.313,0.154,0.802,0.271,0.802,0.214
445,Hoffenheim,Bundesliga,23/24,0.786,0.674,0.562,0.664,0.092,0.592,0.252
446,Köln,Bundesliga,23/24,0.046,0.382,0.344,0.763,0.282,0.683,0.168
447,Mainz 05,Bundesliga,23/24,0.252,0.522,0.334,0.29,0.565,0.294,0.763
448,RB Leipzig,Bundesliga,23/24,0.916,0.858,0.765,0.969,0.828,0.828,0.618
449,Stuttgart,Bundesliga,23/24,0.931,0.896,0.915,0.557,0.794,0.618,0.55
450,Union Berlin,Bundesliga,23/24,0.137,0.298,0.264,0.901,0.324,0.576,0.153
451,Werder Bremen,Bundesliga,23/24,0.55,0.374,0.395,0.733,0.363,0.351,0.107
452,Wolfsburg,Bundesliga,23/24,0.374,0.453,0.481,0.206,0.431,0.515,0.26
453,Atalanta,Serie A,23/24,0.779,0.784,0.647,0.412,0.798,0.901,0.687
454,Bologna,Serie A,23/24,0.542,0.384,0.814,0.084,0.916,0.687,0.794
455,Cagliari,Serie A,23/24,0.267,0.28,0.119,0.626,0.401,0.431,0.092
456,Empoli,Serie A,23/24,0.015,0.107,0.156,0.183,0.382,0.076,0.458
457,Fiorentina,Serie A,23/24,0.733,0.641,0.794,0.038,0.744,0.71,0.878
458,Frosinone,Serie A,23/24,0.336,0.387,0.446,0.397,0.294,0.137,0.481
459,Genoa,Serie A,23/24,0.359,0.109,0.231,0.183,0.809,0.733,0.206
460,Hellas Verona,Serie A,23/24,0.176,0.214,0.153,0.229,0.595,0.855,0.695
461,Internazionale,Serie A,23/24,0.939,0.863,0.829,0.939,0.977,0.824,0.573
462,Juventus,Serie A,23/24,0.542,0.57,0.571,0.718,0.935,0.744,0.328
463,Lazio,Serie A,23/24,0.458,0.42,0.708,0.74,0.794,0.092,0.229
464,Lecce,Serie A,23/24,0.038,0.288,0.243,0.473,0.477,0.496,0.565
465,Milan,Serie A,23/24,0.824,0.781,0.798,0.718,0.622,0.817,0.725
466,Monza,Serie A,23/24,0.183,0.214,0.653,0.366,0.489,0.321,0.16
467,Napoli,Serie A,23/24,0.588,0.832,0.907,0.427,0.786,0.573,0.885
468,Roma,Serie A,23/24,0.756,0.496,0.707,0.443,0.691,0.496,0.374
469,Salernitana,Serie A,23/24,0.038,0.015,0.214,0.313,0.103,0.267,0.038
470,Sassuolo,Serie A,23/24,0.313,0.313,0.224,0.649,0.221,0.023,0.053
471,Torino,Serie A,23/24,0.115,0.132,0.629,0.061,0.878,0.447,0.634
472,Udinese,Serie A,23/24,0.145,0.168,0.073,0.794,0.607,0.573,0.115
473,Ajax,Eredivisie,23/24,0.878,0.911,0.899,0.275,0.294,0.958,0.702
474,Almere City,Eredivisie,23/24,0.137,0.254,0.192,0.137,0.176,0.408,0.87
475,AZ,Eredivisie,23/24,0.847,0.791,0.763,0.344,0.813,0.347,0.748
476,Feyenoord,Eredivisie,23/24,0.985,0.99,0.893,0.282,0.966,0.985,0.954
477,Fortuna Sittard,Eredivisie,23/24,0.244,0.557,0.212,0.389,0.389,0.905,0.412
478,Go Ahead Eagles,Eredivisie,23/24,0.519,0.779,0.337,0.145,0.45,0.206,0.221
479,Excelsior,Eredivisie,23/24,0.603,0.42,0.318,0.756,0.065,0.561,0.061
480,Heerenveen,Eredivisie,23/24,0.702,0.687,0.598,0.275,0.183,0.5,0.282
481,Heracles,Eredivisie,23/24,0.374,0.29,0.272,0.595,0.027,0.363,0.084
482,Vitesse,Eredivisie,23/24,0.076,0.473,0.466,0.641,0.031,0.481,0.519
483,NEC,Eredivisie,23/24,0.802,0.636,0.455,0.252,0.347,0.603,0.122
484,PEC Zwolle,Eredivisie,23/24,0.481,0.471,0.382,0.275,0.111,0.603,0.237
485,PSV,Eredivisie,23/24,1,1,0.931,0.87,0.985,0.992,0.962
486,RKC Waalwijk,Eredivisie,23/24,0.298,0.41,0.285,0.832,0.198,0.882,0.137
487,Sparta Rotterdam,Eredivisie,23/24,0.634,0.606,0.438,0.878,0.424,0.622,0.191
488,Twente,Eredivisie,23/24,0.84,0.817,0.708,0.389,0.821,0.462,0.817
489,Utrecht,Eredivisie,23/24,0.611,0.664,0.418,0.458,0.42,0.63,0.626
490,Volendam,Eredivisie,23/24,0.176,0.099,0.058,0.206,0.004,0.416,0.031
491,Arouca,Liga Portugal,23/24,0.718,0.476,0.609,0.45,0.519,0.248,0.786
492,Benfica,Liga Portugal,23/24,0.908,0.959,0.858,0.931,0.924,0.477,0.924
493,Boavista,Liga Portugal,23/24,0.328,0.094,0.267,0.344,0.206,0.214,0.405
494,Casa Pia AC,Liga Portugal,23/24,0.298,0.076,0.189,0.595,0.466,0.053,0.351
495,Chaves,Liga Portugal,23/24,0.092,0.046,0.115,0.069,0.099,0.321,0.435
496,Estoril,Liga Portugal,23/24,0.565,0.288,0.392,0.344,0.267,0.088,0.496
497,Estrela Amadora,Liga Portugal,23/24,0.137,0.158,0.215,0.557,0.454,0.401,0.542
498,Famalicão,Liga Portugal,23/24,0.244,0.193,0.333,0.023,0.58,0.66,0.672
499,Farense,Liga Portugal,23/24,0.504,0.3,0.047,0.603,0.286,0.103,0.389
500,Gil Vicente,Liga Portugal,23/24,0.412,0.196,0.395,0.137,0.462,0.34,0.366
501,Moreirense,Liga Portugal,23/24,0.221,0.056,0.282,0.595,0.844,0.282,0.534
502,Portimonense,Liga Portugal,23/24,0.328,0.107,0.15,0.748,0.13,0.263,0.427
503,Porto,Liga Portugal,23/24,0.771,0.875,0.838,0.344,0.969,0.592,1
504,Rio Ave,Liga Portugal,23/24,0.298,0.204,0.353,0.046,0.485,0.336,0.802
505,Sporting Braga,Liga Portugal,23/24,0.87,0.87,0.759,0.481,0.576,0.317,0.893
506,Sporting CP,Liga Portugal,23/24,0.992,0.936,0.846,0.924,0.958,0.691,0.901
507,Vitória Guimarães,Liga Portugal,23/24,0.679,0.499,0.353,0.595,0.817,0.534,0.824
508,Vizela,Liga Portugal,23/24,0.221,0.366,0.432,0.076,0.225,0.084,0.771
509,Athletic Club,La Liga,23/24,0.733,0.578,0.542,0.496,0.859,0.382,0.809
510,Atlético Madrid,La Liga,23/24,0.763,0.746,0.69,0.122,0.775,0.725,0.336
511,Barcelona,La Liga,23/24,0.863,0.883,0.937,0.412,0.813,0.798,0.992
512,Celta de Vigo,La Liga,23/24,0.382,0.422,0.392,0.565,0.485,0.351,0.267
513,Deportivo Alavés,La Liga,23/24,0.115,0.336,0.084,0.496,0.721,0.366,0.344
514,Granada,La Liga,23/24,0.176,0.183,0.185,0.366,0.115,0.481,0.466
515,Getafe,La Liga,23/24,0.267,0.303,0.192,0.099,0.469,0.244,0.847
516,Girona,La Liga,23/24,0.893,0.794,0.808,0.366,0.592,0.344,0.489
517,Las Palmas,La Liga,23/24,0.061,0.084,0.751,0,0.668,0.466,0.832
518,Almería,La Liga,23/24,0.313,0.318,0.284,0.779,0.153,0.279,0.473
519,Mallorca,La Liga,23/24,0.061,0.188,0.223,0.099,0.74,0.695,0.71
520,Osasuna,La Liga,23/24,0.359,0.239,0.435,0.183,0.565,0.569,0.664
521,Rayo Vallecano,La Liga,23/24,0.015,0.323,0.363,0.313,0.695,0.172,0.931
522,Real Betis,La Liga,23/24,0.427,0.555,0.605,0.626,0.695,0.435,0.397
523,Real Madrid,La Liga,23/24,0.924,0.908,0.936,0.687,0.966,0.824,0.58
524,Real Sociedad,La Liga,23/24,0.496,0.31,0.656,0.122,0.87,0.698,0.985
525,Cádiz,La Liga,23/24,0,0.036,0.13,0.038,0.481,0.309,0.718
526,Sevilla,La Liga,23/24,0.427,0.478,0.582,0.061,0.447,0.927,0.42
527,Valencia,La Liga,23/24,0.206,0.059,0.208,0.427,0.691,0.466,0.13
528,Villarreal,La Liga,23/24,0.756,0.583,0.54,0.519,0.198,0.584,0.359
